"Protein","Missing_Percent"
"A1BG",0
"A1CF",0
"A2M",0
"A2ML1",19.4630872483221
"A4GALT",95.9731543624161
"A4GNT",94.6308724832215
"AAAS",0
"AACS",0
"AADAC",8.7248322147651
"AAGAB",0
"AAK1",0
"AAMDC",0
"AAMP",0
"AAR2",0
"AARS1",0
"AARS2",0
"AARSD1",41.6107382550336
"AASDHPPT",0
"AASS",0
"AATF",8.05369127516778
"AATK",75.1677852348993
"ABAT",0
"ABCA1",23.489932885906
"ABCA2",81.8791946308725
"ABCA6",14.7651006711409
"ABCA8",0
"ABCA9",83.2214765100671
"ABCB1",4.02684563758389
"ABCB10",0
"ABCB6",0
"ABCB7",0
"ABCB8",2.01342281879195
"ABCC1",0
"ABCC10",42.2818791946309
"ABCC11",78.5234899328859
"ABCC2",73.8255033557047
"ABCC3",0
"ABCC4",5.36912751677852
"ABCC5",95.9731543624161
"ABCC8",84.5637583892617
"ABCC9",83.2214765100671
"ABCD1",0
"ABCD3",0
"ABCD4",48.3221476510067
"ABCE1",0
"ABCF1",0
"ABCF3",0
"ABCG1",26.1744966442953
"ABCG2",69.7986577181208
"ABHD10",0
"ABHD11",0
"ABHD12",0
"ABHD13",51.006711409396
"ABHD14B",0
"ABHD16A",0
"ABHD17A",83.8926174496644
"ABHD17B",38.255033557047
"ABHD17C",3.35570469798658
"ABHD18",91.9463087248322
"ABHD2",29.5302013422819
"ABHD3",56.3758389261745
"ABHD4",34.2281879194631
"ABHD5",41.6107382550336
"ABHD6",0
"ABI1",0
"ABI2",0
"ABI3",0
"ABI3BP",0
"ABITRAM",26.8456375838926
"ABL1",0
"ABL2",0
"ABLIM1",0
"ABLIM2",0
"ABLIM3",11.4093959731544
"ABO",63.0872483221477
"ABR",0
"ABRACL",1.34228187919463
"ABRAXAS1",0
"ABRAXAS2",0
"ABT1",13.4228187919463
"ABTB1",61.744966442953
"ABTB2",31.5436241610738
"AC007906.2",93.9597315436242
"AC011005.1",85.2348993288591
"AC011195.3",95.9731543624161
"AC073111.4",52.3489932885906
"AC099489.1",62.4161073825503
"AC118549.1",44.2953020134228
"ACAA1",0
"ACAA2",0
"ACACA",0
"ACACB",10.0671140939597
"ACAD10",0
"ACAD11",7.38255033557047
"ACAD8",0
"ACAD9",0
"ACADL",0
"ACADM",0
"ACADS",0
"ACADSB",0
"ACADVL",0
"ACAN",8.7248322147651
"ACAP1",0
"ACAP2",0
"ACAP3",18.1208053691275
"ACAT1",0
"ACAT2",0
"ACBD3",0
"ACBD4",69.1275167785235
"ACBD5",0
"ACBD6",0
"ACBD7",71.8120805369127
"ACD",75.1677852348993
"ACE",0
"ACE2",34.8993288590604
"ACHE",95.9731543624161
"ACIN1",0
"ACKR1",89.261744966443
"ACLY",0
"ACO1",0
"ACO2",0
"ACOT11",0
"ACOT13",0
"ACOT4",79.1946308724832
"ACOT6",71.1409395973154
"ACOT7",0
"ACOT8",0
"ACOT9",0
"ACOX1",0
"ACOX2",13.4228187919463
"ACOX3",0
"ACP1",0
"ACP2",0
"ACP3",13.4228187919463
"ACP5",0
"ACP6",0
"ACSF2",0
"ACSF3",0
"ACSL1",0
"ACSL3",0
"ACSL4",0
"ACSL5",0
"ACSM3",0
"ACSM5",90.6040268456376
"ACSM6",62.4161073825503
"ACSS1",0
"ACSS2",0
"ACSS3",0
"ACTA1",0
"ACTA2",55.7046979865772
"ACTB",0
"ACTBL2",0
"ACTG1",0
"ACTG2",69.1275167785235
"ACTL6A",0
"ACTL6B",95.9731543624161
"ACTL8",89.9328859060403
"ACTN1",0
"ACTN2",34.2281879194631
"ACTN3",4.02684563758389
"ACTN4",0
"ACTR10",0
"ACTR1A",0
"ACTR1B",0
"ACTR2",0
"ACTR3",0
"ACTR3B",0
"ACTR5",0
"ACTR6",24.8322147651007
"ACTR8",3.35570469798658
"ACTRT1",18.7919463087248
"ACVR1",19.4630872483221
"ACVR2A",46.9798657718121
"ACVRL1",70.4697986577181
"ACY1",0.671140939597315
"ACY3",3.35570469798658
"ACYP1",0
"ACYP2",3.35570469798658
"ADA",0
"ADA2",0
"ADAL",5.36912751677852
"ADAM10",0
"ADAM12",74.496644295302
"ADAM15",14.7651006711409
"ADAM17",0
"ADAM19",18.1208053691275
"ADAM22",24.8322147651007
"ADAM28",12.0805369127517
"ADAM8",27.5167785234899
"ADAM9",0
"ADAMDEC1",38.9261744966443
"ADAMTS1",66.4429530201342
"ADAMTS12",0
"ADAMTS13",79.1946308724832
"ADAMTS16",85.9060402684564
"ADAMTS2",4.69798657718121
"ADAMTS4",0
"ADAMTS5",35.5704697986577
"ADAMTS7",2.01342281879195
"ADAMTS8",93.9597315436242
"ADAMTSL1",13.4228187919463
"ADAMTSL2",0
"ADAMTSL3",0
"ADAMTSL4",0
"ADAMTSL5",26.8456375838926
"ADAP1",0
"ADAP2",10.738255033557
"ADAR",0
"ADARB1",0
"ADAT1",27.5167785234899
"ADAT2",52.3489932885906
"ADAT3",36.241610738255
"ADCK1",18.1208053691275
"ADCK2",73.8255033557047
"ADCK5",68.4563758389262
"ADCY5",85.2348993288591
"ADCY6",48.993288590604
"ADCY7",84.5637583892617
"ADCY9",28.8590604026846
"ADCYAP1",38.255033557047
"ADD1",0
"ADD2",0
"ADD3",0
"ADGRA2",4.69798657718121
"ADGRA3",77.8523489932886
"ADGRB3",95.9731543624161
"ADGRD1",95.9731543624161
"ADGRE2",16.7785234899329
"ADGRE3",88.5906040268456
"ADGRE5",0
"ADGRF1",66.4429530201342
"ADGRF5",26.8456375838926
"ADGRG1",0
"ADGRG2",55.7046979865772
"ADGRG3",71.1409395973154
"ADGRG5",95.9731543624161
"ADGRG6",9.39597315436242
"ADGRG7",82.5503355704698
"ADGRL2",6.04026845637584
"ADGRL3",62.4161073825503
"ADGRL4",51.6778523489933
"ADGRV1",92.6174496644295
"ADH1A",22.1476510067114
"ADH1B",0
"ADH1C",0
"ADH4",6.71140939597315
"ADH5",0
"ADH6",6.71140939597315
"ADH7",10.0671140939597
"ADHFE1",73.8255033557047
"ADI1",0
"ADIPOQ",0
"ADIPOR1",77.8523489932886
"ADIPOR2",92.6174496644295
"ADIRF",0
"ADK",0
"ADM",91.9463087248322
"ADNP",0
"ADNP2",32.8859060402685
"ADO",0
"ADPGK",0
"ADPRH",0
"ADPRS",0
"ADRA2A",16.7785234899329
"ADRM1",0
"ADSL",0
"ADSS1",0
"ADSS2",0
"AEBP1",0
"AEBP2",87.248322147651
"AFAP1",0
"AFAP1L1",70.4697986577181
"AFAP1L2",0
"AFDN",0
"AFF1",4.69798657718121
"AFF4",0
"AFG1L",5.36912751677852
"AFG3L2",0
"AFM",0
"AFMID",6.04026845637584
"AFTPH",0
"AGA",4.02684563758389
"AGAP1",0
"AGAP2",21.4765100671141
"AGAP3",0
"AGFG1",0
"AGFG2",0
"AGGF1",73.1543624161074
"AGK",0
"AGL",0
"AGMAT",0
"AGO1",0
"AGO2",0
"AGO3",0
"AGO4",76.510067114094
"AGPAT1",0
"AGPAT2",0
"AGPAT3",0
"AGPAT4",51.006711409396
"AGPAT5",0
"AGPS",0
"AGR2",0
"AGR3",0
"AGRN",0
"AGT",0
"AGTPBP1",4.02684563758389
"AGTRAP",9.39597315436242
"AHCTF1",0
"AHCY",0
"AHCYL1",0
"AHCYL2",0
"AHDC1",7.38255033557047
"AHI1",88.5906040268456
"AHNAK",0
"AHNAK2",0
"AHSA1",0
"AHSG",0
"AHSP",0
"AIDA",0
"AIF1",0
"AIF1L",0
"AIFM1",0
"AIFM2",0
"AIG1",33.5570469798658
"AIMP1",0
"AIMP2",0
"AIP",0
"AJUBA",53.0201342281879
"AK1",0
"AK2",0
"AK3",0
"AK4",0
"AK5",75.1677852348993
"AK6",6.04026845637584
"AKAP1",0
"AKAP10",0
"AKAP11",0
"AKAP12",0
"AKAP13",0
"AKAP17A",0
"AKAP5",72.4832214765101
"AKAP7",0
"AKAP8",0
"AKAP8L",0
"AKAP9",0
"AKIP1",95.9731543624161
"AKNA",23.489932885906
"AKR1A1",0
"AKR1B1",0
"AKR1B10",0
"AKR1C2",20.1342281879195
"AKR1C3",0
"AKR1C4",72.4832214765101
"AKR7A2",0
"AKR7A3",0
"AKT1",0
"AKT1S1",0
"AKT2",0
"AKT3",0
"AKTIP",0
"AL022312.1",55.7046979865772
"AL034430.2",2.01342281879195
"ALAD",0
"ALAS1",38.9261744966443
"ALB",9.39597315436242
"ALCAM",0
"ALDH16A1",0
"ALDH18A1",0
"ALDH1A1",0
"ALDH1A2",7.38255033557047
"ALDH1B1",0
"ALDH1L1",0
"ALDH1L2",0
"ALDH2",0
"ALDH3A1",0
"ALDH3A2",0
"ALDH3B1",0
"ALDH4A1",0
"ALDH5A1",0
"ALDH6A1",0
"ALDH7A1",0
"ALDH9A1",0
"ALDOA",64.4295302013423
"ALDOB",0
"ALDOC",0
"ALG1",0
"ALG11",0
"ALG12",0
"ALG13",0
"ALG14",26.8456375838926
"ALG2",0
"ALG3",37.5838926174497
"ALG5",0
"ALG6",3.35570469798658
"ALG8",25.503355704698
"ALKBH1",47.6510067114094
"ALKBH2",85.2348993288591
"ALKBH3",29.5302013422819
"ALKBH4",12.0805369127517
"ALKBH5",0
"ALKBH6",89.261744966443
"ALKBH7",53.0201342281879
"ALKBH8",9.39597315436242
"ALMS1",13.4228187919463
"ALOX15",13.4228187919463
"ALOX15B",17.4496644295302
"ALOX5",0
"ALOX5AP",0
"ALPG",73.8255033557047
"ALPI",59.0604026845638
"ALPK1",52.3489932885906
"ALPK2",88.5906040268456
"ALPK3",51.006711409396
"ALPL",0
"ALPP",81.8791946308725
"ALS2",12.751677852349
"ALS2CL",57.7181208053691
"ALYREF",0
"AMACR",12.0805369127517
"AMBP",0
"AMBRA1",30.8724832214765
"AMDHD2",0
"AMER1",67.7852348993289
"AMFR",53.0201342281879
"AMIGO2",78.5234899328859
"AMOT",55.7046979865772
"AMOTL1",6.04026845637584
"AMOTL2",48.3221476510067
"AMPD1",91.9463087248322
"AMPD2",0
"AMPD3",0
"AMPH",4.02684563758389
"AMT",0
"AMY2A",0
"AMY2B",2.68456375838926
"AMZ2",37.5838926174497
"ANAPC1",0
"ANAPC10",0
"ANAPC11",79.8657718120805
"ANAPC13",42.9530201342282
"ANAPC15",81.2080536912752
"ANAPC16",8.05369127516778
"ANAPC2",9.39597315436242
"ANAPC4",0
"ANAPC5",0
"ANAPC7",0
"ANG",0
"ANGEL1",57.0469798657718
"ANGEL2",19.4630872483221
"ANGPT1",96.6442953020134
"ANGPT2",59.0604026845638
"ANGPTL1",56.3758389261745
"ANGPTL2",0
"ANGPTL3",83.8926174496644
"ANGPTL4",12.0805369127517
"ANGPTL6",92.6174496644295
"ANK1",0
"ANK2",0
"ANK3",0
"ANKEF1",88.5906040268456
"ANKFY1",0
"ANKH",77.1812080536913
"ANKHD1",61.744966442953
"ANKHD1.EIF4EBP3",6.04026845637584
"ANKIB1",0
"ANKLE2",0
"ANKMY2",0
"ANKRD10",19.4630872483221
"ANKRD11",20.8053691275168
"ANKRD12",21.4765100671141
"ANKRD13A",0
"ANKRD13C",85.2348993288591
"ANKRD13D",10.738255033557
"ANKRD16",38.255033557047
"ANKRD17",0
"ANKRD2",83.8926174496644
"ANKRD22",0
"ANKRD26",32.2147651006711
"ANKRD27",0
"ANKRD28",0
"ANKRD29",93.9597315436242
"ANKRD35",16.1073825503356
"ANKRD36",96.6442953020134
"ANKRD39",84.5637583892617
"ANKRD40",63.0872483221477
"ANKRD44",0
"ANKRD46",63.0872483221477
"ANKRD49",38.9261744966443
"ANKRD50",4.69798657718121
"ANKRD52",12.0805369127517
"ANKRD54",8.7248322147651
"ANKS1A",0
"ANKS3",62.4161073825503
"ANKS4B",30.8724832214765
"ANKS6",29.5302013422819
"ANKZF1",0
"ANLN",11.4093959731544
"ANO1",0
"ANO10",0
"ANO6",0
"ANO8",75.1677852348993
"ANO9",55.0335570469799
"ANOS1",22.8187919463087
"ANP32A",0
"ANP32B",0
"ANP32E",0
"ANPEP",0
"ANTKMT",94.6308724832215
"ANTXR1",0
"ANTXR2",0
"ANXA1",0
"ANXA10",0
"ANXA11",0
"ANXA2",0
"ANXA3",0
"ANXA4",0
"ANXA5",96.6442953020134
"ANXA6",0
"ANXA7",0
"ANXA8",7.38255033557047
"ANXA8L1",4.69798657718121
"ANXA9",0
"AOAH",12.0805369127517
"AOC1",0
"AOC3",0
"AOX1",0
"AP1AR",69.1275167785235
"AP1B1",0
"AP1G1",0
"AP1G2",0
"AP1M1",0
"AP1M2",0
"AP1S1",0
"AP1S2",0
"AP1S3",5.36912751677852
"AP2A1",0
"AP2A2",0
"AP2B1",0
"AP2M1",0
"AP2S1",0
"AP3B1",0
"AP3B2",48.3221476510067
"AP3D1",0
"AP3M1",0
"AP3M2",0
"AP3S1",0
"AP3S2",88.5906040268456
"AP4B1",36.241610738255
"AP4E1",0
"AP4M1",16.7785234899329
"AP4S1",4.02684563758389
"AP5B1",3.35570469798658
"AP5M1",3.35570469798658
"AP5S1",26.8456375838926
"AP5Z1",0
"APAF1",0
"APBA1",36.9127516778523
"APBA3",19.4630872483221
"APBB1",10.0671140939597
"APBB1IP",0
"APBB2",0
"APC",0
"APC2",19.4630872483221
"APCDD1",96.6442953020134
"APCS",0
"APEH",0
"APEX1",0
"APEX2",97.9865771812081
"API5",0
"APIP",0
"APLF",9.39597315436242
"APLP1",71.1409395973154
"APLP2",0
"APMAP",0
"APOA1",0
"APOA2",0
"APOA4",0
"APOA5",65.1006711409396
"APOB",0
"APOBEC2",0
"APOBEC3A",77.8523489932886
"APOBEC3B",89.261744966443
"APOBEC3C",0
"APOBEC3F",10.738255033557
"APOBEC3G",5.36912751677852
"APOBR",0
"APOC1",0
"APOC3",0
"APOC4",5.36912751677852
"APOD",0
"APOE",0
"APOF",0
"APOH",0
"APOL1",0
"APOL2",0
"APOL3",0
"APOL4",96.6442953020134
"APOL6",72.4832214765101
"APOM",0
"APOO",0
"APOOL",0
"APP",0
"APPBP2",68.4563758389262
"APPL1",0
"APPL2",0
"APRT",0
"APTX",0
"AQP5",35.5704697986577
"AQP8",1.34228187919463
"AQR",0
"ARAF",0
"ARAP1",0
"ARAP2",46.9798657718121
"ARAP3",7.38255033557047
"ARCN1",0
"AREG",90.6040268456376
"AREL1",96.6442953020134
"ARF1",6.04026845637584
"ARF4",0
"ARF5",0
"ARF6",0
"ARFGAP1",0
"ARFGAP2",0
"ARFGAP3",0
"ARFGEF1",0
"ARFGEF2",0
"ARFGEF3",0
"ARFIP1",0
"ARFIP2",0
"ARFRP1",0
"ARG1",0
"ARG2",87.9194630872483
"ARGLU1",0
"ARHGAP1",0
"ARHGAP10",0
"ARHGAP12",0
"ARHGAP15",0
"ARHGAP17",0
"ARHGAP18",0
"ARHGAP21",0
"ARHGAP22",24.8322147651007
"ARHGAP23",54.3624161073826
"ARHGAP24",5.36912751677852
"ARHGAP25",0
"ARHGAP26",0
"ARHGAP27",0
"ARHGAP28",84.5637583892617
"ARHGAP29",14.0939597315436
"ARHGAP30",0
"ARHGAP31",0
"ARHGAP32",0
"ARHGAP35",0
"ARHGAP39",53.0201342281879
"ARHGAP4",0
"ARHGAP42",10.738255033557
"ARHGAP44",34.8993288590604
"ARHGAP45",0
"ARHGAP5",0
"ARHGAP6",10.0671140939597
"ARHGAP9",0
"ARHGDIA",0
"ARHGDIB",0
"ARHGEF1",0
"ARHGEF10",0
"ARHGEF10L",0
"ARHGEF11",0
"ARHGEF12",0
"ARHGEF15",62.4161073825503
"ARHGEF16",0
"ARHGEF17",0
"ARHGEF18",4.02684563758389
"ARHGEF2",0
"ARHGEF25",45.6375838926174
"ARHGEF26",69.1275167785235
"ARHGEF28",0
"ARHGEF3",50.3355704697987
"ARHGEF37",0
"ARHGEF38",87.248322147651
"ARHGEF4",47.6510067114094
"ARHGEF40",0
"ARHGEF5",0
"ARHGEF6",0
"ARHGEF7",0
"ARID1A",0
"ARID1B",0
"ARID2",0
"ARID3A",15.4362416107383
"ARID3B",86.5771812080537
"ARID4A",0
"ARID4B",0
"ARID5B",23.489932885906
"ARIH1",0
"ARIH2",0
"ARL1",0
"ARL11",86.5771812080537
"ARL13B",85.2348993288591
"ARL14EP",12.0805369127517
"ARL15",0
"ARL2",0
"ARL2BP",0
"ARL3",0
"ARL4C",8.7248322147651
"ARL5A",69.7986577181208
"ARL5B",14.7651006711409
"ARL6",0
"ARL6IP4",0
"ARL6IP5",0
"ARL6IP6",18.1208053691275
"ARL8A",0
"ARL8B",0
"ARMC1",0
"ARMC10",0
"ARMC5",6.04026845637584
"ARMC6",0
"ARMC7",91.2751677852349
"ARMC8",0
"ARMC9",0
"ARMCX1",0
"ARMCX2",0
"ARMCX3",0
"ARMCX4",55.0335570469799
"ARMCX5",70.4697986577181
"ARMCX6",38.9261744966443
"ARMH3",0
"ARMT1",0
"ARNT",8.05369127516778
"ARNTL",62.4161073825503
"ARPC1A",0
"ARPC1B",0
"ARPC2",0
"ARPC3",0
"ARPC4",3.35570469798658
"ARPC5",0
"ARPC5L",0
"ARPIN",36.9127516778523
"ARPP19",0
"ARRB1",0
"ARRB2",0
"ARRDC1",0
"ARRDC2",45.6375838926174
"ARSA",0
"ARSB",0
"ARSD",0
"ARSJ",77.8523489932886
"ARSK",84.5637583892617
"ARSL",4.02684563758389
"ART4",44.2953020134228
"ARV1",56.3758389261745
"ARVCF",10.738255033557
"ARX",69.7986577181208
"AS3MT",0
"ASAH1",0
"ASAH2",79.8657718120805
"ASAP1",0
"ASAP2",0
"ASAP3",0
"ASB1",46.3087248322148
"ASB13",95.9731543624161
"ASB3",85.9060402684564
"ASB6",60.4026845637584
"ASB7",89.261744966443
"ASB8",95.9731543624161
"ASB9",4.02684563758389
"ASCC1",0
"ASCC2",0
"ASCC3",0
"ASDURF",58.3892617449664
"ASF1A",9.39597315436242
"ASF1B",75.1677852348993
"ASGR2",82.5503355704698
"ASH1L",56.3758389261745
"ASH2L",0
"ASL",0
"ASMTL",0
"ASNS",0
"ASPA",0
"ASPH",0
"ASPHD1",87.9194630872483
"ASPHD2",92.6174496644295
"ASPM",93.9597315436242
"ASPN",0
"ASPSCR1",0
"ASRGL1",0
"ASS1",0
"ASTE1",54.3624161073826
"ASXL1",86.5771812080537
"ASXL2",6.71140939597315
"ATAD1",0
"ATAD2",8.05369127516778
"ATAD2B",33.5570469798658
"ATAD3A",0
"ATAD3B",8.7248322147651
"ATAD5",72.4832214765101
"ATAT1",7.38255033557047
"ATE1",0
"ATF1",20.8053691275168
"ATF2",0
"ATF3",81.8791946308725
"ATF6",54.3624161073826
"ATF6B",93.2885906040269
"ATF7",40.9395973154362
"ATF7IP",0
"ATG10",93.2885906040269
"ATG101",21.4765100671141
"ATG12",0
"ATG13",3.35570469798658
"ATG14",24.8322147651007
"ATG16L1",0
"ATG2A",8.05369127516778
"ATG2B",0
"ATG3",0
"ATG4A",6.04026845637584
"ATG4B",0
"ATG4C",4.69798657718121
"ATG5",0
"ATG7",0
"ATG9A",5.36912751677852
"ATIC",0
"ATL1",0
"ATL2",0
"ATL3",0
"ATM",0
"ATN1",0
"ATOX1",0
"ATP10B",85.9060402684564
"ATP11A",0
"ATP11B",0
"ATP11C",0
"ATP12A",44.2953020134228
"ATP13A1",0
"ATP13A2",34.2281879194631
"ATP13A3",9.39597315436242
"ATP13A4",89.9328859060403
"ATP1A1",0
"ATP1A2",0
"ATP1A3",16.7785234899329
"ATP1B1",0
"ATP1B2",93.9597315436242
"ATP1B3",0
"ATP2A2",0
"ATP2A3",0
"ATP2B1",0
"ATP2B3",91.9463087248322
"ATP2B4",0
"ATP2C1",0
"ATP4A",82.5503355704698
"ATP5F1A",0
"ATP5F1B",0
"ATP5F1C",0
"ATP5F1D",0.671140939597315
"ATP5F1E",0
"ATP5IF1",0
"ATP5MD",0
"ATP5ME",0
"ATP5MF",55.7046979865772
"ATP5MG",4.02684563758389
"ATP5MPL",0
"ATP5PB",0
"ATP5PD",0
"ATP5PF",0
"ATP5PO",0
"ATP6AP1",0
"ATP6AP2",0
"ATP6V0A1",0
"ATP6V0A2",5.36912751677852
"ATP6V0C",91.2751677852349
"ATP6V0D1",0
"ATP6V0D2",92.6174496644295
"ATP6V1A",0
"ATP6V1B1",12.751677852349
"ATP6V1B2",0
"ATP6V1C1",0
"ATP6V1D",0
"ATP6V1E1",0
"ATP6V1F",0
"ATP6V1G1",0
"ATP6V1G2",22.1476510067114
"ATP6V1H",0
"ATP7A",0
"ATP7B",28.8590604026846
"ATP8A1",0
"ATP8B1",5.36912751677852
"ATP8B2",96.6442953020134
"ATP9A",0
"ATP9B",16.1073825503356
"ATPAF1",0
"ATPAF2",0
"ATR",12.751677852349
"ATRAID",30.8724832214765
"ATRIP",7.38255033557047
"ATRN",0
"ATRNL1",85.9060402684564
"ATRX",0
"ATXN1",0
"ATXN10",0
"ATXN1L",3.35570469798658
"ATXN2",0
"ATXN2L",0
"ATXN3",0
"ATXN7",58.3892617449664
"ATXN7L3",41.6107382550336
"ATXN7L3B",0
"AUH",0
"AUP1",0
"AURKA",73.8255033557047
"AURKAIP1",55.0335570469799
"AURKB",57.7181208053691
"AUTS2",37.5838926174497
"AVEN",0
"AVIL",16.1073825503356
"AVL9",0
"AXIN1",85.2348993288591
"AXL",15.4362416107383
"AZGP1",0
"AZI2",8.7248322147651
"AZU1",0
"B3GALNT1",77.1812080536913
"B3GALNT2",71.8120805369127
"B3GALT5",9.39597315436242
"B3GALT6",36.241610738255
"B3GAT3",3.35570469798658
"B3GLCT",0
"B3GNT2",18.1208053691275
"B3GNT3",36.9127516778523
"B3GNT7",7.38255033557047
"B3GNT8",81.8791946308725
"B3GNT9",76.510067114094
"B3GNTL1",60.4026845637584
"B4GALNT3",89.9328859060403
"B4GALT1",0
"B4GALT3",53.0201342281879
"B4GALT4",0
"B4GALT5",68.4563758389262
"B4GALT7",41.6107382550336
"B4GAT1",3.35570469798658
"B9D1",45.6375838926174
"B9D2",69.1275167785235
"BAAT",89.9328859060403
"BABAM1",0
"BABAM2",0
"BACE1",60.4026845637584
"BACE2",62.4161073825503
"BACH1",0
"BAD",0
"BAG1",0
"BAG2",0
"BAG3",0
"BAG4",13.4228187919463
"BAG5",0
"BAG6",0
"BAHD1",76.510067114094
"BAIAP2",0
"BAIAP2L1",0
"BAIAP2L2",51.006711409396
"BAK1",10.0671140939597
"BANF1",0
"BANF2",32.8859060402685
"BANK1",29.5302013422819
"BANP",4.02684563758389
"BAP1",28.1879194630872
"BARD1",71.8120805369127
"BASP1",0
"BAX",0
"BAZ1A",0
"BAZ1B",0
"BAZ2A",15.4362416107383
"BAZ2B",0
"BBIP1",57.7181208053691
"BBOX1",86.5771812080537
"BBS1",92.6174496644295
"BBS2",7.38255033557047
"BBS4",26.1744966442953
"BBS7",8.7248322147651
"BBS9",16.1073825503356
"BBX",0
"BCAM",0
"BCAP31",0
"BCAR1",0
"BCAR3",12.0805369127517
"BCAS1",0
"BCAS2",0
"BCAS3",0
"BCAT1",0
"BCAT2",0
"BCCIP",0
"BCDIN3D",63.758389261745
"BCHE",0
"BCKDHB",0
"BCKDK",0
"BCL10",0
"BCL11A",88.5906040268456
"BCL11B",40.9395973154362
"BCL2",94.6308724832215
"BCL2L1",8.05369127516778
"BCL2L11",85.2348993288591
"BCL2L12",96.6442953020134
"BCL2L13",0
"BCL2L14",2.01342281879195
"BCL2L15",0
"BCL3",33.5570469798658
"BCL6",48.993288590604
"BCL7A",12.751677852349
"BCL7B",0
"BCL7C",0
"BCL9",16.1073825503356
"BCL9L",0
"BCLAF1",0
"BCLAF3",20.8053691275168
"BCO1",63.0872483221477
"BCOR",18.1208053691275
"BCORL1",50.3355704697987
"BCR",0
"BCS1L",0
"BDH1",0
"BDH2",0
"BDP1",86.5771812080537
"BECN1",0
"BEGAIN",85.9060402684564
"BEND3",34.2281879194631
"BEND7",82.5503355704698
"BET1",0
"BET1L",0
"BFAR",79.1946308724832
"BGN",0
"BHLHA15",9.39597315436242
"BHLHE40",53.0201342281879
"BHLHE41",86.5771812080537
"BHMT",93.2885906040269
"BHMT2",89.9328859060403
"BICC1",0
"BICD1",10.738255033557
"BICD2",0
"BICDL2",18.7919463087248
"BICRA",43.6241610738255
"BICRAL",36.9127516778523
"BIN1",0
"BIN2",0
"BIN3",0
"BIRC2",0
"BIRC3",89.261744966443
"BIRC5",84.5637583892617
"BIRC6",0
"BLK",96.6442953020134
"BLM",79.1946308724832
"BLMH",0
"BLNK",0
"BLOC1S1",4.02684563758389
"BLOC1S2",0
"BLOC1S3",0
"BLOC1S4",0
"BLOC1S5",13.4228187919463
"BLOC1S6",13.4228187919463
"BLVRA",0
"BLVRB",0
"BLZF1",34.8993288590604
"BMERB1",71.1409395973154
"BMF",48.3221476510067
"BMP1",2.01342281879195
"BMP2",95.9731543624161
"BMP2K",0
"BMP4",95.3020134228188
"BMPR2",73.8255033557047
"BMS1",0
"BMT2",86.5771812080537
"BMX",55.7046979865772
"BNC2",42.2818791946309
"BNIP1",0
"BNIP2",5.36912751677852
"BNIP3",24.8322147651007
"BNIP3L",67.1140939597315
"BNIP5",67.1140939597315
"BOD1",8.05369127516778
"BOD1L1",0
"BOK",0
"BOLA1",32.8859060402685
"BOLA3",8.7248322147651
"BOP1",0
"BORCS5",0
"BORCS6",0
"BORCS8",7.38255033557047
"BPGM",0
"BPHL",0
"BPI",0
"BPIFA1",95.9731543624161
"BPIFB1",4.69798657718121
"BPNT1",0
"BPTF",0
"BRAF",0
"BRAP",0
"BRAT1",0
"BRCA1",73.8255033557047
"BRCA2",59.7315436241611
"BRCC3",0
"BRD1",16.1073825503356
"BRD2",0
"BRD3",0
"BRD4",0
"BRD7",3.35570469798658
"BRD8",0
"BRD9",4.69798657718121
"BRF1",0
"BRI3BP",0
"BRIX1",0
"BRK1",0
"BRMS1",4.69798657718121
"BRMS1L",0
"BROX",0
"BRPF1",0
"BRPF3",79.1946308724832
"BRSK2",24.1610738255034
"BRWD1",28.1879194630872
"BRWD3",68.4563758389262
"BSCL2",57.0469798657718
"BSDC1",0
"BSG",0
"BSN",74.496644295302
"BSPRY",0
"BST1",0
"BST2",0
"BTAF1",0
"BTBD1",20.8053691275168
"BTBD10",91.9463087248322
"BTBD11",61.0738255033557
"BTBD2",45.6375838926174
"BTBD3",95.3020134228188
"BTBD8",14.7651006711409
"BTBD9",81.8791946308725
"BTD",0
"BTF3",0
"BTF3L4",0
"BTK",0
"BTN2A1",67.7852348993289
"BTN3A1",81.8791946308725
"BTN3A3",3.35570469798658
"BUB1",93.2885906040269
"BUB1B",79.8657718120805
"BUB3",0
"BUD13",3.35570469798658
"BUD23",13.4228187919463
"BUD31",0
"BYSL",0
"BZW1",0
"BZW2",0
"C10orf88",58.3892617449664
"C11orf52",6.04026845637584
"C11orf53",95.9731543624161
"C11orf54",0
"C11orf58",0
"C11orf68",0
"C11orf95",43.6241610738255
"C11orf96",0
"C11orf98",3.35570469798658
"C12orf10",0
"C12orf29",0
"C12orf4",0
"C12orf43",28.8590604026846
"C12orf45",4.02684563758389
"C12orf49",95.3020134228188
"C12orf57",0
"C12orf65",84.5637583892617
"C12orf66",48.3221476510067
"C12orf73",63.0872483221477
"C12orf75",28.1879194630872
"C14orf119",18.1208053691275
"C14orf93",85.9060402684564
"C15orf39",50.3355704697987
"C15orf40",8.05369127516778
"C15orf41",90.6040268456376
"C15orf48",0
"C16orf58",0
"C16orf70",0
"C16orf72",81.2080536912752
"C16orf74",97.9865771812081
"C16orf86",68.4563758389262
"C16orf89",97.9865771812081
"C17orf100",73.8255033557047
"C17orf49",61.744966442953
"C17orf75",0
"C17orf80",42.2818791946309
"C17orf97",3.35570469798658
"C18orf21",0
"C18orf25",6.04026845637584
"C18orf32",0
"C19orf12",10.0671140939597
"C19orf25",0
"C19orf33",0
"C19orf38",89.9328859060403
"C19orf47",16.7785234899329
"C19orf53",16.7785234899329
"C19orf54",91.9463087248322
"C1D",29.5302013422819
"C1GALT1",0
"C1GALT1C1",12.751677852349
"C1QA",0
"C1QB",0
"C1QBP",0
"C1QC",0
"C1QL1",91.9463087248322
"C1QTNF2",93.9597315436242
"C1QTNF3",8.7248322147651
"C1QTNF5",0
"C1QTNF6",10.738255033557
"C1QTNF7",77.8523489932886
"C1R",0
"C1RL",0
"C1S",0
"C1orf109",36.241610738255
"C1orf112",84.5637583892617
"C1orf116",0
"C1orf122",0
"C1orf131",62.4161073825503
"C1orf174",0
"C1orf198",0
"C1orf21",70.4697986577181
"C1orf210",50.3355704697987
"C1orf226",46.9798657718121
"C1orf35",0
"C1orf43",93.2885906040269
"C1orf50",0
"C1orf52",22.8187919463087
"C1orf53",75.8389261744966
"C2",0
"C20orf194",76.510067114094
"C20orf27",0
"C22orf39",96.6442953020134
"C2CD2",42.9530201342282
"C2CD2L",30.8724832214765
"C2CD3",55.0335570469799
"C2CD4B",85.9060402684564
"C2CD5",0
"C2orf42",63.758389261745
"C2orf49",0
"C2orf68",57.0469798657718
"C2orf69",0
"C2orf72",76.510067114094
"C2orf76",12.0805369127517
"C2orf88",29.5302013422819
"C3",0
"C3AR1",62.4161073825503
"C3orf33",83.8926174496644
"C3orf38",0
"C3orf52",72.4832214765101
"C4A",0
"C4B",0
"C4BPA",0
"C4BPB",0
"C4orf3",27.5167785234899
"C4orf33",0
"C5AR1",27.5167785234899
"C5orf15",58.3892617449664
"C5orf22",4.02684563758389
"C5orf24",0
"C5orf51",0
"C6",0
"C6orf120",37.5838926174497
"C6orf132",0
"C6orf136",79.8657718120805
"C6orf15",59.7315436241611
"C6orf47",0
"C6orf58",76.510067114094
"C6orf89",36.241610738255
"C7",0
"C7orf25",0
"C7orf26",6.04026845637584
"C7orf50",14.0939597315436
"C8A",0
"C8B",0
"C8G",0
"C8orf33",0
"C8orf37",36.241610738255
"C8orf76",95.9731543624161
"C8orf82",0
"C9",0
"C9orf152",64.4295302013423
"C9orf16",42.2818791946309
"C9orf40",60.4026845637584
"C9orf64",0
"C9orf72",38.9261744966443
"C9orf78",0
"C9orf85",89.9328859060403
"CA12",5.36912751677852
"CA13",0
"CA3",0
"CA4",0
"CA5B",0
"CA8",16.1073825503356
"CA9",0
"CAAP1",0
"CAB39",0
"CAB39L",0
"CABIN1",4.02684563758389
"CABLES1",12.751677852349
"CACFD1",93.2885906040269
"CACHD1",77.8523489932886
"CACNA2D1",0
"CACNA2D2",6.04026845637584
"CACNB3",89.261744966443
"CACTIN",0
"CACUL1",0
"CACYBP",0
"CAD",0
"CADM1",0
"CADM2",96.6442953020134
"CADM3",63.758389261745
"CADM4",29.5302013422819
"CADPS",0
"CADPS2",0
"CALB1",22.1476510067114
"CALB2",0
"CALCB",91.9463087248322
"CALCOCO1",0
"CALCOCO2",0
"CALCRL",54.3624161073826
"CALD1",0
"CALHM2",93.9597315436242
"CALHM5",10.0671140939597
"CALHM6",77.8523489932886
"CALML3",42.2818791946309
"CALML4",0
"CALML5",71.1409395973154
"CALR",0
"CALU",0
"CAMK1",0
"CAMK1D",0
"CAMK2A",37.5838926174497
"CAMK2B",4.02684563758389
"CAMK2D",0
"CAMK2G",0
"CAMK4",4.02684563758389
"CAMKK1",19.4630872483221
"CAMKK2",3.35570469798658
"CAMKMT",30.8724832214765
"CAMLG",0
"CAMP",0
"CAMSAP1",0
"CAMSAP2",0
"CAMSAP3",0
"CAMTA2",95.9731543624161
"CAND1",0
"CAND2",13.4228187919463
"CANT1",0
"CANX",0
"CAP1",0
"CAP2",0
"CAPG",0
"CAPN1",0
"CAPN13",84.5637583892617
"CAPN15",0
"CAPN2",0
"CAPN5",0
"CAPN6",8.05369127516778
"CAPN7",0
"CAPN8",36.241610738255
"CAPN9",24.8322147651007
"CAPNS1",0
"CAPNS2",85.2348993288591
"CAPRIN1",0
"CAPRIN2",87.248322147651
"CAPS",0
"CAPZA1",0
"CAPZA2",0
"CAPZB",0
"CARD10",33.5570469798658
"CARD11",0
"CARD16",0.671140939597315
"CARD19",0
"CARD6",0
"CARD8",5.36912751677852
"CARD9",12.0805369127517
"CARHSP1",0
"CARM1",0
"CARMIL1",0
"CARMIL2",25.503355704698
"CARNMT1",6.04026845637584
"CARS1",0
"CARS2",0
"CARTPT",57.0469798657718
"CASC3",0
"CASC4",0
"CASD1",96.6442953020134
"CASK",0
"CASKIN2",0
"CASP1",0
"CASP10",0
"CASP14",60.4026845637584
"CASP2",0
"CASP3",0
"CASP4",0
"CASP6",0
"CASP7",0
"CASP8",0
"CASP8AP2",69.1275167785235
"CASP9",45.6375838926174
"CASQ2",89.261744966443
"CASR",35.5704697986577
"CASS4",46.9798657718121
"CAST",0
"CASTOR1",93.9597315436242
"CASTOR2",0
"CASZ1",14.7651006711409
"CAV1",0
"CAV2",6.04026845637584
"CAVIN1",0
"CAVIN2",0
"CAVIN3",0
"CBFA2T2",77.1812080536913
"CBFA2T3",85.9060402684564
"CBFB",0
"CBL",0
"CBLB",3.35570469798658
"CBLC",40.9395973154362
"CBLL1",11.4093959731544
"CBR1",0
"CBR3",0
"CBR4",0
"CBWD2",96.6442953020134
"CBX1",0
"CBX2",80.5369127516778
"CBX3",0
"CBX4",0
"CBX5",0
"CBX6",6.71140939597315
"CBX7",76.510067114094
"CBX8",0
"CBY1",84.5637583892617
"CC2D1A",0
"CC2D1B",0
"CC2D2A",83.2214765100671
"CCAR1",0
"CCAR2",0
"CCDC102A",0
"CCDC102B",8.05369127516778
"CCDC107",75.8389261744966
"CCDC115",0
"CCDC117",18.1208053691275
"CCDC12",0
"CCDC120",92.6174496644295
"CCDC124",0
"CCDC125",93.9597315436242
"CCDC127",0
"CCDC130",67.7852348993289
"CCDC134",0
"CCDC137",39.5973154362416
"CCDC138",92.6174496644295
"CCDC141",51.6778523489933
"CCDC149",10.0671140939597
"CCDC167",88.5906040268456
"CCDC170",67.7852348993289
"CCDC174",3.35570469798658
"CCDC18",87.9194630872483
"CCDC182",90.6040268456376
"CCDC186",0
"CCDC22",0
"CCDC25",0
"CCDC28A",0
"CCDC3",95.9731543624161
"CCDC32",8.05369127516778
"CCDC43",0
"CCDC47",0
"CCDC50",0
"CCDC51",11.4093959731544
"CCDC57",71.8120805369127
"CCDC58",0
"CCDC59",53.0201342281879
"CCDC6",0
"CCDC61",0
"CCDC66",79.1946308724832
"CCDC68",70.4697986577181
"CCDC69",66.4429530201342
"CCDC71",71.1409395973154
"CCDC71L",30.2013422818792
"CCDC8",0
"CCDC80",0
"CCDC82",24.8322147651007
"CCDC84",93.9597315436242
"CCDC85A",65.7718120805369
"CCDC85B",57.0469798657718
"CCDC85C",30.8724832214765
"CCDC86",0
"CCDC88A",0
"CCDC88B",0
"CCDC88C",0
"CCDC9",0
"CCDC90B",0
"CCDC91",0
"CCDC92",3.35570469798658
"CCDC93",0
"CCDC97",0
"CCDC9B",0
"CCK",46.3087248322148
"CCKAR",92.6174496644295
"CCL14",0
"CCL16",71.8120805369127
"CCL17",92.6174496644295
"CCL18",0
"CCL20",51.6778523489933
"CCL21",20.1342281879195
"CCL24",75.8389261744966
"CCL25",91.9463087248322
"CCL28",87.248322147651
"CCL5",3.35570469798658
"CCM2",0
"CCN1",0
"CCN2",0
"CCN3",18.7919463087248
"CCN4",61.0738255033557
"CCN5",0
"CCNA2",77.1812080536913
"CCNB1",66.4429530201342
"CCNB2",79.1946308724832
"CCNC",93.9597315436242
"CCND1",69.7986577181208
"CCND2",91.2751677852349
"CCNDBP1",69.1275167785235
"CCNE2",97.9865771812081
"CCNH",14.0939597315436
"CCNK",0
"CCNL1",33.5570469798658
"CCNL2",34.8993288590604
"CCNT1",0
"CCNT2",4.69798657718121
"CCNY",22.8187919463087
"CCNYL1",34.8993288590604
"CCP110",33.5570469798658
"CCPG1",0
"CCR1",63.758389261745
"CCR10",95.9731543624161
"CCRL2",76.510067114094
"CCS",0
"CCSER1",83.8926174496644
"CCSER2",56.3758389261745
"CCT2",0
"CCT3",0
"CCT4",0
"CCT5",0
"CCT6A",0
"CCT7",0
"CCT8",0
"CD101",42.9530201342282
"CD109",0
"CD14",0
"CD151",0
"CD163",0
"CD163L1",24.1610738255034
"CD177",8.05369127516778
"CD180",3.35570469798658
"CD19",91.2751677852349
"CD1A",84.5637583892617
"CD2",4.02684563758389
"CD200",15.4362416107383
"CD200R1",96.6442953020134
"CD207",51.6778523489933
"CD209",34.8993288590604
"CD22",81.2080536912752
"CD247",49.6644295302013
"CD248",0
"CD27",72.4832214765101
"CD274",60.4026845637584
"CD276",0
"CD28",95.3020134228188
"CD2AP",0
"CD2BP2",0
"CD300A",30.2013422818792
"CD300LF",79.1946308724832
"CD320",79.1946308724832
"CD33",30.2013422818792
"CD34",0
"CD36",0
"CD37",95.9731543624161
"CD38",4.02684563758389
"CD3D",61.744966442953
"CD3E",17.4496644295302
"CD3EAP",8.7248322147651
"CD3G",24.1610738255034
"CD4",4.02684563758389
"CD40",6.04026845637584
"CD44",0
"CD46",0
"CD47",0
"CD48",0
"CD5",12.751677852349
"CD53",0.671140939597315
"CD55",0
"CD58",22.8187919463087
"CD5L",0
"CD6",43.6241610738255
"CD63",0
"CD68",96.6442953020134
"CD69",80.5369127516778
"CD7",71.8120805369127
"CD70",85.2348993288591
"CD72",76.510067114094
"CD74",0
"CD79A",28.1879194630872
"CD81",0
"CD82",0
"CD83",96.6442953020134
"CD84",21.4765100671141
"CD8A",4.02684563758389
"CD9",0
"CD93",0
"CD99",0
"CD99L2",0
"CDA",0
"CDAN1",63.758389261745
"CDC123",0
"CDC16",0
"CDC20",65.1006711409396
"CDC23",0
"CDC25C",84.5637583892617
"CDC26",0
"CDC27",0
"CDC34",14.7651006711409
"CDC37",0
"CDC37L1",0
"CDC40",0
"CDC42",0
"CDC42BPA",0
"CDC42BPB",0
"CDC42BPG",4.02684563758389
"CDC42EP1",0
"CDC42EP2",0
"CDC42EP3",4.69798657718121
"CDC42EP4",0
"CDC42EP5",0
"CDC42SE1",60.4026845637584
"CDC42SE2",16.7785234899329
"CDC45",82.5503355704698
"CDC5L",0
"CDC73",0
"CDCA2",72.4832214765101
"CDCA3",92.6174496644295
"CDCA5",82.5503355704698
"CDCA7",92.6174496644295
"CDCA7L",93.9597315436242
"CDCA8",85.9060402684564
"CDCP1",0
"CDH1",0
"CDH11",0
"CDH13",0
"CDH17",0
"CDH19",81.8791946308725
"CDH2",28.1879194630872
"CDH3",8.7248322147651
"CDH5",0
"CDH6",9.39597315436242
"CDHR2",14.7651006711409
"CDHR5",53.6912751677852
"CDIPT",0
"CDK1",0
"CDK10",71.8120805369127
"CDK11A",13.4228187919463
"CDK11B",0
"CDK12",0
"CDK13",0
"CDK14",4.69798657718121
"CDK16",9.39597315436242
"CDK17",9.39597315436242
"CDK18",8.05369127516778
"CDK19",74.496644295302
"CDK2",0
"CDK20",87.248322147651
"CDK2AP1",47.6510067114094
"CDK3",93.2885906040269
"CDK4",0
"CDK5",0
"CDK5RAP1",40.9395973154362
"CDK5RAP2",0
"CDK5RAP3",0
"CDK6",0
"CDK7",0
"CDK8",61.744966442953
"CDK9",0
"CDKAL1",0
"CDKL5",38.255033557047
"CDKN1A",77.8523489932886
"CDKN1B",0
"CDKN1C",79.1946308724832
"CDKN2A",83.8926174496644
"CDKN2AIP",0
"CDKN2AIPNL",4.69798657718121
"CDKN2B",32.8859060402685
"CDKN2C",6.04026845637584
"CDKN2D",78.5234899328859
"CDNF",42.9530201342282
"CDON",91.2751677852349
"CDR2",6.04026845637584
"CDR2L",6.04026845637584
"CDS1",9.39597315436242
"CDS2",0
"CDV3",0
"CDX1",95.3020134228188
"CDYL",0
"CDYL2",44.2953020134228
"CEACAM1",0
"CEACAM5",0
"CEACAM6",0
"CEACAM7",0
"CEACAM8",6.71140939597315
"CEBPA",95.3020134228188
"CEBPB",0
"CEBPD",57.0469798657718
"CEBPG",89.261744966443
"CEBPZ",0
"CEBPZOS",40.2684563758389
"CEL",0
"CELA2A",0
"CELA2B",0
"CELA3A",0
"CELA3B",0
"CELF1",0
"CELF2",0
"CELSR1",4.69798657718121
"CELSR2",92.6174496644295
"CEMIP",0
"CEMIP2",0
"CEND1",72.4832214765101
"CENPB",0
"CENPC",0
"CENPE",43.6241610738255
"CENPF",15.4362416107383
"CENPH",12.0805369127517
"CENPK",88.5906040268456
"CENPM",53.0201342281879
"CENPN",85.9060402684564
"CENPQ",93.2885906040269
"CENPT",85.9060402684564
"CENPU",92.6174496644295
"CENPV",0
"CEP104",26.8456375838926
"CEP112",25.503355704698
"CEP120",20.8053691275168
"CEP128",14.0939597315436
"CEP131",0
"CEP135",0
"CEP152",63.0872483221477
"CEP162",36.241610738255
"CEP164",32.8859060402685
"CEP170",0
"CEP170B",0
"CEP192",9.39597315436242
"CEP250",0
"CEP290",47.6510067114094
"CEP350",0
"CEP41",0
"CEP44",2.01342281879195
"CEP55",39.5973154362416
"CEP57",10.0671140939597
"CEP63",46.9798657718121
"CEP68",8.05369127516778
"CEP70",88.5906040268456
"CEP76",22.1476510067114
"CEP78",54.3624161073826
"CEP83",83.8926174496644
"CEP85",44.2953020134228
"CEP89",67.7852348993289
"CEP95",57.7181208053691
"CEP97",0
"CEPT1",8.7248322147651
"CERCAM",5.36912751677852
"CERK",85.9060402684564
"CERS2",0
"CERS4",21.4765100671141
"CERT1",0
"CES1",0
"CES2",0
"CES3",47.6510067114094
"CETN2",0
"CETN3",7.38255033557047
"CETP",75.1677852348993
"CFAP20",0
"CFAP298",3.35570469798658
"CFAP36",0
"CFAP410",52.3489932885906
"CFAP61",72.4832214765101
"CFAP97",12.0805369127517
"CFD",0
"CFDP1",0
"CFH",0
"CFHR1",0
"CFHR2",0
"CFHR3",0
"CFHR4",51.6778523489933
"CFHR5",0
"CFI",4.02684563758389
"CFL1",0
"CFL2",0
"CFLAR",44.2953020134228
"CFP",0
"CFTR",0
"CGAS",4.69798657718121
"CGGBP1",0
"CGN",0
"CGNL1",0
"CGREF1",0
"CGRRF1",96.6442953020134
"CHAC2",38.255033557047
"CHAD",73.1543624161074
"CHAF1A",34.8993288590604
"CHAF1B",56.3758389261745
"CHAMP1",0
"CHCHD1",20.8053691275168
"CHCHD10",10.738255033557
"CHCHD2",0
"CHCHD3",0
"CHCHD4",0
"CHCHD5",9.39597315436242
"CHCHD6",0
"CHCHD7",45.6375838926174
"CHD1",0
"CHD1L",0
"CHD2",0
"CHD3",0
"CHD4",0
"CHD6",30.8724832214765
"CHD7",80.5369127516778
"CHD8",4.02684563758389
"CHD9",44.2953020134228
"CHDH",0
"CHEK1",52.3489932885906
"CHEK2",0
"CHERP",0
"CHFR",31.5436241610738
"CHGA",0
"CHGB",0
"CHI3L1",0
"CHID1",0
"CHIT1",0
"CHKA",24.8322147651007
"CHKB",0
"CHL1",0
"CHM",0
"CHML",20.8053691275168
"CHMP1A",0
"CHMP1B",0
"CHMP2A",0
"CHMP2B",0
"CHMP3",0
"CHMP4A",0
"CHMP4B",0
"CHMP4C",8.05369127516778
"CHMP5",0
"CHMP6",0
"CHMP7",0
"CHN1",24.8322147651007
"CHORDC1",0
"CHP2",83.8926174496644
"CHPF",18.1208053691275
"CHPF2",11.4093959731544
"CHPT1",71.8120805369127
"CHRAC1",27.5167785234899
"CHRD",10.738255033557
"CHRDL1",16.7785234899329
"CHRDL2",73.8255033557047
"CHRM3",83.2214765100671
"CHST11",38.9261744966443
"CHST12",36.9127516778523
"CHST14",8.05369127516778
"CHST15",84.5637583892617
"CHST3",36.241610738255
"CHST4",8.05369127516778
"CHST6",88.5906040268456
"CHSY1",32.2147651006711
"CHSY3",75.1677852348993
"CHTF18",40.9395973154362
"CHTF8",87.248322147651
"CHTOP",0
"CHUK",0
"CHURC1",57.7181208053691
"CIAO1",0
"CIAO2A",0
"CIAO2B",0
"CIAO3",0
"CIAPIN1",0
"CIB1",0
"CIC",0
"CILK1",86.5771812080537
"CILP",0
"CILP2",27.5167785234899
"CINP",0
"CIP2A",4.02684563758389
"CIR1",5.36912751677852
"CIRBP",0
"CISD1",0
"CISD2",0
"CISD3",0
"CIT",16.1073825503356
"CITED2",79.8657718120805
"CIZ1",0
"CKAP2",53.6912751677852
"CKAP2L",73.1543624161074
"CKAP4",0
"CKAP5",0
"CKB",0
"CKLF",95.9731543624161
"CKMT2",21.4765100671141
"CKS1B",38.255033557047
"CKS2",89.9328859060403
"CLASP1",0
"CLASP2",0
"CLASRP",16.7785234899329
"CLC",0
"CLCA1",0
"CLCA2",84.5637583892617
"CLCA4",81.8791946308725
"CLCC1",0
"CLCN2",95.9731543624161
"CLCN3",0
"CLCN5",75.8389261744966
"CLCN6",87.248322147651
"CLCN7",0
"CLDN1",28.1879194630872
"CLDN10",7.38255033557047
"CLDN12",84.5637583892617
"CLDN15",93.2885906040269
"CLDN18",0
"CLDN2",48.993288590604
"CLDN23",67.7852348993289
"CLDN3",0
"CLDN5",84.5637583892617
"CLDND1",29.5302013422819
"CLEC10A",93.9597315436242
"CLEC11A",0
"CLEC12A",90.6040268456376
"CLEC14A",24.1610738255034
"CLEC16A",0
"CLEC2B",75.1677852348993
"CLEC3B",0
"CLEC4A",94.6308724832215
"CLEC4E",93.9597315436242
"CLEC4M",95.9731543624161
"CLEC5A",45.6375838926174
"CLEC7A",85.9060402684564
"CLGN",83.8926174496644
"CLIC1",0
"CLIC2",0
"CLIC3",0
"CLIC4",0
"CLIC5",0
"CLIC6",0
"CLINT1",0
"CLIP1",0
"CLIP2",0
"CLIP4",92.6174496644295
"CLK1",65.7718120805369
"CLK2",64.4295302013423
"CLK3",36.241610738255
"CLMN",0
"CLMP",93.2885906040269
"CLN5",4.69798657718121
"CLN6",3.35570469798658
"CLN8",87.248322147651
"CLNS1A",0
"CLOCK",61.0738255033557
"CLP1",0
"CLPB",0
"CLPP",0
"CLPS",0
"CLPTM1",0
"CLPTM1L",0
"CLPX",0
"CLRN3",91.2751677852349
"CLSPN",89.261744966443
"CLSTN1",0
"CLSTN2",76.510067114094
"CLSTN3",59.7315436241611
"CLTA",0
"CLTB",0
"CLTC",0
"CLTCL1",81.2080536912752
"CLU",0
"CLUAP1",28.1879194630872
"CLUH",0
"CLYBL",0
"CMA1",0
"CMAS",0
"CMBL",0
"CMC1",5.36912751677852
"CMC2",0
"CMC4",0
"CMIP",0
"CMPK1",0
"CMPK2",0
"CMSS1",13.4228187919463
"CMTM3",19.4630872483221
"CMTM4",46.3087248322148
"CMTM6",51.006711409396
"CMTM7",52.3489932885906
"CMTR1",0
"CMTR2",0
"CNBP",0
"CNDP1",15.4362416107383
"CNDP2",0
"CNEP1R1",57.7181208053691
"CNIH1",87.9194630872483
"CNIH4",9.39597315436242
"CNKSR1",10.738255033557
"CNKSR3",91.2751677852349
"CNN1",0
"CNN2",0
"CNN3",0
"CNNM2",79.8657718120805
"CNNM3",0
"CNNM4",0
"CNOT1",0
"CNOT10",0
"CNOT11",0
"CNOT2",0
"CNOT3",0
"CNOT4",0
"CNOT6",81.2080536912752
"CNOT6L",4.02684563758389
"CNOT7",0
"CNOT8",5.36912751677852
"CNOT9",0
"CNP",0
"CNPY1",95.9731543624161
"CNPY2",0
"CNPY3",0
"CNPY4",0
"CNRIP1",0
"CNST",22.1476510067114
"CNTLN",58.3892617449664
"CNTN1",0
"CNTN4",86.5771812080537
"CNTNAP1",34.8993288590604
"CNTRL",12.751677852349
"CNTROB",19.4630872483221
"COA1",53.6912751677852
"COA3",0
"COA4",0
"COA5",0
"COA6",0
"COA7",0
"COASY",0
"COBL",0
"COBLL1",0
"COCH",18.1208053691275
"COG1",0
"COG2",0
"COG3",0
"COG4",0
"COG5",0
"COG6",0
"COG7",0
"COG8",0
"COIL",0
"COL10A1",0
"COL11A1",0
"COL12A1",0
"COL14A1",0
"COL15A1",0
"COL16A1",0
"COL17A1",0
"COL18A1",0
"COL1A1",0
"COL1A2",0
"COL21A1",71.8120805369127
"COL22A1",46.3087248322148
"COL27A1",92.6174496644295
"COL28A1",0
"COL2A1",0
"COL3A1",0
"COL4A1",0
"COL4A2",0
"COL5A1",0
"COL5A2",0
"COL5A3",22.8187919463087
"COL6A1",0
"COL6A2",0
"COL6A3",0
"COL6A5",73.8255033557047
"COL6A6",0
"COL7A1",0
"COL8A1",0
"COL8A2",89.261744966443
"COLEC10",73.1543624161074
"COLEC11",0
"COLEC12",0
"COLGALT1",0
"COLGALT2",55.7046979865772
"COMMD1",0
"COMMD10",0
"COMMD2",0
"COMMD3",4.02684563758389
"COMMD4",0
"COMMD5",0
"COMMD6",0
"COMMD7",93.9597315436242
"COMMD8",0
"COMMD9",0
"COMP",0
"COMT",0
"COMTD1",0
"COP1",16.1073825503356
"COPA",0
"COPB1",0
"COPB2",0
"COPE",0
"COPG1",0
"COPG2",0
"COPRS",4.02684563758389
"COPS2",0
"COPS3",0
"COPS4",0
"COPS5",0
"COPS6",0
"COPS7A",0
"COPS7B",0
"COPS8",0
"COPS9",94.6308724832215
"COPZ1",0
"COPZ2",0
"COQ10A",76.510067114094
"COQ10B",0
"COQ3",0
"COQ4",69.1275167785235
"COQ5",0
"COQ6",0
"COQ7",0
"COQ8A",0
"COQ8B",0
"COQ9",0
"CORO1A",0
"CORO1B",0
"CORO1C",0
"CORO2A",0
"CORO2B",0
"CORO6",96.6442953020134
"CORO7",3.35570469798658
"COTL1",0
"COX11",9.39597315436242
"COX14",79.1946308724832
"COX15",6.04026845637584
"COX17",0
"COX18",77.1812080536913
"COX19",4.02684563758389
"COX20",5.36912751677852
"COX4I1",0
"COX5A",0
"COX5B",0
"COX6A1",0
"COX6B1",0
"COX6C",0
"COX7A1",11.4093959731544
"COX7A2",0
"COX7A2L",0
"COX7B",2.01342281879195
"COX7C",0
"CP",0
"CPA1",0
"CPA2",0
"CPA3",0
"CPA4",74.496644295302
"CPB1",0
"CPB2",0
"CPD",0
"CPE",0
"CPEB2",69.1275167785235
"CPEB3",65.1006711409396
"CPEB4",8.7248322147651
"CPLX1",74.496644295302
"CPLX2",11.4093959731544
"CPM",10.738255033557
"CPN1",0
"CPN2",0
"CPNE1",0
"CPNE2",0
"CPNE3",0
"CPNE6",88.5906040268456
"CPNE7",46.9798657718121
"CPNE8",0
"CPOX",0
"CPPED1",0
"CPQ",0
"CPS1",0
"CPSF1",0
"CPSF2",0
"CPSF3",0
"CPSF4",0
"CPSF6",0
"CPSF7",0
"CPT1A",0
"CPT1C",95.9731543624161
"CPT2",0
"CPTP",0
"CPVL",0
"CPXM1",0
"CPXM2",0
"CPZ",0
"CR1",61.744966442953
"CR2",34.2281879194631
"CRABP1",0
"CRABP2",0
"CRACD",0
"CRACR2A",0
"CRACR2B",16.1073825503356
"CRADD",12.0805369127517
"CRAT",0
"CRB2",93.9597315436242
"CRBN",0
"CREB1",0
"CREB3L1",79.8657718120805
"CREB5",93.9597315436242
"CREBBP",0
"CREBRF",45.6375838926174
"CREG1",33.5570469798658
"CRELD1",0
"CRELD2",0
"CREM",63.758389261745
"CRH",57.0469798657718
"CRHBP",89.9328859060403
"CRIM1",22.1476510067114
"CRIP2",0
"CRIPT",0
"CRISP3",0
"CRISPLD1",82.5503355704698
"CRISPLD2",0
"CRK",0
"CRKL",0
"CRLF3",0
"CRMP1",0
"CRNKL1",0
"CROCC",0
"CROCC2",75.1677852348993
"CROT",0
"CRPPA",6.71140939597315
"CRTAC1",0
"CRTAP",0
"CRTC1",0
"CRTC2",0
"CRTC3",0
"CRY1",96.6442953020134
"CRY2",75.8389261744966
"CRYAB",0
"CRYBA2",95.9731543624161
"CRYBB1",40.2684563758389
"CRYBG1",0
"CRYBG2",11.4093959731544
"CRYBG3",0
"CRYL1",0
"CRYM",38.9261744966443
"CRYZ",0
"CRYZL1",0
"CS",0
"CSAD",76.510067114094
"CSDC2",83.2214765100671
"CSDE1",0
"CSE1L",0
"CSF1",35.5704697986577
"CSF1R",0
"CSF2RA",96.6442953020134
"CSGALNACT1",69.1275167785235
"CSGALNACT2",21.4765100671141
"CSK",0
"CSMD2",95.9731543624161
"CSNK1A1",0
"CSNK1D",0
"CSNK1G1",39.5973154362416
"CSNK1G2",53.6912751677852
"CSNK1G3",44.9664429530201
"CSNK2A1",5.36912751677852
"CSNK2A2",0
"CSNK2B",36.9127516778523
"CSPG4",0
"CSPP1",81.8791946308725
"CSRP1",0
"CSRP2",0
"CST1",0
"CST2",85.2348993288591
"CST3",0
"CST4",89.261744966443
"CST6",26.8456375838926
"CST7",91.9463087248322
"CSTA",0
"CSTB",0
"CSTF1",0
"CSTF2",0
"CSTF2T",0
"CSTF3",0
"CTBP1",0
"CTBP2",0
"CTBS",0
"CTC1",81.2080536912752
"CTCF",0
"CTDNEP1",50.3355704697987
"CTDP1",0
"CTDSP1",15.4362416107383
"CTDSP2",87.9194630872483
"CTDSPL",40.9395973154362
"CTDSPL2",0
"CTF1",93.2885906040269
"CTH",0
"CTHRC1",0
"CTIF",0
"CTNNA1",0
"CTNNA2",42.9530201342282
"CTNNA3",97.9865771812081
"CTNNAL1",20.1342281879195
"CTNNB1",0
"CTNNBIP1",18.1208053691275
"CTNNBL1",0
"CTNND1",0
"CTNND2",28.1879194630872
"CTPS1",0
"CTPS2",0
"CTR9",0
"CTRB2",0.671140939597315
"CTRC",0
"CTRL",0
"CTSA",0
"CTSB",0
"CTSC",0
"CTSE",0
"CTSF",3.35570469798658
"CTSH",0
"CTSK",0
"CTSL",0
"CTSO",29.5302013422819
"CTSS",0
"CTSV",81.2080536912752
"CTSW",55.7046979865772
"CTSZ",0
"CTTN",0
"CTTNBP2",89.261744966443
"CTTNBP2NL",0
"CTU1",12.0805369127517
"CTU2",0
"CUEDC1",38.9261744966443
"CUEDC2",38.255033557047
"CUL1",0
"CUL2",0
"CUL3",0
"CUL4A",0
"CUL4B",0
"CUL5",0
"CUL7",0
"CUL9",8.05369127516778
"CUTA",0
"CUTC",0
"CUX1",0
"CUX2",73.8255033557047
"CUZD1",0
"CWC15",0
"CWC22",0
"CWC25",25.503355704698
"CWC27",0
"CWF19L1",0
"CWF19L2",9.39597315436242
"CXADR",0
"CXCL1",57.0469798657718
"CXCL10",72.4832214765101
"CXCL12",3.35570469798658
"CXCL13",73.1543624161074
"CXCL14",0
"CXCL16",69.1275167785235
"CXCL17",44.2953020134228
"CXCL5",17.4496644295302
"CXCL6",51.6778523489933
"CXCL9",96.6442953020134
"CXXC1",4.69798657718121
"CXXC5",36.9127516778523
"CXorf21",96.6442953020134
"CXorf38",0
"CXorf56",0
"CYB561",38.255033557047
"CYB5A",73.8255033557047
"CYB5B",0
"CYB5R1",0
"CYB5R2",0
"CYB5R3",0
"CYB5R4",4.02684563758389
"CYBA",0
"CYBB",0
"CYBC1",0
"CYBRD1",0
"CYC1",0
"CYFIP1",0
"CYFIP2",0
"CYGB",0
"CYHR1",8.05369127516778
"CYLD",0
"CYP1B1",0
"CYP20A1",0
"CYP24A1",83.2214765100671
"CYP27A1",0
"CYP2C18",79.1946308724832
"CYP2C19",87.248322147651
"CYP2C9",84.5637583892617
"CYP2J2",65.7718120805369
"CYP2S1",0
"CYP2U1",34.2281879194631
"CYP2W1",81.8791946308725
"CYP3A4",69.1275167785235
"CYP3A5",11.4093959731544
"CYP4F11",9.39597315436242
"CYP4F12",34.2281879194631
"CYP4F2",87.248322147651
"CYP4F3",26.1744966442953
"CYP4V2",82.5503355704698
"CYP4X1",61.0738255033557
"CYP51A1",0
"CYP7B1",0
"CYREN",65.1006711409396
"CYRIA",0
"CYRIB",0
"CYS1",85.2348993288591
"CYSRT1",93.9597315436242
"CYSTM1",4.02684563758389
"CYTH1",8.7248322147651
"CYTH2",32.8859060402685
"CYTH3",4.69798657718121
"CYTH4",24.1610738255034
"CYTIP",49.6644295302013
"CZIB",0
"D2HGDH",8.7248322147651
"DAAM1",0
"DAAM2",44.2953020134228
"DAB1",81.8791946308725
"DAB2",0
"DAB2IP",0
"DACH1",95.3020134228188
"DACT1",84.5637583892617
"DACT3",56.3758389261745
"DAD1",0
"DAG1",0
"DAGLA",52.3489932885906
"DAGLB",0
"DALRD3",89.261744966443
"DAP",0
"DAP3",0
"DAPK1",0
"DAPK2",41.6107382550336
"DAPK3",0
"DAPP1",24.1610738255034
"DARS1",0
"DARS2",0
"DAXX",0
"DAZAP1",0
"DAZAP2",21.4765100671141
"DBF4B",94.6308724832215
"DBH",60.4026845637584
"DBI",0
"DBN1",0
"DBNDD1",96.6442953020134
"DBNL",0
"DBP",74.496644295302
"DBR1",0
"DBT",0
"DCAF1",0
"DCAF10",23.489932885906
"DCAF11",5.36912751677852
"DCAF12L1",87.248322147651
"DCAF13",0
"DCAF15",77.1812080536913
"DCAF16",35.5704697986577
"DCAF5",0
"DCAF6",3.35570469798658
"DCAF7",0
"DCAF8",0
"DCAKD",0
"DCBLD1",18.1208053691275
"DCBLD2",28.8590604026846
"DCD",26.8456375838926
"DCDC2",20.1342281879195
"DCHS1",8.05369127516778
"DCK",0
"DCLK1",0
"DCLK2",6.04026845637584
"DCLRE1C",81.8791946308725
"DCN",0
"DCP1A",0
"DCP1B",0
"DCP2",0
"DCPS",0
"DCTD",0
"DCTN1",0
"DCTN2",0
"DCTN3",0
"DCTN4",0
"DCTN5",0
"DCTN6",0
"DCTPP1",0
"DCUN1D1",0
"DCUN1D3",8.7248322147651
"DCUN1D4",28.8590604026846
"DCUN1D5",0
"DCX",50.3355704697987
"DCXR",0
"DDA1",0
"DDAH1",0
"DDAH2",0
"DDB1",0
"DDB2",0
"DDC",4.02684563758389
"DDHD1",12.0805369127517
"DDHD2",0
"DDI2",0
"DDO",48.3221476510067
"DDOST",0
"DDR1",0
"DDR2",16.7785234899329
"DDRGK1",0
"DDX1",0
"DDX10",0
"DDX11",63.0872483221477
"DDX17",0
"DDX18",0
"DDX19A",0
"DDX19B",0
"DDX20",0
"DDX21",0
"DDX23",0
"DDX24",0
"DDX27",0
"DDX28",11.4093959731544
"DDX31",0
"DDX39A",0
"DDX39B",0
"DDX3X",0
"DDX3Y",0
"DDX41",0
"DDX42",0
"DDX43",79.8657718120805
"DDX46",0
"DDX47",0
"DDX49",8.05369127516778
"DDX5",0
"DDX50",0
"DDX51",3.35570469798658
"DDX52",0
"DDX54",0
"DDX55",0
"DDX56",0
"DDX58",0
"DDX59",0
"DDX6",0
"DDX60",0
"DDX60L",13.4228187919463
"DEAF1",73.8255033557047
"DECR1",0
"DECR2",0
"DEF6",0
"DEF8",38.255033557047
"DEFA3",3.35570469798658
"DEFA4",19.4630872483221
"DEFA5",0
"DEFA6",0
"DEFB1",51.006711409396
"DEGS1",8.7248322147651
"DEGS2",87.9194630872483
"DEK",0
"DENND10",0
"DENND11",38.255033557047
"DENND1A",0
"DENND1B",25.503355704698
"DENND1C",16.7785234899329
"DENND2A",85.9060402684564
"DENND2B",0
"DENND2D",0
"DENND3",0
"DENND4A",0
"DENND4B",0
"DENND4C",0
"DENND5A",32.8859060402685
"DENND5B",39.5973154362416
"DENND6A",13.4228187919463
"DENR",0
"DEPDC5",22.8187919463087
"DEPTOR",0
"DERA",0
"DERL1",24.1610738255034
"DERL2",0
"DERL3",17.4496644295302
"DERPC",4.02684563758389
"DES",0
"DESI1",44.2953020134228
"DESI2",50.3355704697987
"DFFA",0
"DFFB",0
"DGAT1",22.8187919463087
"DGCR2",61.0738255033557
"DGCR6",95.9731543624161
"DGCR8",7.38255033557047
"DGKA",0
"DGKD",61.0738255033557
"DGKE",32.8859060402685
"DGKG",96.6442953020134
"DGKH",17.4496644295302
"DGKQ",11.4093959731544
"DGKZ",0
"DGLUCY",0
"DGUOK",0
"DHCR24",0
"DHCR7",0
"DHDDS",88.5906040268456
"DHFR",15.4362416107383
"DHODH",0
"DHPS",0
"DHRS1",0
"DHRS11",0
"DHRS13",32.2147651006711
"DHRS2",11.4093959731544
"DHRS3",0
"DHRS4",0
"DHRS7",0
"DHRS7B",0
"DHRS9",0
"DHRSX",0
"DHTKD1",0
"DHX15",0
"DHX16",0
"DHX29",0
"DHX30",0
"DHX32",0
"DHX33",22.8187919463087
"DHX34",54.3624161073826
"DHX35",10.0671140939597
"DHX36",0
"DHX37",0
"DHX38",0
"DHX40",0
"DHX57",0
"DHX58",4.69798657718121
"DHX8",0
"DHX9",0
"DIAPH1",0
"DIAPH2",0
"DIAPH3",72.4832214765101
"DICER1",0
"DIDO1",0
"DIMT1",0
"DIP2A",0
"DIP2B",0
"DIP2C",0
"DIPK1A",32.8859060402685
"DIPK2A",5.36912751677852
"DIPK2B",61.744966442953
"DIRAS2",95.9731543624161
"DIS3",0
"DIS3L",43.6241610738255
"DIS3L2",0
"DISC1",89.9328859060403
"DISP1",89.261744966443
"DISP2",89.9328859060403
"DIXDC1",38.9261744966443
"DKC1",0
"DKK1",65.7718120805369
"DKK3",3.35570469798658
"DKK4",96.6442953020134
"DLAT",0
"DLC1",22.8187919463087
"DLD",0
"DLG1",0
"DLG2",63.758389261745
"DLG3",0
"DLG4",93.2885906040269
"DLG5",4.02684563758389
"DLGAP4",0
"DLGAP5",46.3087248322148
"DLK1",95.9731543624161
"DLST",0
"DMAC1",14.0939597315436
"DMAC2",0
"DMAC2L",0
"DMAP1",0
"DMBT1",0
"DMD",0
"DMGDH",96.6442953020134
"DMKN",94.6308724832215
"DMPK",74.496644295302
"DMTN",0
"DMWD",96.6442953020134
"DMXL1",0
"DMXL2",0
"DNAAF2",41.6107382550336
"DNAAF5",0
"DNAJA1",0
"DNAJA2",0
"DNAJA3",0
"DNAJA4",0
"DNAJB1",0
"DNAJB11",0
"DNAJB12",0
"DNAJB14",0
"DNAJB2",0
"DNAJB4",0
"DNAJB5",14.0939597315436
"DNAJB6",0
"DNAJB9",5.36912751677852
"DNAJC1",0
"DNAJC10",0
"DNAJC11",0
"DNAJC12",21.4765100671141
"DNAJC13",0
"DNAJC14",50.3355704697987
"DNAJC15",81.8791946308725
"DNAJC16",18.7919463087248
"DNAJC17",0
"DNAJC19",0
"DNAJC2",0
"DNAJC21",0
"DNAJC24",55.7046979865772
"DNAJC25",4.02684563758389
"DNAJC3",0
"DNAJC30",46.9798657718121
"DNAJC5",0
"DNAJC6",24.8322147651007
"DNAJC7",0
"DNAJC8",0
"DNAJC9",0
"DNAL1",7.38255033557047
"DNAL4",16.1073825503356
"DNALI1",85.9060402684564
"DNASE1",49.6644295302013
"DNASE1L1",12.0805369127517
"DNASE2",0
"DNLZ",58.3892617449664
"DNM1",0
"DNM1L",0
"DNM2",0
"DNM3",50.3355704697987
"DNMBP",0
"DNMT1",0
"DNMT3A",14.0939597315436
"DNPEP",0
"DNPH1",0
"DNTT",93.2885906040269
"DNTTIP1",0
"DNTTIP2",0
"DOCK1",0
"DOCK10",0
"DOCK11",0
"DOCK2",0
"DOCK4",0
"DOCK5",0
"DOCK6",0
"DOCK7",0
"DOCK8",0
"DOCK9",0
"DOHH",0
"DOK1",0
"DOK2",0
"DOK3",0
"DOK4",85.9060402684564
"DOK7",93.9597315436242
"DOLPP1",69.1275167785235
"DONSON",95.3020134228188
"DOP1A",28.8590604026846
"DOP1B",0
"DOT1L",68.4563758389262
"DPAGT1",18.1208053691275
"DPCD",0
"DPEP1",0
"DPEP2",81.8791946308725
"DPF2",0
"DPF3",84.5637583892617
"DPH1",0
"DPH2",0
"DPH3",50.3355704697987
"DPH5",0
"DPH6",10.738255033557
"DPH7",12.751677852349
"DPM1",0
"DPM3",16.1073825503356
"DPP10",83.2214765100671
"DPP3",0
"DPP4",0
"DPP6",77.8523489932886
"DPP7",0
"DPP8",4.02684563758389
"DPP9",0
"DPT",0
"DPY19L1",0
"DPY19L3",68.4563758389262
"DPY19L4",88.5906040268456
"DPY30",0
"DPYD",0
"DPYS",0
"DPYSL2",0
"DPYSL3",0
"DPYSL4",4.69798657718121
"DPYSL5",73.1543624161074
"DQX1",91.2751677852349
"DR1",0
"DRAM2",53.0201342281879
"DRAP1",0
"DRG1",0
"DRG2",0
"DROSHA",48.3221476510067
"DSC2",0
"DSC3",48.993288590604
"DSCAML1",36.9127516778523
"DSCC1",52.3489932885906
"DSE",51.006711409396
"DSG2",0
"DSG3",37.5838926174497
"DSN1",0
"DSP",0
"DST",0
"DSTN",0
"DSTYK",23.489932885906
"DTD1",0
"DTD2",42.2818791946309
"DTHD1",93.9597315436242
"DTL",77.1812080536913
"DTNA",0
"DTNB",4.02684563758389
"DTNBP1",0
"DTWD1",39.5973154362416
"DTWD2",4.02684563758389
"DTX2",17.4496644295302
"DTX3",0
"DTX3L",0
"DTX4",95.9731543624161
"DTYMK",0
"DUOX2",4.69798657718121
"DUOXA2",27.5167785234899
"DUS1L",3.35570469798658
"DUS2",8.7248322147651
"DUS3L",0
"DUSP1",84.5637583892617
"DUSP11",37.5838926174497
"DUSP12",0
"DUSP14",71.8120805369127
"DUSP16",71.8120805369127
"DUSP19",11.4093959731544
"DUSP22",0
"DUSP23",0
"DUSP27",75.8389261744966
"DUSP3",0
"DUSP6",77.1812080536913
"DUSP7",79.8657718120805
"DUT",0
"DVL1",17.4496644295302
"DVL2",0
"DVL3",0
"DXO",72.4832214765101
"DYM",0
"DYNC1H1",0
"DYNC1I1",10.738255033557
"DYNC1I2",0
"DYNC1LI1",0
"DYNC1LI2",0
"DYNC2H1",5.36912751677852
"DYNC2LI1",30.8724832214765
"DYNLL1",0
"DYNLL2",0
"DYNLRB1",0
"DYNLT1",0
"DYNLT3",0
"DYRK1A",0
"DYRK1B",75.8389261744966
"DYRK2",91.9463087248322
"DYSF",0
"DZIP1",87.248322147651
"DZIP3",43.6241610738255
"E2F3",75.1677852348993
"E2F4",18.7919463087248
"E2F5",46.3087248322148
"E4F1",78.5234899328859
"EAF1",36.9127516778523
"EAPP",5.36912751677852
"EARS2",0
"EBAG9",6.04026845637584
"EBF2",95.3020134228188
"EBNA1BP2",0
"EBP",0
"ECD",14.0939597315436
"ECE1",0
"ECH1",0
"ECHDC1",0
"ECHDC2",16.7785234899329
"ECHDC3",0
"ECHS1",0
"ECI1",0
"ECI2",0
"ECM1",0
"ECM2",0
"ECPAS",0
"ECSIT",0
"ECT2",40.9395973154362
"EDARADD",96.6442953020134
"EDC3",0
"EDC4",0
"EDEM1",81.8791946308725
"EDEM2",5.36912751677852
"EDEM3",0
"EDF1",0
"EDIL3",0
"EDN3",91.2751677852349
"EDRF1",81.8791946308725
"EEA1",0
"EED",0
"EEF1A1",0
"EEF1A2",0
"EEF1AKMT1",46.3087248322148
"EEF1AKMT2",67.7852348993289
"EEF1AKMT4",96.6442953020134
"EEF1AKNMT",0
"EEF1B2",0
"EEF1D",0
"EEF1E1",31.5436241610738
"EEF1G",0
"EEF2",0
"EEF2K",0
"EEFSEC",0
"EEPD1",0
"EFCAB14",28.1879194630872
"EFCAB7",46.9798657718121
"EFEMP1",0
"EFEMP2",0
"EFHD1",0
"EFHD2",0
"EFL1",0
"EFNA1",70.4697986577181
"EFNA5",86.5771812080537
"EFNB1",0
"EFNB2",0
"EFR3A",0
"EFS",38.255033557047
"EFTUD2",0
"EGFL7",67.1140939597315
"EGFLAM",61.744966442953
"EGFR",0
"EGLN1",0
"EGR1",75.8389261744966
"EGR2",61.744966442953
"EHBP1",0
"EHBP1L1",0
"EHD1",0
"EHD2",0
"EHD3",0
"EHD4",0
"EHF",59.0604026845638
"EHHADH",0
"EHMT1",0
"EHMT2",0
"EI24",0
"EIF1",0
"EIF1AD",4.02684563758389
"EIF1AX",0
"EIF1AY",19.4630872483221
"EIF1B",28.8590604026846
"EIF2A",0
"EIF2AK1",81.8791946308725
"EIF2AK2",0
"EIF2AK3",12.0805369127517
"EIF2AK4",0
"EIF2B1",0
"EIF2B2",0
"EIF2B3",0
"EIF2B4",0
"EIF2B5",0
"EIF2D",0
"EIF2S1",0
"EIF2S2",0
"EIF2S3",0
"EIF3A",0
"EIF3B",0
"EIF3C",0
"EIF3D",0
"EIF3E",0
"EIF3F",0
"EIF3G",0
"EIF3H",0
"EIF3I",0
"EIF3J",0
"EIF3K",0
"EIF3L",0
"EIF3M",0
"EIF4A1",0
"EIF4A2",0
"EIF4A3",0
"EIF4B",0
"EIF4E",0
"EIF4E2",0
"EIF4E3",0
"EIF4EBP1",0
"EIF4EBP2",0
"EIF4EBP3",26.8456375838926
"EIF4ENIF1",0
"EIF4G1",0
"EIF4G2",0
"EIF4G3",0
"EIF4H",0
"EIF5",0
"EIF5A",0
"EIF5A2",16.7785234899329
"EIF5B",0
"EIF6",0
"EIPR1",0
"ELAC1",41.6107382550336
"ELAC2",0
"ELANE",0
"ELAVL1",0
"ELF1",0
"ELF2",0
"ELF3",14.7651006711409
"ELF4",65.7718120805369
"ELFN1",87.248322147651
"ELK1",77.8523489932886
"ELK3",55.0335570469799
"ELL",12.751677852349
"ELL2",82.5503355704698
"ELMO1",0
"ELMO2",0
"ELMO3",0
"ELMOD2",0
"ELMOD3",95.9731543624161
"ELN",4.69798657718121
"ELOA",0
"ELOB",0
"ELOC",0
"ELOF1",5.36912751677852
"ELOVL1",8.05369127516778
"ELOVL5",67.7852348993289
"ELOVL7",73.8255033557047
"ELP1",0
"ELP2",0
"ELP3",0
"ELP4",0
"ELP5",0
"ELP6",0
"EMB",14.7651006711409
"EMC1",0
"EMC10",4.02684563758389
"EMC2",0
"EMC3",0
"EMC4",0
"EMC6",67.7852348993289
"EMC7",0
"EMC8",0
"EMC9",61.744966442953
"EMCN",4.02684563758389
"EMD",0
"EMG1",0
"EMILIN1",0
"EMILIN2",0
"EML1",0
"EML2",0
"EML3",0
"EML4",0
"EMP3",60.4026845637584
"EMSY",0
"ENAH",0
"ENC1",63.0872483221477
"ENDOD1",0
"ENDOG",0
"ENDOV",96.6442953020134
"ENG",0
"ENGASE",4.69798657718121
"ENKD1",65.7718120805369
"ENO1",0
"ENO2",0
"ENO3",26.1744966442953
"ENOPH1",0
"ENOSF1",0
"ENPEP",0
"ENPP1",0
"ENPP2",0
"ENPP4",0
"ENPP5",62.4161073825503
"ENPP6",71.8120805369127
"ENSA",0
"ENTPD1",0
"ENTPD2",91.2751677852349
"ENTPD3",13.4228187919463
"ENTPD4",31.5436241610738
"ENTPD5",0
"ENTPD6",86.5771812080537
"ENTPD7",32.2147651006711
"ENTR1",2.01342281879195
"ENY2",0
"EOGT",0
"EOMES",76.510067114094
"EP300",0
"EP400",0
"EPB41",0
"EPB41L1",0
"EPB41L2",0
"EPB41L3",0
"EPB41L4A",66.4429530201342
"EPB41L4B",5.36912751677852
"EPB41L5",0
"EPB42",0
"EPC1",14.7651006711409
"EPC2",24.1610738255034
"EPCAM",0
"EPDR1",0
"EPG5",0
"EPHA1",79.1946308724832
"EPHA2",4.69798657718121
"EPHA3",42.2818791946309
"EPHA4",48.993288590604
"EPHB2",0
"EPHB3",4.02684563758389
"EPHB4",4.69798657718121
"EPHB6",67.7852348993289
"EPHX1",0
"EPHX2",0
"EPHX4",53.0201342281879
"EPM2A",53.6912751677852
"EPM2AIP1",0
"EPN1",0
"EPN2",0
"EPN3",14.0939597315436
"EPPK1",0
"EPRS1",0
"EPS15",0
"EPS15L1",0
"EPS8",0
"EPS8L1",0
"EPS8L2",0
"EPS8L3",0
"EPSTI1",8.05369127516778
"EPX",0
"EPYC",87.248322147651
"ERAL1",0
"ERAP1",0
"ERAP2",0
"ERBB2",0
"ERBB3",15.4362416107383
"ERBIN",0
"ERC1",0
"ERCC1",5.36912751677852
"ERCC2",0
"ERCC3",0
"ERCC4",0
"ERCC5",63.0872483221477
"ERCC6",8.05369127516778
"ERCC6L",65.7718120805369
"ERCC8",53.0201342281879
"ERF",36.9127516778523
"ERG",43.6241610738255
"ERG28",26.1744966442953
"ERGIC1",0
"ERGIC2",0
"ERGIC3",0
"ERH",0
"ERI1",0
"ERI3",0
"ERICH1",22.8187919463087
"ERICH5",0
"ERLEC1",0
"ERLIN1",0
"ERLIN2",0
"ERMP1",0
"ERN1",49.6644295302013
"ERN2",15.4362416107383
"ERO1A",0
"ERO1B",0
"ERP27",0
"ERP29",0
"ERP44",0
"ERRFI1",22.8187919463087
"ERVK3.1",0
"ESAM",17.4496644295302
"ESCO1",70.4697986577181
"ESD",0
"ESF1",0
"ESM1",89.9328859060403
"ESPN",22.1476510067114
"ESRP1",0
"ESRP2",4.02684563758389
"ESRRA",57.0469798657718
"ESS2",0
"ESYT1",0
"ESYT2",0
"ESYT3",32.8859060402685
"ETAA1",60.4026845637584
"ETF1",0
"ETFA",0
"ETFB",0
"ETFDH",0
"ETFRF1",21.4765100671141
"ETHE1",0
"ETNK1",12.0805369127517
"ETS1",28.1879194630872
"ETV3",60.4026845637584
"ETV6",0
"EVA1B",53.0201342281879
"EVA1C",77.1812080536913
"EVC",63.758389261745
"EVI2B",0
"EVI5",0
"EVI5L",10.0671140939597
"EVL",0
"EVPL",0
"EWSR1",0
"EXD2",0
"EXD3",77.8523489932886
"EXOC1",0
"EXOC2",0
"EXOC3",0
"EXOC3L2",4.02684563758389
"EXOC3L4",94.6308724832215
"EXOC4",0
"EXOC5",0
"EXOC6",0
"EXOC6B",0
"EXOC7",0
"EXOC8",0
"EXOG",0
"EXOSC1",0
"EXOSC10",0
"EXOSC2",0
"EXOSC3",0
"EXOSC4",0
"EXOSC5",0
"EXOSC6",0
"EXOSC7",0
"EXOSC8",0
"EXOSC9",0
"EXPH5",24.1610738255034
"EXT1",30.8724832214765
"EXT2",0
"EXTL2",32.8859060402685
"EXTL3",76.510067114094
"EYA3",14.0939597315436
"EZH1",34.8993288590604
"EZH2",47.6510067114094
"EZHIP",60.4026845637584
"EZR",0
"F10",0
"F11",0
"F11R",0
"F12",0
"F13A1",0
"F13B",0
"F2",0
"F2R",68.4563758389262
"F2RL1",75.1677852348993
"F3",0
"F5",0
"F7",53.0201342281879
"F8",72.4832214765101
"F9",0
"FA2H",61.744966442953
"FAAH",5.36912751677852
"FAAH2",80.5369127516778
"FAAP100",72.4832214765101
"FABP1",0
"FABP12",69.7986577181208
"FABP2",0
"FABP4",0
"FABP5",0
"FABP6",18.1208053691275
"FABP7",95.9731543624161
"FABP9",0
"FADD",0
"FADS1",69.7986577181208
"FADS2",36.241610738255
"FADS3",85.2348993288591
"FAF1",0
"FAF2",0
"FAH",0
"FAHD1",0
"FAHD2A",0
"FAHD2B",83.2214765100671
"FAIM",10.738255033557
"FAM102A",0
"FAM102B",3.35570469798658
"FAM104A",71.8120805369127
"FAM107B",0
"FAM110A",92.6174496644295
"FAM110B",88.5906040268456
"FAM110C",73.1543624161074
"FAM111A",13.4228187919463
"FAM111B",73.1543624161074
"FAM114A1",0
"FAM114A2",0
"FAM117A",63.758389261745
"FAM117B",12.0805369127517
"FAM118A",43.6241610738255
"FAM118B",0
"FAM120A",0
"FAM120B",0
"FAM120C",0
"FAM122A",32.2147651006711
"FAM122B",57.0469798657718
"FAM126A",4.02684563758389
"FAM126B",37.5838926174497
"FAM133B",44.9664429530201
"FAM135A",65.1006711409396
"FAM136A",0
"FAM13A",3.35570469798658
"FAM151B",36.9127516778523
"FAM160A1",4.69798657718121
"FAM160A2",4.02684563758389
"FAM160B1",0
"FAM160B2",0
"FAM161A",86.5771812080537
"FAM162A",0
"FAM168A",4.02684563758389
"FAM168B",41.6107382550336
"FAM169A",10.0671140939597
"FAM171A1",13.4228187919463
"FAM172A",0
"FAM174A",28.8590604026846
"FAM174B",10.738255033557
"FAM177A1",0
"FAM180A",30.8724832214765
"FAM180B",75.1677852348993
"FAM185A",18.7919463087248
"FAM193A",33.5570469798658
"FAM193B",44.2953020134228
"FAM199X",94.6308724832215
"FAM204A",86.5771812080537
"FAM207A",29.5302013422819
"FAM20A",58.3892617449664
"FAM20B",5.36912751677852
"FAM20C",51.6778523489933
"FAM210A",17.4496644295302
"FAM210B",22.8187919463087
"FAM219A",64.4295302013423
"FAM219B",75.1677852348993
"FAM221A",30.8724832214765
"FAM222B",90.6040268456376
"FAM227B",59.7315436241611
"FAM234A",12.0805369127517
"FAM234B",96.6442953020134
"FAM241A",15.4362416107383
"FAM241B",48.993288590604
"FAM32A",0
"FAM3A",10.0671140939597
"FAM3B",0
"FAM3C",0
"FAM3D",0
"FAM43A",91.2751677852349
"FAM50A",0
"FAM50B",53.6912751677852
"FAM53B",60.4026845637584
"FAM76A",13.4228187919463
"FAM76B",4.02684563758389
"FAM83A",47.6510067114094
"FAM83B",0
"FAM83D",95.3020134228188
"FAM83E",42.9530201342282
"FAM83F",73.1543624161074
"FAM83G",20.1342281879195
"FAM83H",0
"FAM89A",78.5234899328859
"FAM89B",10.0671140939597
"FAM8A1",0
"FAM91A1",0
"FAM92A",41.6107382550336
"FAM92B",42.9530201342282
"FAM98A",0
"FAM98B",0
"FAM98C",0
"FAN1",73.1543624161074
"FANCA",96.6442953020134
"FANCB",95.3020134228188
"FANCD2",72.4832214765101
"FANCI",30.2013422818792
"FANCL",95.9731543624161
"FAP",0
"FAR1",33.5570469798658
"FARP1",0
"FARP2",0
"FARS2",0
"FARSA",0
"FARSB",0
"FAS",5.36912751677852
"FASN",0
"FASTKD1",30.8724832214765
"FASTKD2",0
"FASTKD5",0
"FAT1",0
"FAT2",60.4026845637584
"FAT4",8.05369127516778
"FAU",0
"FBH1",7.38255033557047
"FBL",0
"FBLIM1",0
"FBLL1",10.0671140939597
"FBLN1",0
"FBLN2",0
"FBLN5",0
"FBLN7",2.01342281879195
"FBN1",0
"FBN2",28.1879194630872
"FBN3",0
"FBP1",0
"FBP2",0
"FBRS",57.7181208053691
"FBRSL1",80.5369127516778
"FBXL12",55.7046979865772
"FBXL14",94.6308724832215
"FBXL15",3.35570469798658
"FBXL17",11.4093959731544
"FBXL18",0
"FBXL19",73.8255033557047
"FBXL2",91.9463087248322
"FBXL20",0
"FBXL3",73.1543624161074
"FBXL4",75.8389261744966
"FBXL6",38.255033557047
"FBXL7",96.6442953020134
"FBXL8",47.6510067114094
"FBXO11",20.1342281879195
"FBXO17",81.8791946308725
"FBXO2",0
"FBXO21",19.4630872483221
"FBXO22",0
"FBXO28",79.1946308724832
"FBXO3",0
"FBXO30",5.36912751677852
"FBXO32",92.6174496644295
"FBXO38",0
"FBXO4",0
"FBXO42",77.8523489932886
"FBXO44",52.3489932885906
"FBXO45",0
"FBXO5",23.489932885906
"FBXO6",0
"FBXO7",0
"FBXO9",62.4161073825503
"FBXW11",24.1610738255034
"FBXW2",0
"FBXW4",51.006711409396
"FBXW5",22.1476510067114
"FBXW7",85.9060402684564
"FBXW8",32.8859060402685
"FBXW9",3.35570469798658
"FCAR",53.6912751677852
"FCER1A",95.9731543624161
"FCER1G",0
"FCER2",88.5906040268456
"FCF1",18.7919463087248
"FCGBP",0
"FCGR1A",32.2147651006711
"FCGR2A",57.0469798657718
"FCGR2B",20.1342281879195
"FCGR3A",10.0671140939597
"FCGR3B",56.3758389261745
"FCGRT",0
"FCHO1",37.5838926174497
"FCHO2",0
"FCHSD1",0
"FCHSD2",0
"FCMR",93.9597315436242
"FCN1",0
"FCN2",17.4496644295302
"FCN3",0
"FCRL5",69.7986577181208
"FCRLA",95.9731543624161
"FCSK",0
"FDFT1",0
"FDPS",0
"FDX1",0
"FDX2",5.36912751677852
"FDXACB1",96.6442953020134
"FDXR",0
"FECH",0
"FEM1B",55.0335570469799
"FEM1C",92.6174496644295
"FEN1",0
"FER",0
"FER1L6",12.0805369127517
"FERMT1",0
"FERMT2",0
"FERMT3",0
"FES",0
"FETUB",0
"FEZ2",4.02684563758389
"FGA",0
"FGB",0
"FGD1",71.1409395973154
"FGD2",3.35570469798658
"FGD3",0
"FGD4",0
"FGD5",0
"FGD6",0
"FGF1",24.8322147651007
"FGF2",5.36912751677852
"FGFBP1",36.9127516778523
"FGFR1",27.5167785234899
"FGFR1OP",0
"FGFR1OP2",5.36912751677852
"FGFRL1",82.5503355704698
"FGGY",0
"FGL1",5.36912751677852
"FGL2",0
"FGR",10.738255033557
"FH",0
"FHDC1",95.9731543624161
"FHIT",0
"FHL1",0
"FHL2",0
"FHL3",0
"FHL5",0
"FHOD1",0
"FHOD3",83.8926174496644
"FIBIN",8.05369127516778
"FIBP",0
"FICD",69.7986577181208
"FIG4",0
"FIGNL1",80.5369127516778
"FILIP1",4.02684563758389
"FILIP1L",0
"FIP1L1",0
"FIS1",0
"FITM2",26.1744966442953
"FIZ1",44.2953020134228
"FKBP10",0
"FKBP11",0
"FKBP14",0
"FKBP15",0
"FKBP1A",0
"FKBP1B",8.05369127516778
"FKBP1C",94.6308724832215
"FKBP3",0
"FKBP4",0
"FKBP5",0
"FKBP7",0
"FKBP8",0
"FKBP9",0
"FKBPL",32.2147651006711
"FLAD1",0
"FLCN",3.35570469798658
"FLG",68.4563758389262
"FLI1",18.7919463087248
"FLII",0
"FLNA",0
"FLNB",0
"FLNC",0
"FLOT1",0
"FLOT2",0
"FLRT2",4.69798657718121
"FLRT3",24.8322147651007
"FLT1",0
"FLVCR1",87.9194630872483
"FLVCR2",95.9731543624161
"FLYWCH1",80.5369127516778
"FLYWCH2",0
"FMC1",32.8859060402685
"FMN1",0
"FMNL1",0
"FMNL2",0
"FMNL3",0
"FMO1",14.0939597315436
"FMO3",0
"FMO4",92.6174496644295
"FMO5",0
"FMOD",0
"FMR1",0
"FN1",0
"FN3K",0
"FN3KRP",0
"FNBP1",0
"FNBP1L",0
"FNBP4",0
"FNDC1",0
"FNDC3A",0
"FNDC3B",0
"FNIP1",67.1140939597315
"FNIP2",8.7248322147651
"FNTA",0
"FNTB",28.8590604026846
"FOCAD",0
"FOLH1",24.1610738255034
"FOLR1",34.8993288590604
"FOLR2",0
"FOLR3",79.1946308724832
"FOPNL",75.1677852348993
"FOS",40.2684563758389
"FOSB",92.6174496644295
"FOSL1",84.5637583892617
"FOSL2",10.0671140939597
"FOXA1",65.1006711409396
"FOXA2",24.1610738255034
"FOXA3",46.9798657718121
"FOXC1",68.4563758389262
"FOXF2",77.8523489932886
"FOXJ2",4.69798657718121
"FOXJ3",10.738255033557
"FOXK1",0
"FOXK2",0
"FOXN3",84.5637583892617
"FOXO1",10.0671140939597
"FOXO3",12.751677852349
"FOXO4",83.2214765100671
"FOXP1",85.2348993288591
"FOXP2",95.9731543624161
"FOXP3",96.6442953020134
"FOXP4",40.9395973154362
"FOXRED1",5.36912751677852
"FOXRED2",94.6308724832215
"FPGS",23.489932885906
"FPGT",0
"FPR1",61.0738255033557
"FPR2",95.9731543624161
"FRA10AC1",12.0805369127517
"FRAS1",0
"FREM1",28.8590604026846
"FREM2",8.7248322147651
"FRG1",0
"FRK",0
"FRMD3",94.6308724832215
"FRMD4A",50.3355704697987
"FRMD4B",81.8791946308725
"FRMD5",76.510067114094
"FRMD6",0
"FRMD8",0
"FRMPD3",57.0469798657718
"FRRS1",28.8590604026846
"FRS2",87.248322147651
"FRY",10.0671140939597
"FRYL",0
"FRZB",0
"FSBP",85.9060402684564
"FSCN1",0
"FSD1",75.1677852348993
"FSD1L",16.7785234899329
"FSHR",85.2348993288591
"FST",26.1744966442953
"FSTL1",0
"FSTL3",68.4563758389262
"FTCD",69.7986577181208
"FTH1",0
"FTL",0
"FTO",0
"FTSJ1",0
"FTSJ3",0
"FUBP1",0
"FUBP3",0
"FUCA1",0
"FUCA2",0
"FUNDC1",47.6510067114094
"FUNDC2",0
"FUOM",67.7852348993289
"FURIN",30.8724832214765
"FUS",0
"FUT1",83.2214765100671
"FUT11",3.35570469798658
"FUT2",63.0872483221477
"FUT3",15.4362416107383
"FUT4",65.7718120805369
"FUT6",61.744966442953
"FUT8",0
"FXN",0
"FXR1",0
"FXR2",0
"FXYD1",86.5771812080537
"FXYD2",0
"FYB1",0
"FYCO1",0
"FYN",3.35570469798658
"FYTTD1",0
"FZD1",4.02684563758389
"FZD2",80.5369127516778
"FZD4",89.9328859060403
"FZD5",89.261744966443
"FZD6",20.8053691275168
"FZD7",69.7986577181208
"FZR1",28.8590604026846
"G3BP1",0
"G3BP2",0
"G6PC3",25.503355704698
"G6PD",0
"GAA",0
"GAB1",0
"GAB2",0
"GAB3",81.2080536912752
"GABARAP",32.2147651006711
"GABARAPL1",11.4093959731544
"GABARAPL2",0
"GABPA",0
"GABPB1",0
"GABPB2",67.7852348993289
"GAD2",27.5167785234899
"GADD45GIP1",0
"GAK",0
"GAL3ST4",34.8993288590604
"GALC",0
"GALE",0
"GALK1",0
"GALK2",0
"GALM",0
"GALNS",0
"GALNT1",0
"GALNT10",10.0671140939597
"GALNT11",0
"GALNT12",0
"GALNT14",86.5771812080537
"GALNT16",57.7181208053691
"GALNT2",0
"GALNT3",0
"GALNT5",0
"GALNT6",0
"GALNT7",0
"GALNT9",56.3758389261745
"GALT",0
"GAMT",0
"GAN",0
"GANAB",0
"GANC",0
"GAP43",0
"GAPDH",0
"GAPDHS",73.8255033557047
"GAPVD1",0
"GAR1",0
"GAREM1",57.7181208053691
"GARS1",0
"GART",0
"GAS1",79.1946308724832
"GAS2",0
"GAS2L1",37.5838926174497
"GAS6",0
"GAS7",0
"GASK1B",0
"GAST",69.7986577181208
"GATA4",78.5234899328859
"GATA6",36.241610738255
"GATAD1",20.1342281879195
"GATAD2A",0
"GATAD2B",0
"GATB",9.39597315436242
"GATC",96.6442953020134
"GATD1",0
"GATM",0
"GBA",0
"GBA2",21.4765100671141
"GBA3",72.4832214765101
"GBE1",0
"GBF1",0
"GBP1",0
"GBP2",0
"GBP3",40.9395973154362
"GBP4",0
"GBP5",0
"GBP6",79.8657718120805
"GBP7",77.1812080536913
"GC",0
"GCA",0
"GCAT",3.35570469798658
"GCC1",0
"GCC2",0
"GCDH",0
"GCFC2",0
"GCG",0
"GCH1",46.3087248322148
"GCHFR",3.35570469798658
"GCLC",0
"GCLM",0
"GCN1",0
"GCNT1",30.2013422818792
"GCNT3",0
"GCSAM",94.6308724832215
"GCSH",0
"GDA",0
"GDAP1",0
"GDAP2",0
"GDE1",5.36912751677852
"GDF15",20.8053691275168
"GDI1",0
"GDI2",0
"GDPD1",35.5704697986577
"GDPD3",21.4765100671141
"GDPGP1",7.38255033557047
"GEM",6.71140939597315
"GEMIN2",18.7919463087248
"GEMIN4",0
"GEMIN5",0
"GEMIN6",30.2013422818792
"GEMIN7",34.2281879194631
"GEMIN8",20.1342281879195
"GEN1",77.1812080536913
"GET1",57.7181208053691
"GET3",0
"GET4",0
"GFAP",48.3221476510067
"GFER",0
"GFM1",0
"GFM2",0
"GFOD1",67.1140939597315
"GFOD2",22.8187919463087
"GFPT1",0
"GFPT2",0
"GFRA1",10.0671140939597
"GFRA2",91.9463087248322
"GFRA3",69.1275167785235
"GGA1",0
"GGA2",0
"GGA3",0
"GGACT",0
"GGCT",0
"GGCX",10.0671140939597
"GGH",0
"GGNBP2",28.8590604026846
"GGPS1",0
"GGT2",48.3221476510067
"GGT5",0
"GGT6",79.1946308724832
"GGT7",3.35570469798658
"GHDC",0
"GHITM",21.4765100671141
"GHRL",0
"GID4",48.993288590604
"GID8",0
"GIGYF1",0
"GIGYF2",0
"GIMAP1",0
"GIMAP1.GIMAP5",96.6442953020134
"GIMAP2",43.6241610738255
"GIMAP4",0
"GIMAP6",42.9530201342282
"GIMAP7",0
"GIMAP8",0
"GINS1",34.8993288590604
"GINS2",79.8657718120805
"GINS3",30.2013422818792
"GINS4",70.4697986577181
"GIP",36.241610738255
"GIPC1",0
"GIPC2",0
"GIPC3",15.4362416107383
"GIT1",0
"GIT2",0
"GJA1",54.3624161073826
"GJB1",24.8322147651007
"GJB3",57.7181208053691
"GK",15.4362416107383
"GK5",77.1812080536913
"GKAP1",72.4832214765101
"GKN1",44.2953020134228
"GKN2",79.8657718120805
"GLA",0
"GLB1",0
"GLB1L",63.0872483221477
"GLB1L2",76.510067114094
"GLCCI1",63.0872483221477
"GLCE",0
"GLDC",78.5234899328859
"GLE1",3.35570469798658
"GLG1",0
"GLI1",65.7718120805369
"GLI2",81.2080536912752
"GLI3",89.9328859060403
"GLIPR1",20.8053691275168
"GLIPR2",0
"GLIS3",95.9731543624161
"GLMN",4.02684563758389
"GLMP",30.2013422818792
"GLO1",0
"GLOD4",0
"GLOD5",71.1409395973154
"GLRX",0
"GLRX2",75.8389261744966
"GLRX3",0
"GLRX5",0
"GLS",0
"GLS2",22.1476510067114
"GLT8D1",0
"GLT8D2",18.7919463087248
"GLTP",0
"GLUD1",0
"GLUD2",0
"GLUL",0
"GLYCTK",66.4429530201342
"GLYR1",0
"GM2A",0
"GMCL1",93.9597315436242
"GMDS",0
"GMEB1",0
"GMEB2",0
"GMFB",0
"GMFG",0
"GMIP",0
"GMNN",69.7986577181208
"GMPPA",0
"GMPPB",0
"GMPR",0
"GMPR2",0
"GMPS",0
"GNA11",0
"GNA12",15.4362416107383
"GNA13",0
"GNA14",86.5771812080537
"GNA15",42.9530201342282
"GNAI1",3.35570469798658
"GNAI2",0
"GNAI3",0
"GNAO1",0
"GNAQ",0
"GNAS",0
"GNAZ",81.2080536912752
"GNB1",0
"GNB1L",3.35570469798658
"GNB2",0
"GNB3",84.5637583892617
"GNB4",0
"GNB5",41.6107382550336
"GNE",0
"GNG10",58.3892617449664
"GNG11",23.489932885906
"GNG12",0
"GNG2",0
"GNG4",60.4026845637584
"GNG5",0
"GNG7",4.02684563758389
"GNL1",0
"GNL2",0
"GNL3",0
"GNL3L",0
"GNLY",65.7718120805369
"GNMT",0
"GNPAT",0
"GNPDA1",0
"GNPDA2",0
"GNPNAT1",0
"GNPTAB",27.5167785234899
"GNPTG",0
"GNS",0
"GOLGA1",0
"GOLGA2",0
"GOLGA3",0
"GOLGA4",0
"GOLGA5",0
"GOLGA7",0
"GOLGB1",0
"GOLIM4",0
"GOLM1",0
"GOLPH3",0
"GOLPH3L",0
"GOLT1B",44.2953020134228
"GON4L",42.9530201342282
"GON7",0
"GOPC",0
"GORAB",0
"GORASP1",2.01342281879195
"GORASP2",0
"GOSR1",0
"GOT1",0
"GOT2",0
"GP1BA",46.9798657718121
"GP1BB",86.5771812080537
"GP2",0
"GP5",59.0604026845638
"GP6",30.2013422818792
"GP9",95.9731543624161
"GPA33",18.7919463087248
"GPAA1",0
"GPALPP1",0
"GPAM",41.6107382550336
"GPANK1",95.3020134228188
"GPAT3",50.3355704697987
"GPAT4",5.36912751677852
"GPATCH1",0
"GPATCH11",5.36912751677852
"GPATCH2",24.8322147651007
"GPATCH2L",77.1812080536913
"GPATCH4",34.2281879194631
"GPATCH8",0
"GPBP1",12.0805369127517
"GPBP1L1",23.489932885906
"GPC1",0
"GPC3",73.1543624161074
"GPC4",0
"GPC6",0
"GPCPD1",0
"GPD1",0
"GPD1L",0
"GPD2",0
"GPHA2",95.3020134228188
"GPHN",0
"GPI",0
"GPKOW",0
"GPLD1",0
"GPM6B",71.1409395973154
"GPN1",4.02684563758389
"GPN2",56.3758389261745
"GPN3",38.9261744966443
"GPNMB",0
"GPR107",0
"GPR108",0
"GPR137B",96.6442953020134
"GPR157",95.9731543624161
"GPR180",0
"GPR39",41.6107382550336
"GPR84",46.3087248322148
"GPRASP2",32.8859060402685
"GPRC5A",0
"GPRC5B",95.3020134228188
"GPRC5C",3.35570469798658
"GPRIN1",0
"GPRIN3",0
"GPS1",0
"GPS2",4.02684563758389
"GPSM1",16.1073825503356
"GPSM3",0
"GPT",0
"GPT2",0
"GPX1",0
"GPX2",0
"GPX3",0
"GPX4",0
"GPX7",0
"GPX8",0
"GRAMD1A",17.4496644295302
"GRAMD1B",48.993288590604
"GRAMD2B",18.7919463087248
"GRAMD4",0
"GRAP",20.1342281879195
"GRAP2",0
"GRB10",0
"GRB14",72.4832214765101
"GRB2",0
"GRB7",0
"GREB1",87.9194630872483
"GREM1",0
"GREM2",93.2885906040269
"GRHL1",63.758389261745
"GRHL2",4.02684563758389
"GRHL3",87.248322147651
"GRHPR",0
"GRIP1",60.4026845637584
"GRIPAP1",0
"GRK2",0
"GRK3",59.7315436241611
"GRK5",9.39597315436242
"GRK6",0
"GRN",0
"GRP",21.4765100671141
"GRPEL1",0
"GRPEL2",75.1677852348993
"GRSF1",0
"GRTP1",79.8657718120805
"GRWD1",0
"GSAP",58.3892617449664
"GSDMA",48.3221476510067
"GSDMB",0
"GSDMD",0
"GSDME",0
"GSE1",18.7919463087248
"GSK3A",0
"GSK3B",0
"GSKIP",5.36912751677852
"GSN",0
"GSPT1",0
"GSPT2",0
"GSR",0
"GSS",0
"GSTA3",86.5771812080537
"GSTA4",0
"GSTCD",0
"GSTK1",0
"GSTM1",69.1275167785235
"GSTM2",0
"GSTM3",0
"GSTM4",5.36912751677852
"GSTM5",0
"GSTO1",0
"GSTZ1",0
"GTDC1",43.6241610738255
"GTF2A1",0
"GTF2A2",0
"GTF2B",0
"GTF2E1",9.39597315436242
"GTF2E2",0
"GTF2F1",0
"GTF2F2",0
"GTF2H1",0
"GTF2H3",27.5167785234899
"GTF2H4",0
"GTF2H5",11.4093959731544
"GTF2I",0
"GTF2IRD1",88.5906040268456
"GTF2IRD2",96.6442953020134
"GTF3A",28.1879194630872
"GTF3C1",0
"GTF3C2",0
"GTF3C3",0
"GTF3C4",0
"GTF3C5",0
"GTF3C6",6.04026845637584
"GTPBP1",0
"GTPBP10",0
"GTPBP2",0
"GTPBP3",46.9798657718121
"GTPBP4",0
"GTPBP6",0
"GTPBP8",46.3087248322148
"GTSE1",73.8255033557047
"GTSF1",73.1543624161074
"GUCA2A",81.8791946308725
"GUCD1",87.248322147651
"GUCY1A1",0
"GUCY1A2",0
"GUCY1B1",0
"GUCY2C",69.7986577181208
"GUF1",0
"GUK1",0
"GULP1",0
"GUSB",0
"GXYLT1",13.4228187919463
"GXYLT2",71.8120805369127
"GYG1",0
"GYG2",18.1208053691275
"GYPA",37.5838926174497
"GYPC",48.993288590604
"GYS1",0
"GZF1",83.2214765100671
"GZMA",0
"GZMB",75.1677852348993
"GZMH",16.1073825503356
"GZMK",8.7248322147651
"GZMM",46.3087248322148
"H1.0",0
"H1.1",8.7248322147651
"H1.10",0
"H1.2",0
"H1.3",0
"H1.4",0
"H1.5",0
"H2AC21",0
"H2AX",0
"H2BC1",8.05369127516778
"H3.2",4.02684563758389
"H3Y2",70.4697986577181
"H6PD",0
"HAAO",0
"HABP2",0
"HABP4",0
"HACD2",0
"HACD3",0
"HACD4",44.9664429530201
"HACE1",29.5302013422819
"HACL1",0
"HADH",0
"HADHA",0
"HADHB",0
"HAGH",0
"HAMP",83.2214765100671
"HAND2",96.6442953020134
"HAPLN1",4.02684563758389
"HAPLN3",0
"HAPLN4",93.9597315436242
"HARS2",0
"HAT1",0
"HAUS1",40.9395973154362
"HAUS2",33.5570469798658
"HAUS3",22.1476510067114
"HAUS4",39.5973154362416
"HAUS5",34.8993288590604
"HAUS6",30.8724832214765
"HAUS7",8.7248322147651
"HAUS8",14.7651006711409
"HAVCR1",79.8657718120805
"HAVCR2",61.0738255033557
"HAX1",0
"HBB",85.2348993288591
"HBD",0
"HBG1",46.9798657718121
"HBG2",58.3892617449664
"HBM",73.8255033557047
"HBP1",8.7248322147651
"HBQ1",24.1610738255034
"HBS1L",0
"HBZ",38.255033557047
"HCCS",0
"HCFC1",0
"HCFC2",3.35570469798658
"HCK",0
"HCLS1",0
"HDAC1",0
"HDAC10",0
"HDAC11",72.4832214765101
"HDAC2",0
"HDAC3",0
"HDAC4",0
"HDAC5",10.0671140939597
"HDAC6",0
"HDAC7",0
"HDAC9",62.4161073825503
"HDDC2",0
"HDDC3",0
"HDGF",0
"HDGFL2",0
"HDGFL3",0
"HDHD2",0
"HDHD3",0
"HDHD5",0
"HDLBP",0
"HEATR1",0
"HEATR3",0
"HEATR5A",0
"HEATR5B",0
"HEATR6",7.38255033557047
"HEBP1",0
"HEBP2",0
"HECA",0
"HECTD1",0
"HECTD3",0
"HECTD4",0
"HECW1",86.5771812080537
"HECW2",65.7718120805369
"HEG1",23.489932885906
"HELB",87.9194630872483
"HELLS",30.8724832214765
"HELZ",0
"HELZ2",0
"HEMK1",53.6912751677852
"HENMT1",91.9463087248322
"HEPH",0
"HERC1",0
"HERC2",0
"HERC4",0
"HERC5",16.1073825503356
"HERC6",47.6510067114094
"HERPUD1",32.8859060402685
"HERPUD2",48.3221476510067
"HES1",3.35570469798658
"HEXA",0
"HEXB",0
"HEXD",30.8724832214765
"HEXIM1",0
"HEXIM2",77.8523489932886
"HFE",32.2147651006711
"HGD",0
"HGF",0
"HGFAC",0
"HGH1",0
"HGS",0
"HGSNAT",49.6644295302013
"HHEX",76.510067114094
"HHIP",93.2885906040269
"HHIPL1",73.8255033557047
"HHLA2",61.744966442953
"HIBADH",0
"HIBCH",0
"HIC1",4.69798657718121
"HID1",0
"HIF1AN",4.02684563758389
"HIGD2A",38.255033557047
"HIKESHI",0
"HINT1",0
"HINT2",0
"HINT3",0
"HIP1",0
"HIP1R",0
"HIPK1",63.758389261745
"HIPK2",73.8255033557047
"HIRA",0
"HIRIP3",0
"HIVEP1",79.8657718120805
"HIVEP2",39.5973154362416
"HIVEP3",42.9530201342282
"HJURP",84.5637583892617
"HK1",0
"HK2",0
"HK3",0
"HKDC1",0
"HLA.A",0
"HLA.B",0
"HLA.C",0
"HLA.DMA",0
"HLA.DMB",7.38255033557047
"HLA.DOA",79.1946308724832
"HLA.DPA1",0
"HLA.DPB1",0
"HLA.DQA1",20.1342281879195
"HLA.DQB1",14.0939597315436
"HLA.DQB2",41.6107382550336
"HLA.DRA",0
"HLA.DRB1",0
"HLA.DRB5",0
"HLA.E",0
"HLA.F",0
"HLA.G",93.2885906040269
"HLCS",4.02684563758389
"HLTF",0
"HM13",0
"HMBOX1",39.5973154362416
"HMBS",0
"HMCES",0
"HMCN1",0
"HMCN2",56.3758389261745
"HMG20A",0
"HMG20B",22.8187919463087
"HMGA1",0
"HMGA2",11.4093959731544
"HMGB1",0
"HMGB2",0
"HMGB3",0
"HMGCL",0
"HMGCR",69.1275167785235
"HMGCS1",0
"HMGCS2",0
"HMGN1",0
"HMGN2",0
"HMGN3",0
"HMGN4",0
"HMGN5",0
"HMGXB3",74.496644295302
"HMGXB4",12.0805369127517
"HMMR",61.0738255033557
"HMOX1",0
"HMOX2",0
"HNF1A",86.5771812080537
"HNF1B",24.1610738255034
"HNF4A",14.0939597315436
"HNF4G",67.1140939597315
"HNMT",0
"HNRNPA0",0
"HNRNPA1",0.671140939597315
"HNRNPA1L2",86.5771812080537
"HNRNPA2B1",0
"HNRNPA3",0
"HNRNPAB",0
"HNRNPC",0
"HNRNPD",0
"HNRNPDL",0
"HNRNPF",0
"HNRNPH1",0
"HNRNPH2",0
"HNRNPH3",0
"HNRNPK",0
"HNRNPL",0
"HNRNPLL",0
"HNRNPM",0
"HNRNPR",0
"HNRNPU",0
"HNRNPUL1",0
"HNRNPUL2",0
"HOGA1",0
"HOMER1",23.489932885906
"HOMER2",5.36912751677852
"HOMER3",0
"HOMEZ",59.0604026845638
"HOOK1",0
"HOOK2",0
"HOOK3",0
"HOPX",0
"HOXA4",94.6308724832215
"HOXA5",52.3489932885906
"HOXC4",83.2214765100671
"HOXD9",60.4026845637584
"HP",0
"HP1BP3",0
"HPCAL1",0
"HPD",86.5771812080537
"HPDL",92.6174496644295
"HPF1",0
"HPGD",0
"HPGDS",7.38255033557047
"HPN",96.6442953020134
"HPR",0
"HPRT1",0
"HPS1",63.758389261745
"HPS3",0
"HPS4",21.4765100671141
"HPS5",4.02684563758389
"HPS6",0
"HPSE",22.8187919463087
"HPX",0
"HRC",52.3489932885906
"HRG",0
"HRNR",92.6174496644295
"HROB",72.4832214765101
"HS1BP3",0
"HS2ST1",24.8322147651007
"HS3ST1",53.0201342281879
"HS6ST1",59.0604026845638
"HSBP1",0
"HSCB",5.36912751677852
"HSD11B1",0
"HSD11B2",32.2147651006711
"HSD17B10",0
"HSD17B11",0
"HSD17B12",0
"HSD17B14",69.1275167785235
"HSD17B2",0
"HSD17B4",0
"HSD17B6",94.6308724832215
"HSD17B7",0
"HSD17B8",0
"HSD3B1",83.2214765100671
"HSD3B7",34.8993288590604
"HSDL1",0
"HSDL2",0
"HSF1",0
"HSF2BP",24.8322147651007
"HSH2D",12.0805369127517
"HSP90AA1",0
"HSP90AB1",0
"HSP90B1",0
"HSPA12A",0
"HSPA12B",0
"HSPA13",0
"HSPA14",0
"HSPA1L",0
"HSPA2",0
"HSPA4",0
"HSPA5",0
"HSPA6",67.7852348993289
"HSPA8",0
"HSPA9",0
"HSPB1",0
"HSPB11",0
"HSPB6",0
"HSPB7",0
"HSPB8",0
"HSPBAP1",26.8456375838926
"HSPBP1",0
"HSPD1",0
"HSPE1",0
"HSPG2",0
"HSPH1",0
"HTATIP2",0
"HTATSF1",0
"HTD2",68.4563758389262
"HTRA1",0
"HTRA2",0
"HTRA3",0
"HTT",0
"HUS1",8.7248322147651
"HUWE1",0
"HVCN1",14.7651006711409
"HYAL1",56.3758389261745
"HYAL2",57.0469798657718
"HYDIN",33.5570469798658
"HYI",0
"HYKK",87.9194630872483
"HYOU1",0
"HYPK",0
"IAH1",0
"IAPP",14.7651006711409
"IARS1",0
"IARS2",0
"IBA57",0
"IBTK",0
"ICA1",0
"ICAM1",0
"ICAM2",0
"ICAM3",3.35570469798658
"ICAM5",71.1409395973154
"ICE1",51.6778523489933
"ICE2",59.0604026845638
"ICMT",53.6912751677852
"ICOS",93.2885906040269
"ID1",78.5234899328859
"ID2",96.6442953020134
"IDE",0
"IDH1",0
"IDH2",0
"IDH3A",0
"IDH3B",0
"IDH3G",0
"IDI1",0
"IDNK",12.751677852349
"IDO1",15.4362416107383
"IDS",0
"IDUA",0
"IER2",78.5234899328859
"IFFO2",71.1409395973154
"IFI16",0
"IFI27",93.2885906040269
"IFI27L2",68.4563758389262
"IFI30",0
"IFI35",0
"IFI44",16.1073825503356
"IFI44L",8.05369127516778
"IFI6",71.8120805369127
"IFIH1",0
"IFIT1",0
"IFIT2",0
"IFIT3",0
"IFIT5",0
"IFITM2",24.1610738255034
"IFITM3",0
"IFNAR1",96.6442953020134
"IFNGR1",22.8187919463087
"IFRD1",37.5838926174497
"IFRD2",0
"IFT122",0
"IFT140",0
"IFT172",8.7248322147651
"IFT20",0
"IFT22",14.0939597315436
"IFT27",0
"IFT43",27.5167785234899
"IFT46",29.5302013422819
"IFT52",4.69798657718121
"IFT57",17.4496644295302
"IFT74",3.35570469798658
"IFT80",27.5167785234899
"IFT81",3.35570469798658
"IFT88",0
"IGBP1",0
"IGDCC4",78.5234899328859
"IGF1",83.2214765100671
"IGF1R",10.738255033557
"IGF2BP1",34.8993288590604
"IGF2BP2",0
"IGF2BP3",0
"IGF2R",0
"IGFALS",0
"IGFBP1",64.4295302013423
"IGFBP2",0
"IGFBP3",0
"IGFBP4",0
"IGFBP5",0
"IGFBP6",4.69798657718121
"IGFBP7",0
"IGFBPL1",95.9731543624161
"IGFLR1",55.7046979865772
"IGHA1",0
"IGHA2",0
"IGHD",0
"IGHE",65.1006711409396
"IGHG1",0
"IGHG2",0
"IGHG3",0
"IGHG4",0
"IGHM",0
"IGHMBP2",22.8187919463087
"IGHV1.18",8.7248322147651
"IGHV1.2",12.0805369127517
"IGHV1.24",24.8322147651007
"IGHV1.3",9.39597315436242
"IGHV1.45",79.1946308724832
"IGHV1.46",10.0671140939597
"IGHV1.58",23.489932885906
"IGHV1.69.2",58.3892617449664
"IGHV1.69D",53.6912751677852
"IGHV1OR15.9",23.489932885906
"IGHV2.26",17.4496644295302
"IGHV2.5",0.671140939597315
"IGHV2.70",28.1879194630872
"IGHV2.70D",29.5302013422819
"IGHV3.13",20.1342281879195
"IGHV3.15",0
"IGHV3.20",71.8120805369127
"IGHV3.21",90.6040268456376
"IGHV3.23",11.4093959731544
"IGHV3.30",61.0738255033557
"IGHV3.35",0
"IGHV3.38",3.35570469798658
"IGHV3.43",0
"IGHV3.48",86.5771812080537
"IGHV3.49",0
"IGHV3.64",35.5704697986577
"IGHV3.64D",0
"IGHV3.7",0
"IGHV3.72",0
"IGHV3.73",32.2147651006711
"IGHV3.74",50.3355704697987
"IGHV3OR15.7",4.02684563758389
"IGHV3OR16.10",91.9463087248322
"IGHV3OR16.12",0
"IGHV3OR16.9",92.6174496644295
"IGHV4.28",0
"IGHV4.31",23.489932885906
"IGHV4.34",16.1073825503356
"IGHV4.39",94.6308724832215
"IGHV4.4",29.5302013422819
"IGHV5.10.1",5.36912751677852
"IGHV5.51",0
"IGHV6.1",0
"IGHV7.4.1",71.8120805369127
"IGHV7.81",27.5167785234899
"IGKC",0
"IGKJ4",0.671140939597315
"IGKV1.16",0
"IGKV1.27",0
"IGKV1.5",10.738255033557
"IGKV1.6",83.2214765100671
"IGKV1.8",36.241610738255
"IGKV1D.13",8.05369127516778
"IGKV1D.16",71.1409395973154
"IGKV1D.8",83.2214765100671
"IGKV1OR2.108",4.69798657718121
"IGKV2D.28",95.9731543624161
"IGKV2D.29",0
"IGKV2D.30",70.4697986577181
"IGKV3.20",0.671140939597315
"IGKV3.7",0
"IGKV3D.15",51.6778523489933
"IGKV3D.20",0
"IGKV3OR2.268",65.7718120805369
"IGKV4.1",0
"IGKV6.21",12.751677852349
"IGLC7",0
"IGLJ6",69.7986577181208
"IGLL1",0
"IGLL5",0
"IGLV1.36",16.1073825503356
"IGLV1.40",13.4228187919463
"IGLV1.44",0
"IGLV1.47",0.671140939597315
"IGLV1.51",0
"IGLV10.54",90.6040268456376
"IGLV2.11",0.671140939597315
"IGLV2.14",38.255033557047
"IGLV2.18",0
"IGLV2.23",51.006711409396
"IGLV2.8",0
"IGLV3.1",5.36912751677852
"IGLV3.10",8.7248322147651
"IGLV3.12",57.7181208053691
"IGLV3.16",7.38255033557047
"IGLV3.19",0
"IGLV3.21",0
"IGLV3.25",0
"IGLV3.27",29.5302013422819
"IGLV3.9",4.02684563758389
"IGLV4.3",75.8389261744966
"IGLV4.60",0
"IGLV4.69",0
"IGLV5.37",96.6442953020134
"IGLV5.45",8.7248322147651
"IGLV5.48",70.4697986577181
"IGLV6.57",10.0671140939597
"IGLV7.43",24.1610738255034
"IGLV7.46",16.7785234899329
"IGLV8.61",0
"IGLV9.49",5.36912751677852
"IGSF3",69.1275167785235
"IGSF6",48.3221476510067
"IGSF8",9.39597315436242
"IGSF9",91.2751677852349
"IK",0
"IKBIP",0
"IKBKB",0
"IKBKE",17.4496644295302
"IKBKG",0
"IKZF1",10.0671140939597
"IKZF2",93.2885906040269
"IKZF3",41.6107382550336
"IKZF5",80.5369127516778
"IL10RB",63.758389261745
"IL16",0
"IL17D",94.6308724832215
"IL17RA",79.1946308724832
"IL18",0
"IL18BP",20.8053691275168
"IL18R1",91.9463087248322
"IL1B",92.6174496644295
"IL1RAP",4.69798657718121
"IL1RL2",70.4697986577181
"IL1RN",0
"IL20RA",62.4161073825503
"IL22RA1",82.5503355704698
"IL23R",82.5503355704698
"IL2RG",93.9597315436242
"IL32",34.8993288590604
"IL33",21.4765100671141
"IL3RA",93.2885906040269
"IL4I1",0
"IL6R",85.9060402684564
"IL6ST",21.4765100671141
"ILF2",0
"ILF3",0
"ILK",0
"ILKAP",0
"ILRUN",28.8590604026846
"ILVBL",0
"IMMP1L",96.6442953020134
"IMMP2L",87.9194630872483
"IMMT",0
"IMP3",0.671140939597315
"IMP4",3.35570469798658
"IMPA1",0
"IMPA2",0
"IMPACT",0
"IMPAD1",0
"IMPDH1",0
"IMPDH2",0
"INA",0
"INAVA",56.3758389261745
"INCENP",65.7718120805369
"INF2",0
"ING1",0
"ING2",89.261744966443
"ING3",8.05369127516778
"ING4",12.0805369127517
"ING5",24.8322147651007
"INHBA",0
"INHBC",59.7315436241611
"INHBE",83.8926174496644
"INIP",9.39597315436242
"INMT",5.36912751677852
"INO80",4.02684563758389
"INO80C",30.8724832214765
"INO80D",93.2885906040269
"INO80E",21.4765100671141
"INPP1",0
"INPP4A",0
"INPP4B",0
"INPP5A",0
"INPP5B",5.36912751677852
"INPP5D",0
"INPP5F",0
"INPP5K",4.02684563758389
"INPPL1",0
"INS",0
"INSIG2",95.9731543624161
"INSR",0
"INTS1",0
"INTS10",0
"INTS11",0
"INTS12",0
"INTS13",0
"INTS14",0
"INTS2",0
"INTS3",0
"INTS4",0
"INTS5",0
"INTS6",0
"INTS6L",92.6174496644295
"INTS7",0
"INTS8",0
"INTS9",0
"INTU",92.6174496644295
"INVS",83.2214765100671
"IP6K1",13.4228187919463
"IPMK",56.3758389261745
"IPO11",0
"IPO13",7.38255033557047
"IPO4",0
"IPO5",0
"IPO7",0
"IPO8",0
"IPO9",0
"IQCB1",56.3758389261745
"IQCE",81.8791946308725
"IQCJ.SCHIP1",91.9463087248322
"IQGAP1",0
"IQGAP2",0
"IQGAP3",0
"IQSEC1",0
"IQSEC2",11.4093959731544
"IRAK1",10.738255033557
"IRAK1BP1",95.9731543624161
"IRAK2",66.4429530201342
"IRAK3",4.69798657718121
"IRAK4",0
"IREB2",0
"IRF1",68.4563758389262
"IRF2",0
"IRF2BP1",0
"IRF2BP2",0
"IRF2BPL",0
"IRF3",0
"IRF4",14.0939597315436
"IRF5",0
"IRF6",0
"IRF8",7.38255033557047
"IRF9",0
"IRGQ",0
"IRS1",2.01342281879195
"IRS2",0
"ISCA1",0
"ISCA2",0
"ISCU",0
"ISG15",0
"ISG20",0
"ISG20L2",0
"ISL2",89.261744966443
"ISLR",0
"ISOC1",0
"ISOC2",0
"IST1",0
"ISYNA1",0
"ITCH",0
"ITFG1",0
"ITFG2",2.01342281879195
"ITGA1",0
"ITGA10",87.248322147651
"ITGA11",0
"ITGA2",0
"ITGA2B",8.7248322147651
"ITGA3",0
"ITGA4",0
"ITGA5",0
"ITGA6",0
"ITGA7",0
"ITGA8",65.7718120805369
"ITGA9",20.8053691275168
"ITGAE",59.0604026845638
"ITGAL",0
"ITGAM",0
"ITGAV",0
"ITGAX",0
"ITGB1",0
"ITGB1BP1",24.1610738255034
"ITGB2",0
"ITGB3",58.3892617449664
"ITGB4",0
"ITGB5",0
"ITGB6",0
"ITGB7",65.7718120805369
"ITGB8",29.5302013422819
"ITGBL1",0
"ITIH1",0
"ITIH2",0
"ITIH3",0
"ITIH4",0
"ITIH5",0
"ITK",89.9328859060403
"ITLN1",0
"ITLN2",29.5302013422819
"ITM2A",82.5503355704698
"ITM2B",0
"ITM2C",46.9798657718121
"ITPA",0
"ITPK1",0
"ITPKA",59.7315436241611
"ITPKB",0
"ITPKC",0
"ITPR1",0
"ITPR2",0
"ITPR3",0
"ITPRID2",0
"ITPRIP",14.0939597315436
"ITPRIPL2",66.4429530201342
"ITSN1",0
"ITSN2",0
"IVD",0
"IVL",53.6912751677852
"IVNS1ABP",0
"IWS1",0
"IYD",73.1543624161074
"JADE1",88.5906040268456
"JADE2",9.39597315436242
"JADE3",66.4429530201342
"JAG1",8.7248322147651
"JAGN1",0
"JAK1",0
"JAK2",14.0939597315436
"JAK3",40.2684563758389
"JAM2",79.1946308724832
"JAM3",17.4496644295302
"JAML",83.2214765100671
"JARID2",89.9328859060403
"JCAD",0
"JCHAIN",0
"JDP2",85.9060402684564
"JMJD1C",0
"JMJD4",89.261744966443
"JMJD6",9.39597315436242
"JMJD7",35.5704697986577
"JMJD8",34.2281879194631
"JMY",18.1208053691275
"JOSD1",89.9328859060403
"JOSD2",40.2684563758389
"JPH1",75.1677852348993
"JPH2",46.3087248322148
"JPT1",0
"JPT2",0
"JRKL",91.2751677852349
"JSRP1",73.8255033557047
"JTB",6.04026845637584
"JUN",24.8322147651007
"JUNB",0
"JUND",0
"JUP",0
"KALRN",0
"KANK1",0
"KANK2",0
"KANK3",6.04026845637584
"KANK4",0
"KANSL1",7.38255033557047
"KANSL2",48.993288590604
"KANSL3",7.38255033557047
"KARS1",0
"KAT14",27.5167785234899
"KAT2A",79.8657718120805
"KAT2B",65.1006711409396
"KAT5",40.2684563758389
"KAT6A",53.6912751677852
"KAT6B",63.758389261745
"KAT7",0
"KAT8",5.36912751677852
"KATNA1",0
"KATNAL1",4.02684563758389
"KATNB1",4.69798657718121
"KATNBL1",88.5906040268456
"KAZN",85.2348993288591
"KBTBD11",0
"KBTBD2",8.7248322147651
"KBTBD4",18.1208053691275
"KBTBD6",87.9194630872483
"KBTBD7",93.2885906040269
"KCMF1",0
"KCNAB1",91.9463087248322
"KCNAB2",0
"KCNJ15",59.0604026845638
"KCNJ5",5.36912751677852
"KCNJ8",83.2214765100671
"KCNK1",74.496644295302
"KCNMA1",85.9060402684564
"KCNN4",57.7181208053691
"KCNQ1",75.1677852348993
"KCP",72.4832214765101
"KCTD1",71.8120805369127
"KCTD10",0
"KCTD12",0
"KCTD14",0
"KCTD15",45.6375838926174
"KCTD16",36.9127516778523
"KCTD17",85.2348993288591
"KCTD18",10.0671140939597
"KCTD2",63.0872483221477
"KCTD20",67.1140939597315
"KCTD21",0
"KCTD3",4.69798657718121
"KCTD5",16.7785234899329
"KCTD6",77.8523489932886
"KCTD7",96.6442953020134
"KCTD9",14.0939597315436
"KDELR1",94.6308724832215
"KDELR3",12.751677852349
"KDF1",49.6644295302013
"KDM1A",0
"KDM1B",4.02684563758389
"KDM2A",0
"KDM2B",12.751677852349
"KDM3A",4.02684563758389
"KDM3B",0
"KDM4A",7.38255033557047
"KDM4B",8.7248322147651
"KDM4C",61.744966442953
"KDM5A",0
"KDM5B",8.7248322147651
"KDM5C",20.1342281879195
"KDM6A",3.35570469798658
"KDM8",23.489932885906
"KDR",93.9597315436242
"KDSR",0
"KEAP1",0
"KEL",92.6174496644295
"KERA",73.1543624161074
"KHDC4",8.7248322147651
"KHDRBS1",0
"KHDRBS3",0
"KHK",0
"KHNYN",0
"KHSRP",0
"KIAA0040",65.7718120805369
"KIAA0100",3.35570469798658
"KIAA0232",81.8791946308725
"KIAA0319L",0
"KIAA0355",32.8859060402685
"KIAA0408",22.8187919463087
"KIAA0513",0
"KIAA0556",36.9127516778523
"KIAA0586",36.241610738255
"KIAA0753",69.7986577181208
"KIAA0930",4.02684563758389
"KIAA1109",4.02684563758389
"KIAA1143",0
"KIAA1191",0
"KIAA1211L",38.9261744966443
"KIAA1217",0
"KIAA1324",0
"KIAA1324L",37.5838926174497
"KIAA1328",51.6778523489933
"KIAA1522",0
"KIAA1671",0
"KIAA2013",0
"KIDINS220",9.39597315436242
"KIF11",7.38255033557047
"KIF12",89.9328859060403
"KIF13A",0
"KIF13B",0
"KIF14",73.8255033557047
"KIF15",38.9261744966443
"KIF16B",0
"KIF18A",96.6442953020134
"KIF18B",60.4026845637584
"KIF1A",0
"KIF1B",0
"KIF1C",0
"KIF20A",64.4295302013423
"KIF20B",77.8523489932886
"KIF21A",0
"KIF21B",17.4496644295302
"KIF22",70.4697986577181
"KIF23",21.4765100671141
"KIF26B",3.35570469798658
"KIF27",77.8523489932886
"KIF2A",0
"KIF2C",28.1879194630872
"KIF3A",0
"KIF3B",0
"KIF3C",86.5771812080537
"KIF4A",53.6912751677852
"KIF5A",84.5637583892617
"KIF5B",0
"KIF5C",17.4496644295302
"KIF7",28.1879194630872
"KIFAP3",0
"KIFBP",0
"KIFC1",38.9261744966443
"KIFC3",17.4496644295302
"KIN",0
"KIRREL1",11.4093959731544
"KIT",6.71140939597315
"KITLG",59.7315436241611
"KIZ",95.9731543624161
"KL",40.2684563758389
"KLC1",0
"KLC2",0
"KLC3",8.7248322147651
"KLC4",0
"KLF10",92.6174496644295
"KLF12",91.9463087248322
"KLF13",24.1610738255034
"KLF16",59.7315436241611
"KLF3",28.8590604026846
"KLF4",61.0738255033557
"KLF5",51.006711409396
"KLF6",90.6040268456376
"KLHDC10",59.0604026845638
"KLHDC2",11.4093959731544
"KLHDC3",44.9664429530201
"KLHDC4",0
"KLHDC7A",64.4295302013423
"KLHDC7B",79.8657718120805
"KLHDC8B",73.1543624161074
"KLHDC9",49.6644295302013
"KLHL11",22.8187919463087
"KLHL12",91.2751677852349
"KLHL13",75.1677852348993
"KLHL15",87.248322147651
"KLHL17",82.5503355704698
"KLHL20",77.1812080536913
"KLHL21",80.5369127516778
"KLHL22",0
"KLHL24",71.8120805369127
"KLHL26",18.7919463087248
"KLHL29",59.0604026845638
"KLHL3",95.9731543624161
"KLHL36",4.02684563758389
"KLHL4",91.9463087248322
"KLHL42",43.6241610738255
"KLHL5",79.1946308724832
"KLHL6",85.9060402684564
"KLHL7",85.9060402684564
"KLHL9",61.744966442953
"KLK1",0
"KLK10",6.04026845637584
"KLK11",14.0939597315436
"KLK14",58.3892617449664
"KLK5",81.8791946308725
"KLK6",8.05369127516778
"KLK7",8.05369127516778
"KLK8",73.8255033557047
"KLKB1",0
"KMO",73.8255033557047
"KMT2A",0
"KMT2B",8.05369127516778
"KMT2C",5.36912751677852
"KMT2D",0
"KMT2E",22.8187919463087
"KMT5B",79.8657718120805
"KMT5C",94.6308724832215
"KNG1",0
"KNL1",63.0872483221477
"KNOP1",8.7248322147651
"KNSTRN",83.8926174496644
"KNTC1",0
"KPNA1",0
"KPNA2",0
"KPNA3",0
"KPNA4",0
"KPNA5",86.5771812080537
"KPNA6",0
"KPNB1",0
"KPTN",39.5973154362416
"KRAS",0
"KRCC1",77.1812080536913
"KRI1",0
"KRR1",0
"KRT13",3.35570469798658
"KRT14",4.02684563758389
"KRT15",62.4161073825503
"KRT16",0
"KRT17",0
"KRT18",0
"KRT19",0
"KRT20",0
"KRT23",4.69798657718121
"KRT24",85.9060402684564
"KRT3",4.02684563758389
"KRT4",4.02684563758389
"KRT5",0
"KRT6A",0.671140939597315
"KRT6B",0
"KRT7",0
"KRT71",6.04026845637584
"KRT73",3.35570469798658
"KRT75",0
"KRT76",4.02684563758389
"KRT78",51.6778523489933
"KRT79",94.6308724832215
"KRT8",0
"KRT80",0
"KRTCAP2",0
"KRTCAP3",35.5704697986577
"KRTDAP",95.3020134228188
"KSR1",4.69798657718121
"KSR2",38.255033557047
"KTI12",21.4765100671141
"KTN1",0
"KXD1",0
"KYAT3",0
"KYNU",0
"L1CAM",0
"L2HGDH",0
"L3HYPDH",0
"L3MBTL2",71.8120805369127
"L3MBTL3",6.71140939597315
"LACC1",22.8187919463087
"LACTB",0
"LACTB2",0
"LAD1",0
"LAG3",96.6442953020134
"LAGE3",0
"LAIR1",3.35570469798658
"LAMA1",0
"LAMA2",0
"LAMA3",0
"LAMA4",0
"LAMA5",0
"LAMB1",0
"LAMB2",0
"LAMB3",0
"LAMC1",0
"LAMC2",0
"LAMC3",0
"LAMP1",0
"LAMP2",0
"LAMP3",62.4161073825503
"LAMP5",63.0872483221477
"LAMTOR1",0
"LAMTOR2",0
"LAMTOR3",0
"LAMTOR4",8.7248322147651
"LAMTOR5",0
"LANCL1",0
"LANCL2",0
"LANCL3",96.6442953020134
"LAP3",0
"LAPTM4A",92.6174496644295
"LAPTM5",73.1543624161074
"LARGE1",85.9060402684564
"LARP1",0
"LARP1B",0
"LARP4",0
"LARP4B",0
"LARP6",35.5704697986577
"LARP7",0
"LARS1",0
"LARS2",0
"LAS1L",0
"LASP1",0
"LAT2",43.6241610738255
"LATS1",30.8724832214765
"LATS2",88.5906040268456
"LAX1",92.6174496644295
"LAYN",62.4161073825503
"LBH",0
"LBHD1",89.9328859060403
"LBP",0
"LBR",0
"LCA5",74.496644295302
"LCAT",11.4093959731544
"LCK",17.4496644295302
"LCLAT1",0
"LCMT1",0
"LCMT2",86.5771812080537
"LCN2",0
"LCOR",52.3489932885906
"LCORL",85.2348993288591
"LCP1",0
"LCP2",0
"LCT",60.4026845637584
"LDAH",0
"LDB1",24.8322147651007
"LDB2",89.261744966443
"LDB3",0
"LDHA",0
"LDHB",0
"LDHC",84.5637583892617
"LDHD",0
"LDLR",0
"LDLRAP1",0
"LEAP2",91.2751677852349
"LECT2",0
"LEF1",40.2684563758389
"LEFTY1",95.3020134228188
"LEMD2",0
"LEMD3",0
"LENG1",36.241610738255
"LENG8",0
"LENG9",0
"LEO1",0
"LEPR",90.6040268456376
"LETM1",0
"LETMD1",4.02684563758389
"LFNG",39.5973154362416
"LGALS1",0
"LGALS2",0
"LGALS3",0
"LGALS3BP",0
"LGALS4",0
"LGALS8",0
"LGALS9",0
"LGALSL",0
"LGI2",87.248322147651
"LGMN",0
"LGR4",95.9731543624161
"LGSN",28.8590604026846
"LHFPL2",79.8657718120805
"LHFPL6",75.1677852348993
"LHPP",0
"LIAS",49.6644295302013
"LIF",96.6442953020134
"LIFR",79.8657718120805
"LIG1",0
"LIG3",0
"LIG4",0
"LILRA2",54.3624161073826
"LILRB1",59.0604026845638
"LILRB2",63.0872483221477
"LILRB3",63.0872483221477
"LILRB4",77.1812080536913
"LILRB5",8.05369127516778
"LIMA1",0
"LIMCH1",0
"LIMD1",0
"LIMD2",0
"LIME1",12.751677852349
"LIMK1",0
"LIMK2",0
"LIMS1",0
"LIMS2",0
"LIN28A",78.5234899328859
"LIN37",61.0738255033557
"LIN52",42.9530201342282
"LIN54",20.1342281879195
"LIN7A",33.5570469798658
"LIN7B",63.758389261745
"LIN7C",0
"LIN9",63.0872483221477
"LINS1",77.8523489932886
"LIPA",0
"LIPC",95.9731543624161
"LIPE",0
"LIPF",89.261744966443
"LIPG",0
"LIPH",0
"LIPT1",93.9597315436242
"LIPT2",91.9463087248322
"LITAF",6.04026845637584
"LIX1L",3.35570469798658
"LLGL1",0
"LLGL2",0
"LLPH",5.36912751677852
"LMAN1",0
"LMAN2",0
"LMAN2L",0
"LMBR1",87.9194630872483
"LMBRD1",20.1342281879195
"LMBRD2",0
"LMCD1",0
"LMF1",0
"LMF2",0
"LMNA",0
"LMNB1",0
"LMNB2",0
"LMO4",10.0671140939597
"LMO7",0
"LMOD1",0
"LMTK2",0
"LNPEP",0
"LNPK",0
"LNX1",14.7651006711409
"LNX2",69.1275167785235
"LONP1",0
"LONP2",0
"LOX",0
"LOXL1",0
"LOXL2",0
"LOXL3",0
"LOXL4",11.4093959731544
"LPA",0
"LPAR1",62.4161073825503
"LPAR2",93.9597315436242
"LPCAT1",0
"LPCAT2",0
"LPCAT3",0
"LPCAT4",0
"LPGAT1",0
"LPIN1",0
"LPIN2",0
"LPIN3",4.69798657718121
"LPL",36.9127516778523
"LPP",0
"LPXN",0
"LRATD1",96.6442953020134
"LRATD2",0
"LRBA",0
"LRCH1",0
"LRCH2",44.9664429530201
"LRCH3",0
"LRCH4",0
"LRG1",0
"LRIF1",0
"LRIG1",38.255033557047
"LRIG2",88.5906040268456
"LRIG3",73.1543624161074
"LRMDA",0
"LRMP",0
"LRP1",0
"LRP10",29.5302013422819
"LRP11",89.261744966443
"LRP1B",92.6174496644295
"LRP5",75.1677852348993
"LRP6",77.1812080536913
"LRP8",91.9463087248322
"LRPAP1",0
"LRPPRC",0
"LRRC1",0
"LRRC14",12.751677852349
"LRRC15",5.36912751677852
"LRRC17",32.8859060402685
"LRRC19",87.9194630872483
"LRRC20",0
"LRRC25",31.5436241610738
"LRRC32",6.71140939597315
"LRRC40",0
"LRRC41",0
"LRRC42",82.5503355704698
"LRRC45",36.241610738255
"LRRC47",0
"LRRC4B",96.6442953020134
"LRRC58",61.0738255033557
"LRRC59",0
"LRRC75A",95.9731543624161
"LRRC8A",17.4496644295302
"LRRC8B",89.9328859060403
"LRRC8C",0
"LRRC8D",46.9798657718121
"LRRC8E",91.9463087248322
"LRRFIP1",0
"LRRFIP2",0
"LRRK1",50.3355704697987
"LRRK2",3.35570469798658
"LRRN1",90.6040268456376
"LRRN4CL",84.5637583892617
"LRSAM1",0
"LRWD1",0
"LSAMP",0
"LSG1",0
"LSM1",0
"LSM12",0
"LSM14A",0
"LSM14B",0
"LSM2",0
"LSM3",4.69798657718121
"LSM4",0
"LSM5",0
"LSM6",0
"LSM7",0
"LSM8",0
"LSP1",0
"LSR",0
"LSS",0
"LST1",96.6442953020134
"LTA4H",0
"LTB4R",89.9328859060403
"LTBP1",0
"LTBP2",0
"LTBP3",0
"LTBP4",0
"LTBR",8.7248322147651
"LTC4S",28.8590604026846
"LTF",81.8791946308725
"LTN1",0
"LTO1",43.6241610738255
"LTV1",0
"LUC7L",0
"LUC7L2",0
"LUC7L3",0
"LUM",0
"LURAP1L",26.1744966442953
"LUZP1",0
"LXN",0
"LY6D",0
"LY6E",29.5302013422819
"LY6H",87.9194630872483
"LY75",50.3355704697987
"LY9",92.6174496644295
"LY96",84.5637583892617
"LYAR",0
"LYN",0
"LYPD2",75.8389261744966
"LYPD3",19.4630872483221
"LYPD6B",74.496644295302
"LYPLA1",0
"LYPLA2",0
"LYPLAL1",0
"LYRM1",25.503355704698
"LYRM2",0
"LYRM4",0
"LYRM7",13.4228187919463
"LYSMD1",22.8187919463087
"LYSMD2",0
"LYSMD3",65.7718120805369
"LYST",0
"LYVE1",0
"LZIC",0
"LZTFL1",0
"LZTR1",4.02684563758389
"LZTS1",0
"LZTS2",5.36912751677852
"LZTS3",19.4630872483221
"M6PR",0
"MAB21L2",89.9328859060403
"MAB21L4",22.1476510067114
"MACC1",6.04026845637584
"MACF1",0
"MACIR",67.7852348993289
"MACO1",0
"MACROD1",0
"MACROD2",6.71140939597315
"MACROH2A1",0
"MACROH2A2",0
"MAD1L1",0
"MAD2L1",5.36912751677852
"MAD2L1BP",40.9395973154362
"MAD2L2",80.5369127516778
"MADCAM1",48.3221476510067
"MADD",0
"MAEA",0
"MAF",85.9060402684564
"MAF1",10.738255033557
"MAFF",16.7785234899329
"MAFG",22.1476510067114
"MAFK",75.1677852348993
"MAGEA4",79.1946308724832
"MAGED1",0
"MAGED2",0
"MAGEH1",78.5234899328859
"MAGI1",0
"MAGI2",71.8120805369127
"MAGI3",0
"MAGOHB",95.3020134228188
"MAGT1",0
"MAIP1",0
"MAK16",0
"MAL2",14.0939597315436
"MALSU1",53.6912751677852
"MALT1",0
"MAMDC2",0
"MAML1",55.0335570469799
"MAML2",25.503355704698
"MAML3",61.744966442953
"MAN1A1",0
"MAN1A2",0
"MAN1B1",0
"MAN1C1",13.4228187919463
"MAN2A1",0
"MAN2A2",33.5570469798658
"MAN2B1",0
"MAN2B2",0
"MAN2C1",0
"MANBA",0
"MANBAL",7.38255033557047
"MANEA",50.3355704697987
"MANEAL",95.9731543624161
"MANF",0
"MANSC1",42.9530201342282
"MAOA",0
"MAOB",0
"MAP10",65.7718120805369
"MAP11",9.39597315436242
"MAP1A",0
"MAP1B",0
"MAP1LC3A",0
"MAP1S",0
"MAP2",0
"MAP2K1",0
"MAP2K2",0
"MAP2K3",0
"MAP2K4",0
"MAP2K5",8.05369127516778
"MAP2K6",0
"MAP2K7",0
"MAP3K1",82.5503355704698
"MAP3K11",47.6510067114094
"MAP3K2",4.69798657718121
"MAP3K20",0
"MAP3K21",59.0604026845638
"MAP3K3",43.6241610738255
"MAP3K4",0
"MAP3K5",0
"MAP3K6",0
"MAP3K7",0
"MAP3K8",31.5436241610738
"MAP4",0
"MAP4K1",12.751677852349
"MAP4K2",4.02684563758389
"MAP4K3",4.02684563758389
"MAP4K4",0
"MAP4K5",0
"MAP6",0
"MAP7",0
"MAP7D1",0
"MAP7D2",95.9731543624161
"MAP7D3",0
"MAP9",56.3758389261745
"MAPK1",0
"MAPK10",72.4832214765101
"MAPK11",88.5906040268456
"MAPK12",70.4697986577181
"MAPK13",0
"MAPK14",0
"MAPK1IP1L",0
"MAPK3",0
"MAPK7",0
"MAPK8",0
"MAPK8IP3",19.4630872483221
"MAPK9",0
"MAPKAP1",0
"MAPKAPK2",0
"MAPKAPK3",0
"MAPKAPK5",96.6442953020134
"MAPKBP1",8.7248322147651
"MAPRE1",0
"MAPRE2",0
"MAPRE3",0
"MARCHF5",3.35570469798658
"MARCHF6",75.8389261744966
"MARCHF7",57.7181208053691
"MARCKS",0
"MARCKSL1",0
"MARCO",7.38255033557047
"MARF1",0
"MARK1",43.6241610738255
"MARK2",0
"MARK3",0
"MARK4",51.006711409396
"MARS1",0
"MARS2",0
"MARVELD1",29.5302013422819
"MARVELD2",18.7919463087248
"MARVELD3",35.5704697986577
"MASP1",4.69798657718121
"MASP2",17.4496644295302
"MAST2",34.8993288590604
"MAST3",2.01342281879195
"MAST4",0
"MASTL",85.9060402684564
"MAT1A",0
"MAT2A",0
"MAT2B",0
"MATN2",0
"MATN3",0
"MAU2",0
"MAVS",0
"MAX",0
"MAZ",0
"MB21D2",0
"MBD1",0
"MBD2",0
"MBD3",4.69798657718121
"MBD4",57.7181208053691
"MBD6",70.4697986577181
"MBIP",33.5570469798658
"MBL2",4.69798657718121
"MBLAC1",34.8993288590604
"MBLAC2",0
"MBNL1",0
"MBNL2",0
"MBNL3",49.6644295302013
"MBOAT1",44.9664429530201
"MBOAT2",14.0939597315436
"MBOAT7",0
"MBP",0
"MBTD1",75.1677852348993
"MBTPS1",40.9395973154362
"MCAM",0
"MCAT",0
"MCC",0
"MCCC1",0
"MCCC2",0
"MCEE",0
"MCEMP1",91.2751677852349
"MCF2",95.9731543624161
"MCF2L",0
"MCFD2",0
"MCL1",43.6241610738255
"MCM2",0
"MCM3",0
"MCM3AP",0
"MCM4",0
"MCM5",0
"MCM6",0
"MCM7",0
"MCMBP",0
"MCOLN1",89.9328859060403
"MCRIP1",0
"MCRIP2",66.4429530201342
"MCRS1",12.751677852349
"MCTP2",4.02684563758389
"MCTS1",0
"MCU",0
"MCUB",61.0738255033557
"MCUR1",0
"MDC1",0
"MDFI",85.9060402684564
"MDFIC",92.6174496644295
"MDGA1",73.8255033557047
"MDH1",0
"MDH2",0
"MDK",0
"MDM1",37.5838926174497
"MDM2",93.9597315436242
"MDM4",71.1409395973154
"MDN1",0
"MDP1",78.5234899328859
"ME1",0
"ME2",0
"ME3",0
"MEA1",22.8187919463087
"MEAF6",3.35570469798658
"MEAK7",0
"MECOM",6.04026845637584
"MECP2",0
"MECR",0
"MED1",0
"MED10",0
"MED12",0
"MED13",14.0939597315436
"MED13L",13.4228187919463
"MED14",0
"MED15",0
"MED16",0
"MED17",59.0604026845638
"MED18",9.39597315436242
"MED19",83.8926174496644
"MED20",0
"MED21",0
"MED22",5.36912751677852
"MED23",0
"MED24",5.36912751677852
"MED25",8.7248322147651
"MED26",85.2348993288591
"MED27",25.503355704698
"MED28",4.69798657718121
"MED29",0
"MED30",30.8724832214765
"MED31",27.5167785234899
"MED4",0
"MED6",5.36912751677852
"MED7",24.8322147651007
"MED8",0
"MED9",17.4496644295302
"MEF2A",55.0335570469799
"MEF2C",53.6912751677852
"MEF2D",0
"MEFV",95.9731543624161
"MEGF6",0
"MEGF8",48.3221476510067
"MEGF9",73.1543624161074
"MEIOC",34.8993288590604
"MEIS1",51.6778523489933
"MELK",73.1543624161074
"MELTF",0
"MEMO1",0
"MEN1",0
"MEOX2",89.9328859060403
"MEP1A",51.006711409396
"MEP1B",74.496644295302
"MEPCE",0
"MERTK",66.4429530201342
"MESD",0
"MEST",4.69798657718121
"MET",0
"METAP1",0
"METAP1D",45.6375838926174
"METAP2",0
"METRN",89.9328859060403
"METRNL",25.503355704698
"METTL1",4.02684563758389
"METTL14",0
"METTL15",16.1073825503356
"METTL16",0
"METTL17",0
"METTL18",54.3624161073826
"METTL21A",59.7315436241611
"METTL25",61.0738255033557
"METTL26",0
"METTL2B",75.8389261744966
"METTL3",0
"METTL5",9.39597315436242
"METTL7A",0
"METTL7B",0
"METTL9",32.2147651006711
"MEX3D",73.1543624161074
"MFAP1",0
"MFAP2",0
"MFAP4",0
"MFAP5",0
"MFF",0
"MFGE8",0
"MFHAS1",79.1946308724832
"MFN1",0
"MFN2",0
"MFSD1",44.2953020134228
"MFSD10",2.01342281879195
"MFSD11",18.1208053691275
"MFSD14B",84.5637583892617
"MFSD3",92.6174496644295
"MFSD4A",83.8926174496644
"MFSD4B",75.1677852348993
"MFSD5",81.8791946308725
"MFSD6",46.3087248322148
"MFSD8",92.6174496644295
"MFSD9",90.6040268456376
"MGA",0
"MGAM",30.8724832214765
"MGAM2",20.8053691275168
"MGARP",96.6442953020134
"MGAT1",0
"MGAT2",0
"MGAT3",0
"MGAT4A",51.006711409396
"MGAT4B",61.0738255033557
"MGAT5",0
"MGLL",0
"MGME1",0
"MGMT",0
"MGP",0
"MGRN1",60.4026845637584
"MGST1",0
"MGST2",0
"MGST3",0
"MIA2",0
"MIA3",0
"MIB1",0
"MIB2",0
"MICAL1",0
"MICAL2",0
"MICAL3",0
"MICALL1",0
"MICALL2",0
"MICOS10",84.5637583892617
"MICOS13",0
"MICU1",0
"MICU2",0
"MID1",0
"MID1IP1",44.9664429530201
"MID2",53.6912751677852
"MIDEAS",0
"MIEF1",0
"MIEN1",0
"MIER1",0
"MIER3",65.1006711409396
"MIF",0
"MIF4GD",0
"MIGA1",52.3489932885906
"MIGA2",74.496644295302
"MILR1",4.69798657718121
"MINDY1",0
"MINDY2",16.7785234899329
"MINDY3",0
"MINDY4",46.9798657718121
"MINK1",0
"MINPP1",0
"MIOS",0
"MIPEP",0
"MIPOL1",38.9261744966443
"MIS12",3.35570469798658
"MIS18A",79.1946308724832
"MIS18BP1",58.3892617449664
"MISP",0
"MISP3",0
"MITD1",46.3087248322148
"MITF",18.7919463087248
"MKI67",0
"MKLN1",8.7248322147651
"MKNK1",0
"MKNK2",79.1946308724832
"MKRN1",0
"MKRN2",0
"MKS1",93.9597315436242
"MLEC",0
"MLF1",65.7718120805369
"MLF2",4.02684563758389
"MLH1",0
"MLH3",88.5906040268456
"MLIP",76.510067114094
"MLKL",0
"MLLT1",0
"MLLT10",51.006711409396
"MLLT3",81.8791946308725
"MLLT6",11.4093959731544
"MLN",83.8926174496644
"MLPH",0
"MLST8",0
"MLX",10.738255033557
"MLXIP",0
"MLXIPL",96.6442953020134
"MLYCD",0
"MMAA",0
"MMAB",0
"MMACHC",74.496644295302
"MMADHC",23.489932885906
"MME",0
"MMGT1",0
"MMP1",0
"MMP10",14.0939597315436
"MMP11",0
"MMP12",3.35570469798658
"MMP14",0
"MMP15",63.758389261745
"MMP19",7.38255033557047
"MMP2",0
"MMP23B",47.6510067114094
"MMP24OS",68.4563758389262
"MMP25",48.3221476510067
"MMP28",13.4228187919463
"MMP3",19.4630872483221
"MMP7",0
"MMP8",0
"MMP9",0
"MMRN1",0
"MMRN2",0
"MMS19",0
"MMS22L",94.6308724832215
"MMUT",0
"MNAT1",0
"MND1",80.5369127516778
"MNDA",0
"MNT",34.8993288590604
"MNX1",52.3489932885906
"MOB2",0
"MOB3A",6.04026845637584
"MOB3B",39.5973154362416
"MOB3C",63.758389261745
"MOB4",91.9463087248322
"MOCOS",60.4026845637584
"MOCS1",22.8187919463087
"MOCS2",0
"MOCS3",0
"MOGAT2",79.8657718120805
"MOGS",0
"MON1A",8.05369127516778
"MON1B",0
"MON2",0
"MORC2",0
"MORC3",0
"MORC4",78.5234899328859
"MORF4L1",0
"MORF4L2",7.38255033557047
"MOSPD1",90.6040268456376
"MOSPD2",0
"MOV10",0
"MOXD1",0
"MPC2",7.38255033557047
"MPDU1",0
"MPDZ",0
"MPEG1",40.9395973154362
"MPG",0
"MPHOSPH10",0
"MPHOSPH6",4.02684563758389
"MPHOSPH8",0
"MPHOSPH9",89.261744966443
"MPI",0
"MPLKIP",0
"MPND",68.4563758389262
"MPO",0
"MPP1",0
"MPP2",52.3489932885906
"MPP5",3.35570469798658
"MPP6",0
"MPP7",0
"MPPE1",75.8389261744966
"MPPED2",91.9463087248322
"MPRIP",0
"MPST",0
"MPV17",6.04026845637584
"MPV17L",89.9328859060403
"MPZ",48.3221476510067
"MPZL1",0
"MPZL2",26.8456375838926
"MR1",73.1543624161074
"MRAS",20.8053691275168
"MRC1",0
"MRC2",0
"MRE11",0
"MREG",91.9463087248322
"MRFAP1",51.6778523489933
"MRGBP",4.69798657718121
"MRGPRF",55.7046979865772
"MRI1",0
"MRM1",33.5570469798658
"MRM2",75.1677852348993
"MRM3",0
"MRNIP",0
"MROH1",0
"MROH8",93.9597315436242
"MRPL1",0
"MRPL10",0
"MRPL11",0
"MRPL12",40.9395973154362
"MRPL13",0
"MRPL14",0
"MRPL15",0
"MRPL16",0
"MRPL17",0
"MRPL18",4.02684563758389
"MRPL19",0
"MRPL20",4.02684563758389
"MRPL21",0
"MRPL22",0
"MRPL23",5.36912751677852
"MRPL24",0
"MRPL27",0
"MRPL28",4.02684563758389
"MRPL3",0
"MRPL32",0
"MRPL33",0
"MRPL34",3.35570469798658
"MRPL35",30.2013422818792
"MRPL37",0
"MRPL38",0
"MRPL39",0
"MRPL4",0
"MRPL40",0
"MRPL41",0
"MRPL42",6.04026845637584
"MRPL43",0
"MRPL44",0
"MRPL45",0
"MRPL46",0
"MRPL47",0
"MRPL48",0
"MRPL49",0
"MRPL50",0
"MRPL51",8.7248322147651
"MRPL52",0
"MRPL53",0
"MRPL54",0
"MRPL55",0
"MRPL57",10.738255033557
"MRPL58",0
"MRPL9",0
"MRPS10",0
"MRPS11",4.02684563758389
"MRPS12",0
"MRPS14",8.05369127516778
"MRPS15",0
"MRPS16",0
"MRPS18A",0
"MRPS18B",0
"MRPS18C",15.4362416107383
"MRPS2",5.36912751677852
"MRPS21",6.04026845637584
"MRPS22",0
"MRPS23",0
"MRPS24",27.5167785234899
"MRPS25",0
"MRPS26",0
"MRPS27",0
"MRPS28",5.36912751677852
"MRPS30",0
"MRPS31",0
"MRPS33",0
"MRPS34",0
"MRPS35",0
"MRPS36",0
"MRPS5",0
"MRPS6",0
"MRPS7",0
"MRPS9",0
"MRRF",0
"MRS2",87.248322147651
"MRTFA",10.0671140939597
"MRTFB",0
"MRTO4",0
"MRVI1",0
"MS4A1",63.758389261745
"MS4A10",95.3020134228188
"MS4A18",95.3020134228188
"MS4A6A",24.8322147651007
"MSANTD2",17.4496644295302
"MSANTD4",87.9194630872483
"MSH2",0
"MSH3",0
"MSH6",0
"MSI1",10.738255033557
"MSI2",0
"MSL1",0
"MSL2",68.4563758389262
"MSL3",63.758389261745
"MSLN",0
"MSMO1",13.4228187919463
"MSMP",95.9731543624161
"MSN",0
"MSR1",0
"MSRA",0
"MSRB1",64.4295302013423
"MSRB2",0
"MSRB3",0
"MST1",0
"MST1R",0
"MSTO1",0
"MSX2",96.6442953020134
"MT.ATP6",0.671140939597315
"MT.ATP8",0
"MT.CO1",75.1677852348993
"MT.CO2",0
"MT.CO3",0
"MT.CYB",86.5771812080537
"MT.ND1",11.4093959731544
"MT.ND2",46.9798657718121
"MT.ND3",96.6442953020134
"MT.ND4",89.9328859060403
"MT.ND5",0
"MT1A",30.2013422818792
"MT1B",94.6308724832215
"MT1E",52.3489932885906
"MT1F",13.4228187919463
"MT1G",17.4496644295302
"MT1M",3.35570469798658
"MT1X",10.0671140939597
"MT2A",0
"MT3",79.1946308724832
"MTA1",0
"MTA2",0
"MTA3",0
"MTAP",0
"MTARC1",7.38255033557047
"MTARC2",0
"MTBP",93.9597315436242
"MTCH1",0
"MTCH2",0
"MTCL1",6.04026845637584
"MTDH",0
"MTERF1",79.1946308724832
"MTERF3",57.7181208053691
"MTERF4",11.4093959731544
"MTF1",73.1543624161074
"MTF2",75.1677852348993
"MTFMT",8.7248322147651
"MTFP1",79.1946308724832
"MTFR1",0
"MTFR1L",0
"MTG1",5.36912751677852
"MTG2",49.6644295302013
"MTHFD1",0
"MTHFD1L",0
"MTHFD2",0
"MTHFD2L",81.2080536912752
"MTHFR",0
"MTHFS",29.5302013422819
"MTHFSD",0
"MTIF2",0
"MTIF3",0
"MTM1",0
"MTMR1",0
"MTMR10",0
"MTMR11",12.0805369127517
"MTMR12",0
"MTMR14",8.7248322147651
"MTMR2",0
"MTMR3",4.02684563758389
"MTMR6",0
"MTMR7",51.006711409396
"MTMR9",0
"MTO1",25.503355704698
"MTOR",0
"MTPAP",0
"MTPN",0
"MTR",0
"MTRES1",12.751677852349
"MTREX",0
"MTRF1",53.6912751677852
"MTRF1L",75.1677852348993
"MTRR",5.36912751677852
"MTSS1",12.751677852349
"MTTP",0
"MTURN",14.0939597315436
"MTUS1",0
"MTUS2",25.503355704698
"MTX1",0
"MTX2",0
"MTX3",0
"MUC1",0
"MUC13",0
"MUC16",7.38255033557047
"MUC17",83.8926174496644
"MUC2",62.4161073825503
"MUC20",95.9731543624161
"MUC3A",16.1073825503356
"MUC4",8.05369127516778
"MUC5AC",0
"MUC5B",0
"MUC6",0
"MUCL3",36.9127516778523
"MUL1",38.9261744966443
"MUTYH",83.8926174496644
"MVB12A",0
"MVB12B",43.6241610738255
"MVD",0
"MVK",0
"MVP",0
"MX1",0
"MX2",0
"MXD1",85.9060402684564
"MXRA5",0
"MXRA7",0
"MXRA8",4.69798657718121
"MYADM",0
"MYBBP1A",0
"MYBPC1",93.9597315436242
"MYC",78.5234899328859
"MYCBP2",0
"MYCT1",83.8926174496644
"MYD88",0
"MYDGF",0
"MYEF2",0
"MYH10",0
"MYH11",0
"MYH14",0
"MYH2",87.248322147651
"MYH9",0
"MYL1",69.7986577181208
"MYL3",75.1677852348993
"MYL4",4.69798657718121
"MYL6",0
"MYL6B",0
"MYL9",0
"MYLK",0
"MYLK2",10.0671140939597
"MYLPF",82.5503355704698
"MYO10",0
"MYO15B",13.4228187919463
"MYO18A",0
"MYO19",6.04026845637584
"MYO1A",0
"MYO1B",0
"MYO1C",0
"MYO1D",0
"MYO1E",0
"MYO1F",0
"MYO1G",0
"MYO5A",0
"MYO5B",0
"MYO5C",0
"MYO6",0
"MYO7A",34.8993288590604
"MYO7B",0
"MYO9A",10.0671140939597
"MYO9B",0
"MYOC",73.1543624161074
"MYOF",0
"MYORG",32.8859060402685
"MYOZ1",50.3355704697987
"MYPN",42.9530201342282
"MYRF",85.9060402684564
"MYRIP",57.7181208053691
"MYSM1",62.4161073825503
"MYZAP",96.6442953020134
"MZB1",0
"MZT1",20.1342281879195
"MZT2A",80.5369127516778
"MZT2B",42.2818791946309
"N4BP1",0
"N4BP2",0
"N4BP2L1",76.510067114094
"N4BP2L2",41.6107382550336
"N6AMT1",7.38255033557047
"NAA10",0
"NAA11",73.8255033557047
"NAA15",0
"NAA16",0
"NAA20",6.71140939597315
"NAA25",0
"NAA30",0
"NAA35",0
"NAA38",30.8724832214765
"NAA40",9.39597315436242
"NAA50",0
"NAA60",87.9194630872483
"NAA80",61.0738255033557
"NAAA",0
"NAALAD2",86.5771812080537
"NAALADL2",4.69798657718121
"NAB1",15.4362416107383
"NAB2",0
"NABP1",65.7718120805369
"NABP2",13.4228187919463
"NACA",0
"NACA2",79.1946308724832
"NACAD",61.0738255033557
"NACC1",10.0671140939597
"NACC2",75.8389261744966
"NADK",5.36912751677852
"NADK2",0
"NADSYN1",0
"NAE1",0
"NAF1",29.5302013422819
"NAGA",0
"NAGK",0
"NAGLU",0
"NAGPA",41.6107382550336
"NAIF1",95.9731543624161
"NAIP",0
"NAMPT",0
"NANP",8.05369127516778
"NANS",0
"NAP1L1",0
"NAP1L4",0
"NAP1L5",14.0939597315436
"NAPA",0
"NAPB",17.4496644295302
"NAPEPLD",19.4630872483221
"NAPG",0
"NAPRT",0
"NARF",3.35570469798658
"NARS1",0
"NARS2",0
"NASP",0
"NAT1",0
"NAT10",0
"NAT14",24.1610738255034
"NAT2",95.3020134228188
"NAT9",88.5906040268456
"NATD1",86.5771812080537
"NAV1",0
"NAV2",40.9395973154362
"NAXD",0
"NAXE",0
"NBAS",0
"NBDY",0
"NBEA",0
"NBEAL1",0
"NBEAL2",0
"NBL1",0.671140939597315
"NBN",0
"NBR1",38.255033557047
"NCALD",4.02684563758389
"NCAM1",0
"NCAM2",64.4295302013423
"NCAPD2",3.35570469798658
"NCAPD3",48.3221476510067
"NCAPG",7.38255033557047
"NCAPG2",32.2147651006711
"NCAPH",0
"NCAPH2",73.1543624161074
"NCBP1",0
"NCBP2",0
"NCBP2AS2",22.8187919463087
"NCBP3",0
"NCCRP1",47.6510067114094
"NCDN",0
"NCEH1",0
"NCF1",0
"NCF2",0
"NCF4",0
"NCK1",0
"NCK2",0
"NCKAP1",0
"NCKAP1L",0
"NCKAP5L",14.0939597315436
"NCKIPSD",0
"NCL",0
"NCLN",0
"NCOA1",20.1342281879195
"NCOA2",0
"NCOA3",16.7785234899329
"NCOA4",62.4161073825503
"NCOA5",0
"NCOA6",0
"NCOA7",0
"NCOR1",0
"NCOR2",0
"NCR3LG1",89.261744966443
"NCS1",12.751677852349
"NCSTN",0
"NDC1",0
"NDC80",27.5167785234899
"NDE1",0
"NDEL1",59.7315436241611
"NDFIP1",95.9731543624161
"NDFIP2",92.6174496644295
"NDN",77.1812080536913
"NDNF",67.1140939597315
"NDOR1",32.8859060402685
"NDRG1",0
"NDRG2",0
"NDRG3",0
"NDRG4",61.744966442953
"NDST1",14.0939597315436
"NDST2",92.6174496644295
"NDUFA1",96.6442953020134
"NDUFA10",0
"NDUFA11",15.4362416107383
"NDUFA12",0
"NDUFA13",6.04026845637584
"NDUFA2",0
"NDUFA3",0
"NDUFA4",0
"NDUFA4L2",34.2281879194631
"NDUFA5",0
"NDUFA6",0
"NDUFA8",0
"NDUFA9",0
"NDUFAB1",0
"NDUFAF1",0
"NDUFAF2",0
"NDUFAF3",0
"NDUFAF4",0
"NDUFAF5",0
"NDUFAF6",18.7919463087248
"NDUFAF7",0
"NDUFAF8",20.1342281879195
"NDUFB1",13.4228187919463
"NDUFB10",0
"NDUFB11",0
"NDUFB2",63.0872483221477
"NDUFB3",0
"NDUFB4",0
"NDUFB5",0
"NDUFB6",0
"NDUFB7",0
"NDUFB8",0
"NDUFB9",0
"NDUFC1",38.9261744966443
"NDUFC2",0
"NDUFS1",0
"NDUFS2",0
"NDUFS3",0
"NDUFS4",0
"NDUFS5",0
"NDUFS6",0
"NDUFS7",0
"NDUFS8",0
"NDUFV1",0
"NDUFV2",0
"NDUFV3",0
"NEB",0
"NEBL",0
"NECAP1",0
"NECAP2",0
"NECTIN1",4.69798657718121
"NECTIN2",0
"NECTIN3",8.7248322147651
"NECTIN4",23.489932885906
"NEDD1",0
"NEDD4",0
"NEDD4L",0
"NEDD9",4.69798657718121
"NEFH",46.9798657718121
"NEFL",0
"NEFM",19.4630872483221
"NEGR1",0
"NEIL1",74.496644295302
"NEIL2",31.5436241610738
"NEK1",0
"NEK3",40.9395973154362
"NEK4",24.8322147651007
"NEK6",0
"NEK7",0
"NEK8",38.255033557047
"NEK9",0
"NELFA",0
"NELFB",0
"NELFCD",0
"NELFE",0
"NEMF",0
"NEMP1",71.1409395973154
"NENF",0
"NEO1",0
"NEPRO",0
"NES",0
"NEU1",0
"NEURL1",95.9731543624161
"NEURL1B",90.6040268456376
"NEURL4",55.0335570469799
"NEXN",0
"NF1",0
"NF2",0
"NFASC",11.4093959731544
"NFAT5",0
"NFATC1",0
"NFATC2",0
"NFATC2IP",0
"NFATC3",4.02684563758389
"NFATC4",0
"NFE2L2",94.6308724832215
"NFIA",0
"NFIB",0
"NFIC",0
"NFIL3",86.5771812080537
"NFIX",0
"NFKB1",0
"NFKB2",0
"NFKBIA",30.8724832214765
"NFKBIB",0.671140939597315
"NFKBIE",0
"NFKBIL1",65.1006711409396
"NFRKB",5.36912751677852
"NFS1",0
"NFU1",0
"NFX1",0
"NFXL1",0
"NFYA",17.4496644295302
"NFYB",8.05369127516778
"NFYC",0
"NGDN",0
"NGEF",0
"NGFR",5.36912751677852
"NGLY1",0
"NGRN",8.7248322147651
"NHEJ1",0
"NHLRC1",76.510067114094
"NHLRC2",0
"NHLRC3",0
"NHP2",0
"NHS",12.0805369127517
"NHSL1",4.02684563758389
"NHSL2",0
"NIBAN1",0
"NIBAN2",0
"NID1",0
"NID2",0
"NIF3L1",0
"NIFK",0
"NIN",20.1342281879195
"NINJ1",63.758389261745
"NINJ2",89.9328859060403
"NIP7",0
"NIPA2",57.0469798657718
"NIPAL2",73.8255033557047
"NIPAL3",81.8791946308725
"NIPBL",0
"NIPSNAP1",0
"NIPSNAP2",0
"NIPSNAP3A",0
"NIPSNAP3B",64.4295302013423
"NISCH",0
"NIT1",0
"NIT2",0
"NKAP",38.255033557047
"NKAPD1",13.4228187919463
"NKIRAS1",38.9261744966443
"NKIRAS2",0
"NKPD1",59.7315436241611
"NKRF",0
"NKTR",5.36912751677852
"NKX2.5",95.3020134228188
"NLE1",0
"NLN",0
"NLRC3",73.1543624161074
"NLRC4",27.5167785234899
"NLRC5",86.5771812080537
"NLRP1",57.0469798657718
"NLRP2",10.0671140939597
"NLRP4",60.4026845637584
"NLRP6",67.1140939597315
"NLRX1",0
"NMD3",0
"NME1",0
"NME3",0
"NME4",51.006711409396
"NME6",10.0671140939597
"NME7",3.35570469798658
"NMI",0
"NMNAT1",0
"NMNAT3",0
"NMRAL1",0
"NMRK1",0
"NMT1",0
"NMT2",0
"NNMT",0
"NNT",0
"NOA1",29.5302013422819
"NOB1",0
"NOC2L",0
"NOC3L",0
"NOC4L",0
"NOCT",30.8724832214765
"NOG",90.6040268456376
"NOL10",0
"NOL11",0
"NOL3",0
"NOL4L",16.1073825503356
"NOL6",0
"NOL7",0
"NOL8",0
"NOL9",0
"NOLC1",0
"NOM1",4.02684563758389
"NOMO2",10.738255033557
"NOMO3",48.3221476510067
"NONO",0
"NOP10",0
"NOP14",0
"NOP16",0
"NOP2",0
"NOP53",18.7919463087248
"NOP56",0
"NOP58",0
"NOP9",0
"NOS1",15.4362416107383
"NOS1AP",23.489932885906
"NOS2",95.3020134228188
"NOS3",8.05369127516778
"NOSIP",0
"NOSTRIN",0
"NOTCH1",13.4228187919463
"NOTCH2",0
"NOTCH3",0
"NOTCH4",65.7718120805369
"NOVA1",86.5771812080537
"NOVA2",4.02684563758389
"NOXA1",74.496644295302
"NOXO1",89.9328859060403
"NPAT",40.2684563758389
"NPC1",0
"NPC1L1",83.2214765100671
"NPC2",0
"NPDC1",8.05369127516778
"NPEPL1",0
"NPEPPS",0
"NPHP3",92.6174496644295
"NPHP4",67.7852348993289
"NPL",0
"NPLOC4",0
"NPM1",0
"NPM2",46.9798657718121
"NPM3",0
"NPNT",0
"NPR2",85.2348993288591
"NPR3",4.69798657718121
"NPRL2",33.5570469798658
"NPRL3",3.35570469798658
"NPTN",0
"NPTX2",9.39597315436242
"NPTXR",61.0738255033557
"NPY",22.8187919463087
"NR0B1",84.5637583892617
"NR1D1",53.0201342281879
"NR1D2",12.0805369127517
"NR1H2",65.7718120805369
"NR2C1",92.6174496644295
"NR2C2",0
"NR2C2AP",0
"NR2F1",89.261744966443
"NR2F2",3.35570469798658
"NR2F6",0
"NR3C1",0
"NR3C2",61.744966442953
"NR4A1",65.7718120805369
"NRAS",0
"NRBF2",0
"NRBP1",0
"NRBP2",18.7919463087248
"NRCAM",0
"NRDC",0
"NRDE2",4.02684563758389
"NRF1",11.4093959731544
"NRGN",24.8322147651007
"NRIP1",79.1946308724832
"NRIP2",8.05369127516778
"NRK",68.4563758389262
"NRM",32.2147651006711
"NRP1",0
"NRP2",0
"NSA2",0
"NSD1",48.3221476510067
"NSD2",48.3221476510067
"NSD3",4.02684563758389
"NSDHL",0
"NSF",0
"NSFL1C",0
"NSL1",3.35570469798658
"NSMAF",0
"NSMCE1",15.4362416107383
"NSMCE2",4.02684563758389
"NSMCE3",0
"NSMCE4A",12.0805369127517
"NSRP1",0
"NSUN2",0
"NSUN3",90.6040268456376
"NSUN4",3.35570469798658
"NSUN5",4.02684563758389
"NSUN6",4.02684563758389
"NT5C",0
"NT5C1A",96.6442953020134
"NT5C2",0
"NT5C3A",0
"NT5C3B",0
"NT5DC1",0
"NT5DC2",4.69798657718121
"NT5DC3",0
"NT5E",0
"NTAN1",0
"NTHL1",0
"NTM",4.69798657718121
"NTMT1",0
"NTN1",51.6778523489933
"NTN4",3.35570469798658
"NTPCR",0
"NTRK2",63.758389261745
"NTS",84.5637583892617
"NUAK1",63.758389261745
"NUAK2",81.2080536912752
"NUB1",0
"NUBP1",0
"NUBP2",0
"NUBPL",0
"NUCB1",0
"NUCB2",0
"NUCKS1",0
"NUDC",0
"NUDCD1",0
"NUDCD2",0
"NUDCD3",0
"NUDT1",0
"NUDT11",67.1140939597315
"NUDT12",0
"NUDT14",3.35570469798658
"NUDT15",0
"NUDT16",0
"NUDT16L1",3.35570469798658
"NUDT18",11.4093959731544
"NUDT19",0
"NUDT2",0
"NUDT21",0
"NUDT22",87.248322147651
"NUDT3",0.671140939597315
"NUDT4",0
"NUDT5",0
"NUDT6",57.0469798657718
"NUDT7",95.9731543624161
"NUDT8",26.1744966442953
"NUDT9",0
"NUF2",56.3758389261745
"NUFIP1",89.261744966443
"NUFIP2",0
"NUMA1",0
"NUMB",0
"NUMBL",0
"NUP107",0
"NUP133",0
"NUP153",0
"NUP155",0
"NUP160",0
"NUP188",0
"NUP205",0
"NUP210",0
"NUP214",0
"NUP35",0
"NUP37",0
"NUP42",0
"NUP43",0
"NUP50",0
"NUP54",0
"NUP58",0
"NUP62",0
"NUP85",0
"NUP88",0
"NUP93",0
"NUP98",0
"NUPR1",7.38255033557047
"NUS1",73.8255033557047
"NUTF2",0
"NVL",0
"NXF1",0
"NXN",0
"NXT1",18.1208053691275
"NXT2",47.6510067114094
"NYAP1",44.9664429530201
"NYNRIN",55.0335570469799
"OAF",4.69798657718121
"OARD1",0
"OAS1",0
"OAS2",0
"OAS3",0
"OASL",0
"OAT",0
"OBI1",9.39597315436242
"OBSL1",0
"OCIAD1",0
"OCIAD2",0
"OCLN",0
"OCRL",0
"OCSTAMP",91.2751677852349
"ODF2",0
"ODF3B",95.9731543624161
"ODR4",0
"OFD1",24.8322147651007
"OGA",0
"OGDH",0
"OGDHL",3.35570469798658
"OGFOD1",29.5302013422819
"OGFOD2",6.04026845637584
"OGFOD3",31.5436241610738
"OGFR",0
"OGFRL1",13.4228187919463
"OGN",0
"OGT",0
"OIP5",96.6442953020134
"OIT3",89.9328859060403
"OLA1",0
"OLFM1",63.0872483221477
"OLFM2",82.5503355704698
"OLFM4",0
"OLFML1",0
"OLFML2A",81.8791946308725
"OLFML2B",22.8187919463087
"OLFML3",0
"OLR1",58.3892617449664
"OMA1",0
"OMD",0
"OPA1",0
"OPA3",4.02684563758389
"OPHN1",0
"OPLAH",0
"OPTN",0
"OR4P4",24.8322147651007
"ORAI1",73.8255033557047
"ORC1",81.2080536912752
"ORC2",0
"ORC3",0
"ORC4",0
"ORC5",0
"ORC6",92.6174496644295
"ORM1",0
"ORM2",0
"ORMDL2",78.5234899328859
"ORMDL3",95.3020134228188
"OS9",0
"OSBP",0
"OSBP2",28.8590604026846
"OSBPL10",0
"OSBPL11",0
"OSBPL1A",0
"OSBPL2",0
"OSBPL3",0
"OSBPL5",10.738255033557
"OSBPL6",38.9261744966443
"OSBPL7",2.01342281879195
"OSBPL8",0
"OSBPL9",0
"OSCAR",81.2080536912752
"OSCP1",8.05369127516778
"OSGEP",0
"OSGEPL1",32.2147651006711
"OSMR",48.3221476510067
"OSTC",10.738255033557
"OSTF1",0
"OSTM1",4.69798657718121
"OTC",0
"OTUB1",0
"OTUB2",95.9731543624161
"OTUD1",51.6778523489933
"OTUD3",83.8926174496644
"OTUD4",0
"OTUD5",67.7852348993289
"OTUD6B",0
"OTUD7B",0
"OTULIN",0
"OTULINL",12.0805369127517
"OTX1",95.9731543624161
"OVCA2",0
"OXA1L",0
"OXCT1",0
"OXLD1",36.9127516778523
"OXNAD1",0
"OXR1",0
"OXSM",0
"OXSR1",0
"P2RX4",0
"P2RX7",81.2080536912752
"P2RY13",89.9328859060403
"P2RY8",93.9597315436242
"P3H1",0
"P3H2",19.4630872483221
"P3H3",0
"P3H4",0
"P4HA1",0
"P4HA2",0
"P4HA3",68.4563758389262
"P4HB",0
"P4HTM",26.1744966442953
"PA2G4",0
"PAAF1",0
"PABPC1",0
"PABPC1L",0
"PABPC3",59.7315436241611
"PABPC4",0
"PABPC4L",0
"PABPN1",18.7919463087248
"PACC1",87.248322147651
"PACRGL",89.261744966443
"PACS1",0
"PACS2",0
"PACSIN1",10.738255033557
"PACSIN2",0
"PACSIN3",0
"PADI1",0
"PADI2",0
"PADI3",72.4832214765101
"PADI4",0
"PAEP",66.4429530201342
"PAF1",0
"PAFAH1B1",0
"PAFAH1B2",0
"PAFAH1B3",0
"PAFAH2",0
"PAG1",5.36912751677852
"PAGR1",51.006711409396
"PAICS",0
"PAIP1",0
"PAIP2",0
"PAIP2B",0
"PAK1",0
"PAK1IP1",0
"PAK2",0
"PAK3",16.7785234899329
"PAK4",0
"PAK6",86.5771812080537
"PALB2",94.6308724832215
"PALD1",0
"PALLD",0
"PALM",0
"PALM2AKAP2",0
"PALM3",3.35570469798658
"PALMD",0
"PAM",0
"PAMR1",6.71140939597315
"PAN2",0
"PAN3",4.69798657718121
"PANK2",8.7248322147651
"PANK3",77.8523489932886
"PANK4",0
"PANX1",59.7315436241611
"PAPLN",0
"PAPOLA",0
"PAPOLG",46.3087248322148
"PAPPA",0
"PAPPA2",95.9731543624161
"PAPSS1",0
"PAPSS2",0
"PAQR4",96.6442953020134
"PAQR7",90.6040268456376
"PARD3",0
"PARD3B",0
"PARD6B",0
"PARD6G",56.3758389261745
"PARG",10.738255033557
"PARK7",0
"PARL",80.5369127516778
"PARM1",53.6912751677852
"PARN",0
"PARP1",0
"PARP10",0
"PARP12",0
"PARP14",0
"PARP15",95.9731543624161
"PARP16",57.0469798657718
"PARP2",0
"PARP4",0
"PARP8",73.1543624161074
"PARP9",0
"PARS2",0
"PARVA",0
"PARVB",0
"PARVG",0
"PASK",57.0469798657718
"PATJ",0
"PATL1",0
"PATZ1",72.4832214765101
"PAWR",0
"PAX5",86.5771812080537
"PAX6",95.9731543624161
"PAXBP1",0
"PAXIP1",3.35570469798658
"PAXX",0
"PBDC1",0
"PBK",51.6778523489933
"PBLD",0
"PBRM1",0
"PBX1",3.35570469798658
"PBX2",93.2885906040269
"PBX3",83.2214765100671
"PBXIP1",0
"PC",0
"PCBD1",0
"PCBD2",4.02684563758389
"PCBP1",0
"PCBP2",0
"PCBP3",4.69798657718121
"PCBP4",36.241610738255
"PCCA",0
"PCCB",0
"PCDH1",0
"PCDH12",72.4832214765101
"PCDH18",70.4697986577181
"PCDH7",11.4093959731544
"PCDHGB5",87.9194630872483
"PCDHGC3",53.0201342281879
"PCDHGC5",28.1879194630872
"PCF11",0
"PCGF1",91.2751677852349
"PCGF2",76.510067114094
"PCGF5",11.4093959731544
"PCGF6",73.8255033557047
"PCID2",0
"PCIF1",0
"PCK1",11.4093959731544
"PCK2",0
"PCLO",40.2684563758389
"PCM1",0
"PCMT1",0
"PCMTD1",0
"PCMTD2",77.1812080536913
"PCNA",0
"PCNP",0
"PCNT",0
"PCNX3",45.6375838926174
"PCOLCE",0
"PCOLCE2",75.1677852348993
"PCP4",42.9530201342282
"PCP4L1",91.2751677852349
"PCSK1",0
"PCSK1N",0
"PCSK2",0
"PCSK5",10.738255033557
"PCSK6",92.6174496644295
"PCSK7",78.5234899328859
"PCSK9",20.8053691275168
"PCTP",0
"PCYOX1",0
"PCYOX1L",0
"PCYT1A",0
"PCYT2",0
"PDAP1",0
"PDCD10",0
"PDCD11",0
"PDCD2",54.3624161073826
"PDCD2L",20.1342281879195
"PDCD4",0
"PDCD5",0
"PDCD6",0
"PDCD6IP",0
"PDCD7",70.4697986577181
"PDCL",9.39597315436242
"PDCL3",0
"PDE11A",82.5503355704698
"PDE12",0
"PDE1A",14.0939597315436
"PDE1B",40.2684563758389
"PDE1C",73.1543624161074
"PDE2A",30.2013422818792
"PDE3A",0
"PDE3B",30.8724832214765
"PDE4A",71.1409395973154
"PDE4B",95.9731543624161
"PDE4D",0
"PDE4DIP",0
"PDE5A",0
"PDE6D",0
"PDE7A",72.4832214765101
"PDE8A",42.9530201342282
"PDF",15.4362416107383
"PDGFA",37.5838926174497
"PDGFC",20.8053691275168
"PDGFD",32.8859060402685
"PDGFRA",22.1476510067114
"PDGFRB",0
"PDGFRL",0
"PDHA1",0
"PDHB",0
"PDHX",0
"PDIA2",0
"PDIA3",0
"PDIA4",0
"PDIA5",0
"PDIA6",0
"PDK1",0
"PDK2",0
"PDK3",0
"PDK4",25.503355704698
"PDLIM1",0
"PDLIM2",0
"PDLIM3",0
"PDLIM4",0
"PDLIM5",0
"PDLIM7",0
"PDP1",0
"PDP2",65.1006711409396
"PDPK1",0
"PDPN",88.5906040268456
"PDPR",0
"PDRG1",0
"PDS5A",0
"PDS5B",0
"PDSS1",81.2080536912752
"PDSS2",18.7919463087248
"PDX1",23.489932885906
"PDXDC1",0
"PDXK",0
"PDXP",0
"PDZD11",0
"PDZD2",48.993288590604
"PDZD3",82.5503355704698
"PDZD8",0
"PDZK1",0
"PDZK1IP1",22.1476510067114
"PDZRN3",13.4228187919463
"PEA15",0
"PEAK1",0
"PEAK3",72.4832214765101
"PEAR1",77.1812080536913
"PEBP1",0
"PEBP4",48.993288590604
"PECAM1",0
"PECR",0
"PEF1",0
"PEG10",12.0805369127517
"PELI1",95.9731543624161
"PELI2",57.0469798657718
"PELO",0
"PELP1",0
"PENK",87.248322147651
"PEPD",0
"PER1",25.503355704698
"PER2",82.5503355704698
"PER3",32.8859060402685
"PES1",0
"PET100",22.8187919463087
"PET117",91.9463087248322
"PEX1",0
"PEX10",71.1409395973154
"PEX11A",32.8859060402685
"PEX11B",0
"PEX12",28.1879194630872
"PEX13",44.2953020134228
"PEX14",0
"PEX16",30.8724832214765
"PEX19",0
"PEX2",64.4295302013423
"PEX3",0
"PEX5",0
"PEX6",3.35570469798658
"PEX7",15.4362416107383
"PF4",0
"PFAS",0
"PFDN1",0
"PFDN2",0
"PFDN4",0
"PFDN5",0
"PFDN6",0
"PFKFB2",0
"PFKFB3",0
"PFKFB4",12.751677852349
"PFKL",0
"PFKM",0
"PFKP",0
"PFN1",0
"PFN2",0
"PGAM1",0
"PGAM2",21.4765100671141
"PGAM4",71.8120805369127
"PGAM5",0
"PGAP1",4.02684563758389
"PGAP2",92.6174496644295
"PGAP4",38.9261744966443
"PGAP6",91.2751677852349
"PGBD2",86.5771812080537
"PGC",0
"PGD",0
"PGGHG",37.5838926174497
"PGGT1B",0
"PGK1",0
"PGK2",0
"PGLS",0
"PGLYRP1",5.36912751677852
"PGLYRP2",0
"PGM1",0
"PGM2",0
"PGM2L1",0
"PGM3",0
"PGM5",0
"PGP",0
"PGPEP1",0
"PGR",60.4026845637584
"PGRMC1",0
"PGRMC2",0
"PGS1",57.7181208053691
"PHACTR2",0
"PHACTR4",0
"PHAX",5.36912751677852
"PHB",0
"PHB2",0
"PHC1",55.0335570469799
"PHC2",0
"PHC3",0
"PHETA1",52.3489932885906
"PHETA2",40.9395973154362
"PHF1",4.02684563758389
"PHF10",3.35570469798658
"PHF11",4.02684563758389
"PHF12",8.05369127516778
"PHF14",0
"PHF2",0
"PHF20",83.8926174496644
"PHF20L1",9.39597315436242
"PHF21A",6.71140939597315
"PHF23",0
"PHF3",0
"PHF5A",0
"PHF6",0
"PHF8",0
"PHGDH",0
"PHIP",0
"PHKA1",28.1879194630872
"PHKA2",0
"PHKB",0
"PHKG2",0
"PHLDA1",0
"PHLDA2",54.3624161073826
"PHLDA3",9.39597315436242
"PHLDB1",0
"PHLDB2",0
"PHLDB3",61.744966442953
"PHLPP1",72.4832214765101
"PHLPP2",84.5637583892617
"PHPT1",0
"PHRF1",11.4093959731544
"PHYH",0
"PHYHD1",0
"PHYHIPL",0
"PHYKPL",0
"PI15",44.2953020134228
"PI16",8.7248322147651
"PI3",29.5302013422819
"PI4K2A",21.4765100671141
"PI4K2B",23.489932885906
"PI4KA",0
"PI4KB",0
"PIAS1",8.7248322147651
"PIAS2",59.7315436241611
"PIAS3",74.496644295302
"PIAS4",23.489932885906
"PIBF1",4.02684563758389
"PICALM",0
"PICK1",0
"PID1",0
"PIEZO1",5.36912751677852
"PIGA",70.4697986577181
"PIGB",55.0335570469799
"PIGBOS1",24.8322147651007
"PIGG",6.04026845637584
"PIGH",46.9798657718121
"PIGK",0
"PIGM",95.9731543624161
"PIGN",36.9127516778523
"PIGO",0
"PIGQ",70.4697986577181
"PIGR",0
"PIGS",0
"PIGT",0
"PIGU",12.751677852349
"PIGX",64.4295302013423
"PIH1D1",0
"PIK3AP1",0
"PIK3C2A",0
"PIK3C2B",0
"PIK3C2G",91.2751677852349
"PIK3C3",0
"PIK3CA",0
"PIK3CB",0
"PIK3CD",0
"PIK3CG",0
"PIK3IP1",77.1812080536913
"PIK3R1",0
"PIK3R4",0
"PIK3R5",95.9731543624161
"PIK3R6",10.738255033557
"PIKFYVE",0
"PILRA",26.8456375838926
"PIM3",88.5906040268456
"PIN1",0
"PIN4",0
"PINX1",48.3221476510067
"PIP",63.0872483221477
"PIP4K2A",0
"PIP4K2B",0
"PIP4K2C",0
"PIP4P1",0
"PIP4P2",7.38255033557047
"PIP5K1A",3.35570469798658
"PIP5K1C",0
"PIPOX",55.7046979865772
"PIR",0
"PISD",0
"PITHD1",0
"PITPNA",0
"PITPNB",0
"PITPNC1",0
"PITPNM1",0
"PITPNM2",73.1543624161074
"PITRM1",0
"PJA1",24.1610738255034
"PJA2",8.05369127516778
"PKD2",0
"PKIA",37.5838926174497
"PKIB",44.2953020134228
"PKIG",21.4765100671141
"PKLR",8.7248322147651
"PKM",0
"PKMYT1",81.2080536912752
"PKN1",0
"PKN2",0
"PKNOX1",16.7785234899329
"PKP1",4.69798657718121
"PKP2",0
"PKP3",0
"PKP4",0
"PLA1A",32.2147651006711
"PLA2G10",42.9530201342282
"PLA2G12B",83.2214765100671
"PLA2G15",0
"PLA2G1B",0
"PLA2G2A",0
"PLA2G4A",0
"PLA2G4C",67.7852348993289
"PLA2G6",67.1140939597315
"PLA2G7",18.1208053691275
"PLA2R1",60.4026845637584
"PLAA",0
"PLAAT3",20.8053691275168
"PLAAT4",92.6174496644295
"PLAC8",81.8791946308725
"PLAC9",0
"PLAT",0
"PLAU",0
"PLAUR",0
"PLBD1",0
"PLBD2",0
"PLCB1",0
"PLCB2",0
"PLCB3",0
"PLCB4",0
"PLCD1",0
"PLCD3",5.36912751677852
"PLCE1",27.5167785234899
"PLCG1",0
"PLCG2",0
"PLCH1",0
"PLCH2",81.8791946308725
"PLCL1",36.241610738255
"PLCL2",0
"PLCXD3",19.4630872483221
"PLCZ1",58.3892617449664
"PLD1",0
"PLD2",14.7651006711409
"PLD3",0
"PLD4",15.4362416107383
"PLEC",0
"PLEK",0
"PLEK2",0
"PLEKHA1",0
"PLEKHA2",0
"PLEKHA3",15.4362416107383
"PLEKHA4",8.05369127516778
"PLEKHA5",0
"PLEKHA6",0
"PLEKHA7",0
"PLEKHA8",87.9194630872483
"PLEKHB2",38.9261744966443
"PLEKHF1",0
"PLEKHF2",0
"PLEKHG1",0
"PLEKHG2",7.38255033557047
"PLEKHG3",0
"PLEKHG6",93.9597315436242
"PLEKHH2",55.0335570469799
"PLEKHH3",69.1275167785235
"PLEKHJ1",82.5503355704698
"PLEKHM1",5.36912751677852
"PLEKHM2",0
"PLEKHM3",91.2751677852349
"PLEKHN1",75.1677852348993
"PLEKHO1",0
"PLEKHO2",0
"PLEKHS1",0
"PLG",0
"PLGRKT",0
"PLIN1",0
"PLIN2",0
"PLIN3",0
"PLIN4",0
"PLIN5",91.9463087248322
"PLK1",63.758389261745
"PLLP",93.2885906040269
"PLOD1",0
"PLOD2",0
"PLOD3",0
"PLP1",78.5234899328859
"PLP2",9.39597315436242
"PLPBP",0
"PLPP1",55.0335570469799
"PLPP2",78.5234899328859
"PLPP3",0
"PLPP5",91.2751677852349
"PLPP6",42.9530201342282
"PLPP7",95.3020134228188
"PLRG1",0
"PLS1",0
"PLS3",0
"PLSCR1",0
"PLSCR3",15.4362416107383
"PLSCR4",24.8322147651007
"PLTP",0
"PLVAP",0
"PLXDC1",67.1140939597315
"PLXDC2",0
"PLXNA1",4.69798657718121
"PLXNA2",0
"PLXNA3",65.7718120805369
"PLXNB1",4.02684563758389
"PLXNB2",0
"PLXNC1",0
"PLXND1",0
"PM20D1",40.9395973154362
"PM20D2",0
"PMEPA1",71.1409395973154
"PMF1",55.0335570469799
"PML",0
"PMM1",0
"PMM2",0
"PMPCA",0
"PMPCB",0
"PMS1",30.2013422818792
"PMS2",0
"PMVK",0
"PNCK",84.5637583892617
"PNISR",0
"PNKD",0
"PNKP",0
"PNLIP",0
"PNLIPRP1",0
"PNLIPRP2",0
"PNMA1",45.6375838926174
"PNMA2",34.2281879194631
"PNMA8A",90.6040268456376
"PNMA8B",18.1208053691275
"PNN",0
"PNO1",16.1073825503356
"PNP",0
"PNPLA2",4.02684563758389
"PNPLA4",44.9664429530201
"PNPLA6",0
"PNPLA7",65.7718120805369
"PNPLA8",0
"PNPO",0
"PNPT1",0
"POC1B",71.8120805369127
"POC5",35.5704697986577
"PODN",0
"PODNL1",73.8255033557047
"PODXL",0
"PODXL2",83.8926174496644
"POF1B",0
"POFUT1",0
"POFUT2",0
"POGK",3.35570469798658
"POGLUT1",0
"POGLUT2",0
"POGLUT3",0
"POGZ",0
"POLA1",15.4362416107383
"POLA2",69.1275167785235
"POLB",0
"POLD1",0
"POLD2",0
"POLD3",0
"POLD4",39.5973154362416
"POLDIP2",0
"POLDIP3",0
"POLE",22.1476510067114
"POLE2",67.7852348993289
"POLE3",4.02684563758389
"POLE4",0
"POLG",3.35570469798658
"POLG2",41.6107382550336
"POLI",15.4362416107383
"POLK",42.2818791946309
"POLL",75.1677852348993
"POLM",53.6912751677852
"POLQ",73.1543624161074
"POLR1A",0
"POLR1B",0
"POLR1C",0
"POLR1D",0
"POLR1E",0
"POLR2A",0
"POLR2B",0
"POLR2C",0
"POLR2D",0
"POLR2E",0
"POLR2F",72.4832214765101
"POLR2G",0
"POLR2H",0
"POLR2I",0
"POLR2K",3.35570469798658
"POLR2L",8.7248322147651
"POLR2M",0
"POLR3A",0
"POLR3B",0
"POLR3C",0
"POLR3D",0
"POLR3E",0
"POLR3F",0
"POLR3G",93.2885906040269
"POLR3GL",79.8657718120805
"POLR3H",58.3892617449664
"POLR3K",28.8590604026846
"POLRMT",30.2013422818792
"POM121",38.255033557047
"POM121C",41.6107382550336
"POMGNT1",14.7651006711409
"POMGNT2",10.0671140939597
"POMK",48.993288590604
"POMP",0
"POMT1",88.5906040268456
"POMT2",74.496644295302
"PON1",0
"PON2",0
"PON3",11.4093959731544
"POP1",0
"POP4",11.4093959731544
"POP5",44.2953020134228
"POP7",19.4630872483221
"POR",0
"PORCN",82.5503355704698
"POSTN",0
"POT1",24.1610738255034
"POTEF",0
"POTEI",0
"POTEJ",0
"POU2AF1",82.5503355704698
"POU2F1",0
"POU2F2",72.4832214765101
"PPA1",0
"PPA2",0
"PPARD",95.3020134228188
"PPAT",0
"PPBP",0
"PPCDC",0
"PPCS",0
"PPDPF",22.1476510067114
"PPFIA1",0
"PPFIA2",19.4630872483221
"PPFIA3",63.758389261745
"PPFIBP1",0
"PPFIBP2",0
"PPHLN1",0
"PPIB",0
"PPIC",0
"PPID",0
"PPIE",0
"PPIF",0
"PPIG",0
"PPIH",0
"PPIL1",0
"PPIL2",0
"PPIL3",0
"PPIL4",0
"PPIP5K1",0
"PPIP5K2",0
"PPL",0
"PPM1A",0
"PPM1B",10.0671140939597
"PPM1D",93.2885906040269
"PPM1E",94.6308724832215
"PPM1F",0
"PPM1G",0
"PPM1H",0
"PPM1J",51.6778523489933
"PPM1K",2.01342281879195
"PPM1L",20.8053691275168
"PPM1M",43.6241610738255
"PPME1",0
"PPOX",0
"PPP1CA",0
"PPP1CB",0
"PPP1CC",0
"PPP1R10",0
"PPP1R11",0
"PPP1R12A",0
"PPP1R12B",0
"PPP1R12C",0
"PPP1R13B",12.751677852349
"PPP1R13L",0
"PPP1R14A",0
"PPP1R14B",4.69798657718121
"PPP1R14C",18.7919463087248
"PPP1R14D",73.1543624161074
"PPP1R15B",77.1812080536913
"PPP1R16A",44.2953020134228
"PPP1R18",0
"PPP1R1A",5.36912751677852
"PPP1R1B",0
"PPP1R2",0
"PPP1R21",0
"PPP1R26",80.5369127516778
"PPP1R35",60.4026845637584
"PPP1R37",4.69798657718121
"PPP1R3B",70.4697986577181
"PPP1R3D",0
"PPP1R3F",28.8590604026846
"PPP1R3G",20.8053691275168
"PPP1R7",0
"PPP1R8",0
"PPP1R9A",0
"PPP1R9B",0
"PPP2CB",0
"PPP2R1A",0
"PPP2R1B",0
"PPP2R2A",0
"PPP2R2D",0
"PPP2R3C",88.5906040268456
"PPP2R5A",0
"PPP2R5B",17.4496644295302
"PPP2R5C",0
"PPP2R5D",0
"PPP2R5E",0
"PPP3CA",0
"PPP3CB",0
"PPP3CC",9.39597315436242
"PPP3R1",9.39597315436242
"PPP4C",0
"PPP4R1",0
"PPP4R2",0
"PPP4R3A",0
"PPP4R3B",12.751677852349
"PPP4R4",88.5906040268456
"PPP5C",0
"PPP6C",0
"PPP6R1",0
"PPP6R2",0
"PPP6R3",0
"PPT1",0
"PPT2",84.5637583892617
"PPTC7",18.7919463087248
"PPWD1",0
"PPY",0
"PQBP1",0
"PRADC1",86.5771812080537
"PRAF2",0
"PRAG1",0
"PRAM1",0
"PRC1",42.2818791946309
"PRCC",0
"PRCP",0
"PRDM10",56.3758389261745
"PRDM11",80.5369127516778
"PRDM16",32.2147651006711
"PRDM2",4.69798657718121
"PRDM4",55.7046979865772
"PRDM5",93.9597315436242
"PRDX2",0
"PRDX3",0
"PRDX4",0
"PRDX5",0
"PRDX6",0
"PREB",0
"PRELP",0
"PREP",0
"PREPL",0
"PREX1",0
"PREX2",45.6375838926174
"PRF1",51.6778523489933
"PRG2",0.671140939597315
"PRG3",0.671140939597315
"PRG4",0
"PRICKLE1",75.1677852348993
"PRICKLE2",77.1812080536913
"PRIM1",39.5973154362416
"PRIM2",27.5167785234899
"PRIMPOL",63.758389261745
"PRKAA1",0
"PRKAA2",26.1744966442953
"PRKAB1",0
"PRKAB2",0
"PRKACA",0
"PRKACB",0
"PRKAG1",0
"PRKAG2",12.751677852349
"PRKAR1A",0
"PRKAR1B",0
"PRKAR2A",0
"PRKAR2B",0
"PRKCA",0
"PRKCB",0
"PRKCD",0
"PRKCE",0
"PRKCH",8.7248322147651
"PRKCI",0
"PRKCQ",28.1879194630872
"PRKCSH",0
"PRKCZ",0
"PRKD1",2.01342281879195
"PRKD2",0
"PRKD3",38.9261744966443
"PRKDC",0
"PRKG1",0
"PRKG2",79.8657718120805
"PRKN",30.2013422818792
"PRKRA",0
"PRKRIP1",10.738255033557
"PRKX",95.3020134228188
"PRMT1",0
"PRMT2",14.0939597315436
"PRMT3",5.36912751677852
"PRMT5",0
"PRMT6",46.3087248322148
"PRMT7",49.6644295302013
"PRMT8",53.0201342281879
"PRMT9",4.02684563758389
"PRNP",0
"PROC",0
"PROCR",5.36912751677852
"PRODH",40.2684563758389
"PROM1",0
"PROM2",36.9127516778523
"PROS1",0
"PROSER1",32.8859060402685
"PROSER2",0
"PROX1",68.4563758389262
"PROZ",5.36912751677852
"PRPF18",16.7785234899329
"PRPF19",0
"PRPF3",0
"PRPF31",0
"PRPF38A",0
"PRPF38B",0
"PRPF39",0
"PRPF4",0
"PRPF40A",0
"PRPF40B",3.35570469798658
"PRPF4B",0
"PRPF6",0
"PRPF8",0
"PRPH",0
"PRPS1",0
"PRPS2",0
"PRPSAP1",0
"PRPSAP2",0
"PRR11",96.6442953020134
"PRR12",0
"PRR14",0
"PRR14L",46.3087248322148
"PRR15",6.04026845637584
"PRR15L",17.4496644295302
"PRR16",81.2080536912752
"PRR36",40.2684563758389
"PRR5",75.1677852348993
"PRR5L",76.510067114094
"PRR9",91.2751677852349
"PRRC1",0
"PRRC2A",0
"PRRC2B",0
"PRRC2C",0
"PRRX1",18.7919463087248
"PRSS1",0
"PRSS2",0
"PRSS22",77.1812080536913
"PRSS23",0
"PRSS3",0
"PRSS57",89.9328859060403
"PRSS8",5.36912751677852
"PRTFDC1",0
"PRTN3",0
"PRUNE1",0
"PRUNE2",24.8322147651007
"PRX",67.1140939597315
"PRXL2A",0
"PRXL2B",0
"PRXL2C",85.9060402684564
"PSAP",0
"PSAPL1",77.1812080536913
"PSAT1",0
"PSCA",8.05369127516778
"PSD3",0
"PSD4",3.35570469798658
"PSEN1",0
"PSEN2",46.3087248322148
"PSIP1",0
"PSMA1",0
"PSMA3",0
"PSMA4",0
"PSMA5",0
"PSMA6",0
"PSMA7",0
"PSMA8",93.9597315436242
"PSMB1",0
"PSMB10",0
"PSMB2",0
"PSMB3",0
"PSMB4",0
"PSMB5",0
"PSMB6",0
"PSMB7",0
"PSMB8",0
"PSMB9",0
"PSMC1",0
"PSMC2",0
"PSMC3",0
"PSMC3IP",91.2751677852349
"PSMC4",0
"PSMC5",0
"PSMC6",0
"PSMD1",0
"PSMD10",0
"PSMD11",0
"PSMD12",0
"PSMD13",0
"PSMD14",0
"PSMD2",0
"PSMD3",0
"PSMD4",0
"PSMD5",0
"PSMD6",0
"PSMD7",0
"PSMD8",0
"PSMD9",0
"PSME1",0
"PSME2",0
"PSME3",0
"PSME3IP1",0
"PSME4",0
"PSMF1",0
"PSMG1",0
"PSMG2",0
"PSMG3",0
"PSMG4",11.4093959731544
"PSPC1",0
"PSPH",0
"PSRC1",95.9731543624161
"PSTPIP1",0
"PSTPIP2",0
"PTAFR",66.4429530201342
"PTAR1",0
"PTBP1",0
"PTBP2",0
"PTBP3",0
"PTCD2",85.9060402684564
"PTCD3",0
"PTDSS1",0
"PTDSS2",38.255033557047
"PTEN",0
"PTER",0
"PTF1A",43.6241610738255
"PTGES",0
"PTGES2",0
"PTGES3",0
"PTGFRN",0
"PTGIS",0
"PTGR1",0
"PTGR2",0.671140939597315
"PTGS1",0
"PTGS2",7.38255033557047
"PTK2",0
"PTK2B",0
"PTK6",14.7651006711409
"PTK7",0
"PTMA",0
"PTMS",0
"PTN",0
"PTOV1",87.9194630872483
"PTP4A1",19.4630872483221
"PTP4A2",0
"PTP4A3",81.8791946308725
"PTPA",0
"PTPDC1",80.5369127516778
"PTPMT1",4.02684563758389
"PTPN1",0
"PTPN11",0
"PTPN12",0
"PTPN13",5.36912751677852
"PTPN14",4.02684563758389
"PTPN18",0
"PTPN2",0
"PTPN21",40.2684563758389
"PTPN22",46.3087248322148
"PTPN23",0
"PTPN3",30.8724832214765
"PTPN4",35.5704697986577
"PTPN6",0
"PTPN7",6.04026845637584
"PTPN9",0
"PTPRA",0
"PTPRB",73.1543624161074
"PTPRC",0
"PTPRCAP",72.4832214765101
"PTPRE",0
"PTPRF",0
"PTPRG",0
"PTPRH",24.8322147651007
"PTPRJ",0
"PTPRK",0
"PTPRM",8.7248322147651
"PTPRN",24.8322147651007
"PTPRO",89.9328859060403
"PTPRS",0
"PTPRU",31.5436241610738
"PTPRZ1",93.2885906040269
"PTRH1",24.1610738255034
"PTRH2",0
"PTRHD1",0
"PTS",0
"PTTG1IP",0
"PTX3",0
"PUDP",0
"PUF60",0
"PUM1",0
"PUM2",0
"PUM3",0
"PURA",0
"PURB",0
"PUS1",0
"PUS10",3.35570469798658
"PUS3",49.6644295302013
"PUS7",0
"PUS7L",12.751677852349
"PUSL1",75.1677852348993
"PVALB",57.7181208053691
"PVR",0
"PWP1",0
"PWP2",91.9463087248322
"PWWP2A",21.4765100671141
"PWWP2B",41.6107382550336
"PWWP3A",53.0201342281879
"PXDC1",40.2684563758389
"PXDN",0
"PXK",0
"PXMP2",62.4161073825503
"PXMP4",81.2080536912752
"PXN",0
"PXYLP1",55.0335570469799
"PYCARD",0
"PYCR1",0
"PYCR2",0
"PYCR3",0
"PYGB",0
"PYGL",0
"PYGM",3.35570469798658
"PYGO1",81.8791946308725
"PYGO2",48.3221476510067
"PYHIN1",55.7046979865772
"PYM1",0
"PYROXD1",7.38255033557047
"PYROXD2",38.9261744966443
"PYURF",8.7248322147651
"PZP",0
"QARS1",0
"QDPR",0
"QKI",0
"QPCT",3.35570469798658
"QPCTL",45.6375838926174
"QPRT",0
"QRICH1",0
"QRICH2",80.5369127516778
"QRSL1",0
"QSER1",24.1610738255034
"QSOX1",0
"QSOX2",0
"QTRT1",0
"QTRT2",0
"R3HCC1",8.05369127516778
"R3HCC1L",59.0604026845638
"R3HDM1",20.1342281879195
"R3HDM2",48.993288590604
"RAB10",0
"RAB11A",70.4697986577181
"RAB11B",0
"RAB11FIP1",0
"RAB11FIP2",37.5838926174497
"RAB11FIP3",57.0469798657718
"RAB11FIP4",10.738255033557
"RAB11FIP5",0
"RAB12",0
"RAB14",0
"RAB17",53.0201342281879
"RAB18",0
"RAB19",15.4362416107383
"RAB1A",0
"RAB1B",0
"RAB20",0
"RAB21",0
"RAB22A",0
"RAB23",0
"RAB24",0
"RAB25",0
"RAB26",29.5302013422819
"RAB27A",0
"RAB27B",0
"RAB28",9.39597315436242
"RAB29",0
"RAB2A",0
"RAB2B",0
"RAB30",48.3221476510067
"RAB31",0
"RAB32",0
"RAB33B",0
"RAB34",0
"RAB35",0
"RAB36",76.510067114094
"RAB37",63.0872483221477
"RAB38",83.2214765100671
"RAB39A",80.5369127516778
"RAB39B",91.9463087248322
"RAB3A",53.0201342281879
"RAB3B",2.01342281879195
"RAB3C",10.0671140939597
"RAB3D",0
"RAB3GAP1",0
"RAB3GAP2",0
"RAB3IL1",0
"RAB3IP",15.4362416107383
"RAB40C",96.6442953020134
"RAB42",82.5503355704698
"RAB43",0
"RAB44",6.71140939597315
"RAB4A",0
"RAB5A",0
"RAB5B",0
"RAB5C",0
"RAB5IF",46.3087248322148
"RAB6A",0
"RAB6B",21.4765100671141
"RAB7A",0
"RAB7B",69.1275167785235
"RAB8A",0
"RAB8B",0
"RAB9A",0
"RAB9B",89.261744966443
"RABAC1",0
"RABEP1",0
"RABEP2",0
"RABEPK",0
"RABGAP1",0
"RABGAP1L",0
"RABGEF1",0
"RABGGTA",0
"RABGGTB",0
"RABIF",4.02684563758389
"RABL2B",25.503355704698
"RABL3",0
"RABL6",0
"RAC1",0
"RAC2",0
"RAC3",55.7046979865772
"RACGAP1",51.6778523489933
"RACK1",0
"RAD1",26.8456375838926
"RAD17",23.489932885906
"RAD18",79.1946308724832
"RAD21",0
"RAD23A",0
"RAD23B",0
"RAD50",0
"RAD51",96.6442953020134
"RAD51AP1",81.2080536912752
"RAD51B",95.9731543624161
"RAD51C",92.6174496644295
"RAD52",90.6040268456376
"RAD54B",91.9463087248322
"RAD54L2",39.5973154362416
"RAD9A",19.4630872483221
"RAE1",0
"RAF1",0
"RAI1",0
"RAI14",0
"RAI2",91.9463087248322
"RALA",0
"RALB",0
"RALBP1",0
"RALGAPA1",0
"RALGAPA2",0
"RALGAPB",0
"RALGPS2",21.4765100671141
"RALY",0
"RALYL",27.5167785234899
"RAMAC",66.4429530201342
"RAMP2",82.5503355704698
"RAN",0
"RANBP1",0
"RANBP10",0
"RANBP2",0
"RANBP3",0
"RANBP6",0
"RANBP9",0
"RANGAP1",0
"RANGRF",41.6107382550336
"RAP1A",0
"RAP1B",0
"RAP1GAP",0
"RAP1GAP2",0
"RAP1GDS1",0
"RAP2A",46.3087248322148
"RAP2B",0
"RAP2C",40.9395973154362
"RAPGEF1",0
"RAPGEF2",0
"RAPGEF3",91.9463087248322
"RAPGEF4",89.261744966443
"RAPGEF5",71.8120805369127
"RAPGEFL1",81.8791946308725
"RAPH1",0
"RARA",55.0335570469799
"RARG",87.248322147651
"RARRES1",16.1073825503356
"RARRES2",0
"RARS1",0
"RARS2",0
"RASA1",0
"RASA2",0
"RASA3",0
"RASA4",91.2751677852349
"RASAL1",0
"RASAL2",0
"RASAL3",0
"RASEF",44.9664429530201
"RASGRF2",32.2147651006711
"RASGRP2",4.02684563758389
"RASGRP3",89.261744966443
"RASGRP4",80.5369127516778
"RASIP1",0
"RASL12",65.1006711409396
"RASSF1",46.3087248322148
"RASSF2",0
"RASSF3",51.006711409396
"RASSF4",31.5436241610738
"RASSF5",5.36912751677852
"RASSF6",18.7919463087248
"RASSF7",61.744966442953
"RASSF8",8.05369127516778
"RAVER1",0
"RAVER2",24.1610738255034
"RB1",0
"RB1CC1",0
"RBAK",96.6442953020134
"RBBP4",0
"RBBP5",0
"RBBP6",0
"RBBP7",0
"RBBP8NL",75.1677852348993
"RBBP9",0
"RBCK1",0
"RBFA",20.1342281879195
"RBFOX2",0
"RBIS",49.6644295302013
"RBKS",0
"RBL1",86.5771812080537
"RBL2",4.02684563758389
"RBM10",0
"RBM12",0
"RBM12B",0
"RBM14",0
"RBM15",0
"RBM15B",0
"RBM17",0
"RBM18",36.9127516778523
"RBM19",0
"RBM22",0
"RBM23",28.1879194630872
"RBM25",0
"RBM26",0
"RBM27",6.71140939597315
"RBM28",0
"RBM3",0
"RBM33",0
"RBM34",4.02684563758389
"RBM39",0
"RBM4",0
"RBM41",87.248322147651
"RBM42",0
"RBM43",61.0738255033557
"RBM45",0
"RBM47",0
"RBM48",93.2885906040269
"RBM4B",16.7785234899329
"RBM5",0
"RBM6",0
"RBM7",0
"RBM8A",0
"RBMS1",0
"RBMS2",0
"RBMS3",24.8322147651007
"RBMX",0
"RBMX2",0
"RBMXL1",0
"RBP1",0
"RBP2",0
"RBP5",0
"RBP7",0
"RBPJ",0
"RBPJL",16.7785234899329
"RBPMS",0
"RBPMS2",73.1543624161074
"RBSN",0
"RBX1",0
"RC3H1",9.39597315436242
"RC3H2",48.3221476510067
"RCAN1",53.6912751677852
"RCAN3",77.1812080536913
"RCBTB1",63.0872483221477
"RCBTB2",15.4362416107383
"RCC1",0
"RCC1L",0
"RCC2",0
"RCCD1",18.7919463087248
"RCE1",60.4026845637584
"RCHY1",4.02684563758389
"RCL1",9.39597315436242
"RCN1",0
"RCN2",0
"RCN3",0
"RCOR1",0
"RCOR3",0
"RCSD1",0
"RDH10",0
"RDH11",0
"RDH12",59.0604026845638
"RDH13",0
"RDH14",0
"RDX",0
"RECK",0
"RECQL",0
"RECQL4",77.1812080536913
"RECQL5",0
"REEP1",80.5369127516778
"REEP3",0
"REEP4",16.1073825503356
"REEP5",0
"REEP6",0
"REG1A",0
"REG1B",0
"REG3A",0
"REG3G",0
"REG4",0
"REL",0
"RELA",0
"RELB",0
"RELCH",0
"RELL1",13.4228187919463
"REM1",81.8791946308725
"RENBP",0
"REP15",91.9463087248322
"REPIN1",3.35570469798658
"REPS1",0
"REPS2",0
"RER1",0
"RERE",0
"RERG",4.02684563758389
"RESF1",74.496644295302
"REST",83.8926174496644
"RETN",2.01342281879195
"RETREG1",73.8255033557047
"RETREG2",11.4093959731544
"RETREG3",0
"RETSAT",0
"REV3L",84.5637583892617
"REXO1",57.7181208053691
"REXO2",0
"REXO4",0
"RFC1",0
"RFC2",0
"RFC3",0
"RFC4",0
"RFC5",0
"RFESD",73.8255033557047
"RFFL",47.6510067114094
"RFK",5.36912751677852
"RFLNA",38.9261744966443
"RFLNB",18.1208053691275
"RFT1",5.36912751677852
"RFTN1",0
"RFTN2",49.6644295302013
"RFWD3",95.3020134228188
"RFX1",0
"RFX2",73.1543624161074
"RFX3",45.6375838926174
"RFX5",0
"RFX7",75.8389261744966
"RFXANK",15.4362416107383
"RFXAP",29.5302013422819
"RGCC",24.1610738255034
"RGL1",78.5234899328859
"RGL2",0
"RGL3",76.510067114094
"RGMB",92.6174496644295
"RGN",0
"RGP1",8.05369127516778
"RGS1",85.9060402684564
"RGS10",0
"RGS12",35.5704697986577
"RGS14",0
"RGS17",93.9597315436242
"RGS18",79.8657718120805
"RGS19",8.05369127516778
"RGS2",90.6040268456376
"RGS3",0
"RHAG",34.8993288590604
"RHBDD1",36.241610738255
"RHBDD2",9.39597315436242
"RHBDD3",14.0939597315436
"RHBDF1",0
"RHBDF2",16.1073825503356
"RHCG",95.9731543624161
"RHEB",0
"RHOA",0
"RHOB",7.38255033557047
"RHOBTB3",75.1677852348993
"RHOC",0
"RHOD",77.8523489932886
"RHOF",8.7248322147651
"RHOG",0
"RHOH",72.4832214765101
"RHOJ",97.9865771812081
"RHOQ",27.5167785234899
"RHOT1",0
"RHOT2",0
"RHOU",93.2885906040269
"RHPN2",0
"RIC1",53.0201342281879
"RIC8A",0
"RIC8B",53.0201342281879
"RICTOR",0
"RIDA",0
"RIF1",0
"RILP",35.5704697986577
"RILPL1",0
"RILPL2",46.9798657718121
"RIMKLB",96.6442953020134
"RIN1",0
"RIN2",0
"RIN3",0
"RING1",0
"RINL",34.8993288590604
"RINT1",0
"RIOK1",0
"RIOK2",0
"RIOK3",0
"RIOX1",0
"RIOX2",0
"RIPK1",0
"RIPK2",0
"RIPK3",0
"RIPK4",69.7986577181208
"RIPOR1",0
"RIPOR2",73.8255033557047
"RIT1",25.503355704698
"RLBP1",46.9798657718121
"RLF",18.7919463087248
"RLIM",61.744966442953
"RMC1",0
"RMDN1",0
"RMDN2",0
"RMDN3",0
"RMI1",54.3624161073826
"RMI2",95.9731543624161
"RMND1",5.36912751677852
"RMND5A",0
"RNASE1",0
"RNASE2",0
"RNASE3",0
"RNASE4",0
"RNASE6",0
"RNASE7",96.6442953020134
"RNASEH2A",0
"RNASEH2B",0
"RNASEH2C",0
"RNASEK",94.6308724832215
"RNASEL",0
"RNASET2",0
"RND3",33.5570469798658
"RNF10",34.8993288590604
"RNF103",97.9865771812081
"RNF11",80.5369127516778
"RNF111",93.2885906040269
"RNF113A",0
"RNF114",0
"RNF115",55.7046979865772
"RNF121",96.6442953020134
"RNF123",0
"RNF126",9.39597315436242
"RNF128",64.4295302013423
"RNF13",4.69798657718121
"RNF130",86.5771812080537
"RNF135",10.738255033557
"RNF138",61.0738255033557
"RNF139",54.3624161073826
"RNF14",0
"RNF141",62.4161073825503
"RNF144A",6.71140939597315
"RNF146",0
"RNF149",22.1476510067114
"RNF151",28.1879194630872
"RNF166",39.5973154362416
"RNF167",21.4765100671141
"RNF168",59.0604026845638
"RNF169",8.7248322147651
"RNF170",24.1610738255034
"RNF181",0
"RNF185",6.04026845637584
"RNF187",85.9060402684564
"RNF19B",55.0335570469799
"RNF2",18.7919463087248
"RNF20",0
"RNF213",0
"RNF214",0
"RNF216",57.7181208053691
"RNF220",0
"RNF25",0
"RNF26",95.9731543624161
"RNF34",29.5302013422819
"RNF39",92.6174496644295
"RNF4",63.0872483221477
"RNF40",0
"RNF41",4.02684563758389
"RNF5",27.5167785234899
"RNF6",72.4832214765101
"RNF7",0
"RNF8",88.5906040268456
"RNFT1",75.1677852348993
"RNGTT",0
"RNH1",0
"RNLS",10.0671140939597
"RNMT",0
"RNPC3",48.993288590604
"RNPEP",0
"RNPEPL1",63.758389261745
"RNPS1",0
"RO60",0
"ROBO1",4.69798657718121
"ROBO2",68.4563758389262
"ROCK1",0
"ROCK2",0
"ROGDI",0
"ROMO1",13.4228187919463
"ROR1",19.4630872483221
"ROR2",0
"RP2",0
"RP9",30.8724832214765
"RPA1",0
"RPA2",0
"RPA3",0
"RPAIN",24.8322147651007
"RPAP1",5.36912751677852
"RPAP2",28.8590604026846
"RPAP3",0
"RPE",0
"RPF1",44.9664429530201
"RPF2",0
"RPGR",93.9597315436242
"RPGRIP1L",73.8255033557047
"RPH3A",30.2013422818792
"RPH3AL",8.05369127516778
"RPIA",0
"RPL10",0
"RPL10A",0
"RPL11",0
"RPL12",0
"RPL13",0
"RPL13A",0
"RPL14",0
"RPL15",0
"RPL18",0
"RPL18A",0
"RPL19",0
"RPL21",0
"RPL22",0
"RPL22L1",0
"RPL23",0
"RPL23A",0
"RPL24",0
"RPL26",0
"RPL26L1",0
"RPL27",0
"RPL27A",0
"RPL28",0
"RPL29",0
"RPL3",0
"RPL30",0
"RPL31",0
"RPL32",0
"RPL34",0
"RPL35",0
"RPL35A",0
"RPL36",0
"RPL36AL",0
"RPL37",0
"RPL37A",0
"RPL38",0
"RPL3L",4.02684563758389
"RPL4",0
"RPL5",0
"RPL6",0
"RPL7",0
"RPL7A",0
"RPL7L1",0
"RPL8",0
"RPL9",0
"RPLP0",0
"RPLP1",0
"RPLP2",0
"RPN1",0
"RPN2",0
"RPP14",35.5704697986577
"RPP21",89.9328859060403
"RPP25",0
"RPP25L",9.39597315436242
"RPP30",0
"RPP38",0
"RPP40",5.36912751677852
"RPRD1A",0
"RPRD1B",0
"RPRD2",0
"RPS10",0
"RPS10.NUDT3",91.9463087248322
"RPS11",0
"RPS12",0
"RPS13",0
"RPS14",0
"RPS15",0
"RPS15A",0
"RPS16",0
"RPS18",0
"RPS19",0
"RPS19BP1",4.69798657718121
"RPS2",0
"RPS20",0
"RPS21",0
"RPS23",0
"RPS24",0
"RPS25",0
"RPS26",0
"RPS27",0
"RPS27AP5",91.9463087248322
"RPS27L",0
"RPS28",0
"RPS29",0
"RPS3",0
"RPS3A",0
"RPS4X",0
"RPS4Y1",0
"RPS5",0
"RPS6",0
"RPS6KA1",0
"RPS6KA3",0
"RPS6KA4",0
"RPS6KA5",0
"RPS6KB1",7.38255033557047
"RPS6KB2",30.8724832214765
"RPS6KC1",4.02684563758389
"RPS7",0
"RPS8",0
"RPS9",0
"RPSA",0
"RPTN",65.7718120805369
"RPTOR",0
"RPUSD1",92.6174496644295
"RPUSD2",7.38255033557047
"RPUSD3",30.2013422818792
"RPUSD4",43.6241610738255
"RRAD",44.9664429530201
"RRAGB",48.993288590604
"RRAGC",0
"RRAS",0
"RRAS2",0
"RRBP1",0
"RREB1",0
"RRM1",0
"RRM2",7.38255033557047
"RRM2B",0
"RRN3",42.9530201342282
"RRP1",0
"RRP12",0
"RRP15",0
"RRP1B",0
"RRP36",18.7919463087248
"RRP7A",15.4362416107383
"RRP8",0
"RRP9",0
"RRS1",0
"RSAD1",95.9731543624161
"RSAD2",84.5637583892617
"RSBN1",0
"RSBN1L",0
"RSF1",0
"RSL1D1",0
"RSL24D1",33.5570469798658
"RSPRY1",0
"RSRC1",0
"RSRC2",0
"RSU1",0
"RTCA",0
"RTCB",0
"RTEL1",85.2348993288591
"RTF1",0
"RTF2",0
"RTKN",0
"RTL10",85.9060402684564
"RTN1",0
"RTN2",15.4362416107383
"RTN3",0
"RTN4",0
"RTN4IP1",0
"RTP4",93.2885906040269
"RTRAF",0
"RTTN",87.248322147651
"RUBCN",7.38255033557047
"RUFY1",0
"RUFY2",0
"RUFY3",0
"RUNDC1",29.5302013422819
"RUNX1",0
"RUNX1T1",89.9328859060403
"RUNX2",26.8456375838926
"RUNX3",23.489932885906
"RUSC1",47.6510067114094
"RUSC2",74.496644295302
"RUVBL1",0
"RUVBL2",0
"RWDD1",0
"RWDD2A",87.9194630872483
"RWDD2B",5.36912751677852
"RWDD3",63.0872483221477
"RWDD4",0
"RXRA",0
"RXRB",0
"RYBP",8.7248322147651
"RYR3",73.1543624161074
"S100A1",0
"S100A10",0
"S100A11",0
"S100A12",0
"S100A13",0
"S100A14",0
"S100A16",0
"S100A2",0
"S100A3",12.0805369127517
"S100A4",0
"S100A6",0
"S100A7",41.6107382550336
"S100A8",0
"S100A9",0
"S100B",1.34228187919463
"S100G",34.2281879194631
"S100P",0
"S100PBP",56.3758389261745
"SAA1",8.05369127516778
"SAA2",62.4161073825503
"SAAL1",0
"SAC3D1",75.1677852348993
"SACM1L",0
"SACS",7.38255033557047
"SAE1",0
"SAFB",0
"SAFB2",0
"SALL2",87.248322147651
"SAMD1",8.7248322147651
"SAMD10",96.6442953020134
"SAMD12",69.1275167785235
"SAMD14",96.6442953020134
"SAMD4A",4.69798657718121
"SAMD4B",0
"SAMD9",0
"SAMD9L",0
"SAMHD1",0
"SAMM50",0
"SAMSN1",0
"SAP130",0
"SAP18",0
"SAP30",0
"SAP30BP",0
"SAP30L",8.05369127516778
"SAR1A",0
"SAR1B",0
"SARAF",2.01342281879195
"SARDH",0
"SARM1",0
"SARNP",27.5167785234899
"SARS1",0
"SARS2",0
"SART1",0
"SART3",0
"SASH1",5.36912751677852
"SASH3",0
"SASS6",47.6510067114094
"SAT2",0
"SATB1",71.8120805369127
"SAV1",10.0671140939597
"SAYSD1",21.4765100671141
"SBDS",0
"SBF1",0
"SBF2",0
"SBNO1",0
"SBNO2",83.2214765100671
"SBSN",70.4697986577181
"SBSPON",0
"SC5D",65.1006711409396
"SCAF1",0
"SCAF11",0
"SCAF4",0
"SCAF8",0
"SCAI",20.8053691275168
"SCAMP1",0
"SCAMP2",0
"SCAMP3",0
"SCAMP4",4.02684563758389
"SCAMP5",96.6442953020134
"SCAND1",89.261744966443
"SCAP",69.1275167785235
"SCAPER",4.69798657718121
"SCARA5",90.6040268456376
"SCARB1",10.738255033557
"SCARB2",0
"SCARF1",26.1744966442953
"SCARF2",0
"SCCPDH",0
"SCD",4.02684563758389
"SCD5",6.04026845637584
"SCEL",0
"SCFD1",0
"SCFD2",0
"SCG2",0
"SCG3",0
"SCG5",0
"SCGB1A1",83.2214765100671
"SCGB1D2",47.6510067114094
"SCGN",0
"SCIMP",85.2348993288591
"SCIN",0
"SCLT1",42.9530201342282
"SCLY",0
"SCMH1",81.2080536912752
"SCML2",65.1006711409396
"SCN7A",79.8657718120805
"SCN9A",95.3020134228188
"SCNM1",92.6174496644295
"SCO1",0
"SCO2",0
"SCOC",20.8053691275168
"SCP2",0
"SCPEP1",0
"SCRIB",0
"SCRN1",0
"SCRN2",0
"SCRN3",0
"SCTR",96.6442953020134
"SCUBE2",12.751677852349
"SCUBE3",0
"SCYL1",0
"SCYL2",0
"SCYL3",0
"SDAD1",0
"SDC1",0
"SDC2",0
"SDC3",53.0201342281879
"SDC4",0
"SDCBP",0
"SDCBP2",0
"SDCCAG8",3.35570469798658
"SDE2",0
"SDF2",0
"SDF2L1",0
"SDF4",0
"SDHA",0
"SDHAF1",3.35570469798658
"SDHAF2",8.7248322147651
"SDHAF3",9.39597315436242
"SDHAF4",34.2281879194631
"SDHB",0
"SDHC",27.5167785234899
"SDHD",48.993288590604
"SDK1",40.2684563758389
"SDK2",85.9060402684564
"SDR16C5",0
"SDR39U1",0
"SDS",17.4496644295302
"SDSL",0
"SEC11A",0
"SEC11C",0
"SEC13",0
"SEC14L1",11.4093959731544
"SEC14L2",3.35570469798658
"SEC14L4",63.0872483221477
"SEC16A",0
"SEC16B",9.39597315436242
"SEC22A",11.4093959731544
"SEC22B",0
"SEC23A",0
"SEC23B",0
"SEC23IP",0
"SEC24A",0
"SEC24B",0
"SEC24C",0
"SEC24D",0
"SEC31A",0
"SEC61A1",0
"SEC61A2",95.9731543624161
"SEC61B",0
"SEC61G",8.05369127516778
"SEC62",0
"SEC63",0
"SECISBP2",34.2281879194631
"SECISBP2L",4.69798657718121
"SECTM1",84.5637583892617
"SEH1L",0
"SEL1L",0
"SEL1L2",10.0671140939597
"SEL1L3",7.38255033557047
"SELENBP1",0
"SELENOF",0
"SELENOH",0
"SELENOI",26.8456375838926
"SELENOK",3.35570469798658
"SELENOM",0
"SELENON",34.8993288590604
"SELENOO",0
"SELENOP",0
"SELENOS",0
"SELENOT",35.5704697986577
"SELENOW",0
"SELL",3.35570469798658
"SELP",0
"SELPLG",58.3892617449664
"SEMA3B",37.5838926174497
"SEMA3C",4.69798657718121
"SEMA3F",82.5503355704698
"SEMA4A",55.7046979865772
"SEMA4B",0
"SEMA4C",54.3624161073826
"SEMA4D",12.751677852349
"SEMA4G",83.8926174496644
"SEMA5A",77.8523489932886
"SEMA6A",93.9597315436242
"SEMA6B",96.6442953020134
"SEMA6C",89.261744966443
"SEMA6D",93.2885906040269
"SEMA7A",7.38255033557047
"SEMG1",96.6442953020134
"SEMG2",21.4765100671141
"SENP1",4.69798657718121
"SENP2",60.4026845637584
"SENP3",70.4697986577181
"SENP5",62.4161073825503
"SENP6",5.36912751677852
"SENP7",0
"SENP8",3.35570469798658
"SEPHS1",0
"SEPHS2",0
"SEPSECS",0
"SEPTIN1",0
"SEPTIN10",0
"SEPTIN11",0
"SEPTIN2",0
"SEPTIN3",24.8322147651007
"SEPTIN4",0
"SEPTIN5",96.6442953020134
"SEPTIN6",0
"SEPTIN7",0
"SEPTIN8",0
"SEPTIN9",0
"SERAC1",9.39597315436242
"SERBP1",0
"SERF2",0
"SERGEF",0
"SERINC1",0
"SERINC3",0
"SERINC5",81.2080536912752
"SERPINA1",0
"SERPINA10",0
"SERPINA3",0
"SERPINA4",0
"SERPINA5",0
"SERPINA6",0
"SERPINA7",0
"SERPINB1",0
"SERPINB10",4.02684563758389
"SERPINB13",93.9597315436242
"SERPINB2",0
"SERPINB3",0
"SERPINB4",17.4496644295302
"SERPINB5",0
"SERPINB6",0
"SERPINB7",25.503355704698
"SERPINB8",0
"SERPINB9",0
"SERPIND1",0
"SERPINE1",0
"SERPINE2",0
"SERPINF1",0
"SERPINF2",0
"SERPING1",0
"SERPINH1",0
"SERPINI1",18.1208053691275
"SERPINI2",0
"SESN1",30.2013422818792
"SESN3",83.2214765100671
"SESTD1",0
"SET",0
"SETD1A",0
"SETD1B",0
"SETD2",0
"SETD3",0
"SETD5",63.758389261745
"SETD6",83.2214765100671
"SETD7",0
"SETD9",85.9060402684564
"SETDB1",0
"SETDB2",97.9865771812081
"SETMAR",0
"SETSIP",91.9463087248322
"SETX",0
"SEZ6L2",32.8859060402685
"SF1",0
"SF3A1",0
"SF3A2",0
"SF3A3",0
"SF3B1",0
"SF3B2",0
"SF3B3",0
"SF3B4",0
"SF3B5",0
"SF3B6",0
"SFMBT1",71.8120805369127
"SFMBT2",91.9463087248322
"SFN",0
"SFPQ",0
"SFR1",44.9664429530201
"SFRP1",0
"SFRP2",0
"SFRP4",0
"SFRP5",36.241610738255
"SFSWAP",0
"SFT2D1",89.9328859060403
"SFT2D2",33.5570469798658
"SFT2D3",8.05369127516778
"SFTA2",79.8657718120805
"SFTPB",95.9731543624161
"SFXN1",0
"SFXN2",0
"SFXN3",0
"SFXN4",19.4630872483221
"SFXN5",21.4765100671141
"SGCB",13.4228187919463
"SGCD",0
"SGCE",0
"SGF29",0
"SGIP1",42.2818791946309
"SGK2",34.2281879194631
"SGMS1",93.9597315436242
"SGO1",96.6442953020134
"SGPL1",0
"SGPP1",4.02684563758389
"SGPP2",87.248322147651
"SGSH",0
"SGSM1",53.6912751677852
"SGSM2",63.0872483221477
"SGSM3",0
"SGTA",0
"SGTB",0
"SH2B1",9.39597315436242
"SH2B2",64.4295302013423
"SH2D1A",0
"SH2D2A",78.5234899328859
"SH2D3A",27.5167785234899
"SH2D3C",56.3758389261745
"SH2D4A",0
"SH3BGRL",0
"SH3BGRL2",0
"SH3BGRL3",0
"SH3BP1",0
"SH3BP2",4.69798657718121
"SH3BP4",0
"SH3BP5",25.503355704698
"SH3BP5L",19.4630872483221
"SH3D19",0
"SH3D21",91.2751677852349
"SH3GL1",0
"SH3GL2",34.8993288590604
"SH3GLB1",0
"SH3GLB2",0
"SH3KBP1",0
"SH3PXD2A",0
"SH3PXD2B",0
"SH3RF1",0
"SH3RF2",96.6442953020134
"SH3RF3",29.5302013422819
"SH3TC1",13.4228187919463
"SH3YL1",6.71140939597315
"SHANK2",10.0671140939597
"SHANK3",0
"SHARPIN",0
"SHB",34.2281879194631
"SHBG",0
"SHC1",0
"SHCBP1",42.9530201342282
"SHD",91.2751677852349
"SHE",70.4697986577181
"SHF",16.7785234899329
"SHFL",0
"SHISA2",65.7718120805369
"SHISA4",96.6442953020134
"SHISA5",71.1409395973154
"SHKBP1",14.7651006711409
"SHMT1",0
"SHMT2",0
"SHOC2",0
"SHPRH",11.4093959731544
"SHQ1",85.9060402684564
"SHROOM1",48.3221476510067
"SHROOM2",2.01342281879195
"SHROOM3",0
"SHROOM4",45.6375838926174
"SHTN1",0
"SI",0
"SIAE",0
"SIAH1",14.0939597315436
"SIAH2",79.8657718120805
"SIDT2",0
"SIGIRR",0
"SIGLEC1",0
"SIGLEC10",30.8724832214765
"SIGLEC14",95.9731543624161
"SIGLEC7",15.4362416107383
"SIGLEC9",84.5637583892617
"SIGMAR1",57.0469798657718
"SIK2",40.2684563758389
"SIK3",0
"SIKE1",5.36912751677852
"SIL1",0
"SIMC1",80.5369127516778
"SIN3A",0
"SIN3B",0
"SINHCAF",71.1409395973154
"SIPA1",0
"SIPA1L1",0
"SIPA1L2",28.8590604026846
"SIPA1L3",0
"SIRPA",9.39597315436242
"SIRPB1",85.2348993288591
"SIRT1",6.04026845637584
"SIRT2",0
"SIRT3",0
"SIRT5",0
"SIRT6",3.35570469798658
"SIRT7",46.9798657718121
"SIT1",77.8523489932886
"SIVA1",81.8791946308725
"SIX4",89.261744966443
"SIX5",28.8590604026846
"SKA1",85.2348993288591
"SKA2",55.7046979865772
"SKA3",69.7986577181208
"SKAP1",18.1208053691275
"SKAP2",0
"SKI",87.248322147651
"SKIV2L",0
"SKP1",0
"SKP2",85.2348993288591
"SLA",96.6442953020134
"SLAIN2",0
"SLAMF1",93.9597315436242
"SLAMF6",93.9597315436242
"SLBP",46.3087248322148
"SLC11A1",81.2080536912752
"SLC11A2",42.9530201342282
"SLC12A2",0
"SLC12A4",3.35570469798658
"SLC12A6",34.2281879194631
"SLC12A7",0
"SLC12A8",73.1543624161074
"SLC12A9",0
"SLC13A2",83.8926174496644
"SLC14A1",44.2953020134228
"SLC15A1",31.5436241610738
"SLC15A3",77.1812080536913
"SLC15A4",4.02684563758389
"SLC16A1",0
"SLC16A10",16.7785234899329
"SLC16A2",89.9328859060403
"SLC16A3",0
"SLC16A7",0
"SLC17A5",0
"SLC19A1",66.4429530201342
"SLC1A1",65.1006711409396
"SLC1A2",70.4697986577181
"SLC1A3",86.5771812080537
"SLC1A4",0
"SLC1A5",0
"SLC20A1",65.7718120805369
"SLC20A2",28.1879194630872
"SLC22A18",7.38255033557047
"SLC22A5",97.9865771812081
"SLC23A2",96.6442953020134
"SLC25A1",0
"SLC25A10",18.7919463087248
"SLC25A11",0
"SLC25A12",0
"SLC25A13",0
"SLC25A15",8.05369127516778
"SLC25A16",33.5570469798658
"SLC25A17",79.8657718120805
"SLC25A19",0
"SLC25A20",0
"SLC25A21",40.2684563758389
"SLC25A22",0
"SLC25A23",95.9731543624161
"SLC25A24",0
"SLC25A25",50.3355704697987
"SLC25A26",61.0738255033557
"SLC25A28",83.8926174496644
"SLC25A29",72.4832214765101
"SLC25A3",0
"SLC25A30",89.9328859060403
"SLC25A32",67.1140939597315
"SLC25A35",55.7046979865772
"SLC25A36",68.4563758389262
"SLC25A4",0
"SLC25A40",26.1744966442953
"SLC25A42",83.2214765100671
"SLC25A44",96.6442953020134
"SLC25A45",40.2684563758389
"SLC25A46",0
"SLC25A5",0
"SLC25A51",64.4295302013423
"SLC25A6",0
"SLC26A11",95.9731543624161
"SLC26A2",21.4765100671141
"SLC26A3",96.6442953020134
"SLC26A6",59.0604026845638
"SLC26A9",95.9731543624161
"SLC27A1",0
"SLC27A2",0
"SLC27A3",0
"SLC27A4",0
"SLC28A2",96.6442953020134
"SLC28A3",92.6174496644295
"SLC29A1",74.496644295302
"SLC29A3",79.1946308724832
"SLC2A1",0
"SLC2A10",77.8523489932886
"SLC2A13",6.04026845637584
"SLC2A2",59.7315436241611
"SLC2A3",25.503355704698
"SLC2A4",96.6442953020134
"SLC2A5",13.4228187919463
"SLC2A6",46.3087248322148
"SLC30A1",0
"SLC30A2",48.993288590604
"SLC30A5",0
"SLC30A6",11.4093959731544
"SLC30A7",22.1476510067114
"SLC30A8",58.3892617449664
"SLC30A9",0
"SLC31A1",51.6778523489933
"SLC33A1",0
"SLC34A2",63.758389261745
"SLC34A3",20.8053691275168
"SLC35A1",38.9261744966443
"SLC35A2",6.71140939597315
"SLC35A4",4.02684563758389
"SLC35A5",40.2684563758389
"SLC35B1",76.510067114094
"SLC35B2",0
"SLC35B3",11.4093959731544
"SLC35C1",41.6107382550336
"SLC35C2",86.5771812080537
"SLC35E1",4.02684563758389
"SLC35E2B",92.6174496644295
"SLC35F5",49.6644295302013
"SLC35F6",0
"SLC36A1",62.4161073825503
"SLC37A1",49.6644295302013
"SLC37A2",86.5771812080537
"SLC37A4",0
"SLC38A1",40.9395973154362
"SLC38A10",0
"SLC38A2",23.489932885906
"SLC38A3",90.6040268456376
"SLC38A5",28.1879194630872
"SLC38A7",87.248322147651
"SLC38A9",60.4026845637584
"SLC39A10",4.02684563758389
"SLC39A11",0
"SLC39A14",0
"SLC39A4",40.2684563758389
"SLC39A5",85.2348993288591
"SLC39A6",7.38255033557047
"SLC39A7",0
"SLC39A8",91.9463087248322
"SLC39A9",0
"SLC3A1",6.71140939597315
"SLC3A2",0
"SLC40A1",91.9463087248322
"SLC41A1",81.8791946308725
"SLC41A3",63.758389261745
"SLC43A1",5.36912751677852
"SLC43A2",6.04026845637584
"SLC43A3",69.7986577181208
"SLC44A1",0
"SLC44A2",0
"SLC44A3",81.8791946308725
"SLC44A4",0.671140939597315
"SLC45A4",95.9731543624161
"SLC46A3",46.9798657718121
"SLC49A4",85.9060402684564
"SLC4A1",0
"SLC4A1AP",0
"SLC4A2",0
"SLC4A4",0
"SLC4A7",48.993288590604
"SLC51A",83.8926174496644
"SLC51B",91.9463087248322
"SLC52A2",63.0872483221477
"SLC5A1",4.02684563758389
"SLC5A3",78.5234899328859
"SLC5A6",57.0469798657718
"SLC66A2",29.5302013422819
"SLC66A3",77.1812080536913
"SLC6A14",20.1342281879195
"SLC6A19",55.0335570469799
"SLC6A6",73.1543624161074
"SLC7A1",13.4228187919463
"SLC7A14",90.6040268456376
"SLC7A2",48.3221476510067
"SLC7A5",57.7181208053691
"SLC7A6",92.6174496644295
"SLC7A6OS",44.9664429530201
"SLC7A8",63.758389261745
"SLC8A1",49.6644295302013
"SLC8A2",95.9731543624161
"SLC8B1",76.510067114094
"SLC9A1",0
"SLC9A3",91.2751677852349
"SLC9A3R1",0
"SLC9A3R2",0
"SLC9A6",30.2013422818792
"SLC9A7",16.1073825503356
"SLC9A8",54.3624161073826
"SLC9A9",0
"SLC9B2",96.6442953020134
"SLCO2A1",0
"SLCO2B1",40.2684563758389
"SLCO3A1",89.261744966443
"SLCO4A1",71.8120805369127
"SLCO4C1",16.1073825503356
"SLF1",12.0805369127517
"SLF2",82.5503355704698
"SLFN11",0
"SLFN13",55.0335570469799
"SLFN5",0
"SLIRP",0
"SLIT1",30.2013422818792
"SLIT2",0
"SLIT3",0
"SLITRK4",58.3892617449664
"SLITRK5",95.9731543624161
"SLK",0
"SLMAP",0
"SLPI",0
"SLTM",0
"SLU7",0
"SLX4",86.5771812080537
"SMAD1",14.0939597315436
"SMAD2",0
"SMAD3",0
"SMAD4",0
"SMAD5",0
"SMAGP",94.6308724832215
"SMAP1",0
"SMAP2",0
"SMARCA1",0
"SMARCA2",0
"SMARCA4",0
"SMARCA5",0
"SMARCAD1",0
"SMARCAL1",0
"SMARCB1",0
"SMARCC1",0
"SMARCC2",0
"SMARCD1",0
"SMARCD2",0
"SMARCD3",24.8322147651007
"SMARCE1",0
"SMC1A",0
"SMC2",0
"SMC3",0
"SMC4",0
"SMC5",0
"SMC6",0
"SMCHD1",0
"SMCO3",35.5704697986577
"SMCR8",0
"SMDT1",58.3892617449664
"SMG1",0
"SMG5",5.36912751677852
"SMG6",10.0671140939597
"SMG7",0
"SMG8",0
"SMG9",0
"SMIM12",16.1073825503356
"SMIM13",88.5906040268456
"SMIM15",5.36912751677852
"SMIM19",89.261744966443
"SMIM20",0
"SMIM22",25.503355704698
"SMIM24",38.9261744966443
"SMIM26",95.3020134228188
"SMIM29",92.6174496644295
"SMIM8",76.510067114094
"SMNDC1",0
"SMOC1",8.05369127516778
"SMOC2",0
"SMPD1",0
"SMPD2",10.738255033557
"SMPD3",3.35570469798658
"SMPD4",0
"SMPDL3A",0
"SMPDL3B",0
"SMPX",50.3355704697987
"SMS",0
"SMTN",0
"SMU1",0
"SMUG1",19.4630872483221
"SMURF1",75.1677852348993
"SMURF2",3.35570469798658
"SMYD1",92.6174496644295
"SMYD2",26.8456375838926
"SMYD3",10.738255033557
"SMYD4",61.744966442953
"SMYD5",0
"SNAI1",91.9463087248322
"SNAI2",78.5234899328859
"SNAP23",0
"SNAP25",63.758389261745
"SNAP29",0
"SNAP47",39.5973154362416
"SNAP91",28.1879194630872
"SNAPC2",69.1275167785235
"SNAPC3",73.8255033557047
"SNAPC4",69.7986577181208
"SNAPC5",75.1677852348993
"SNAPIN",0
"SNCA",0
"SNCAIP",90.6040268456376
"SNCB",93.9597315436242
"SNCG",0
"SND1",0
"SNED1",0
"SNF8",0
"SNIP1",4.02684563758389
"SNPH",70.4697986577181
"SNRK",0
"SNRNP200",0
"SNRNP27",0
"SNRNP35",28.1879194630872
"SNRNP40",0
"SNRNP48",61.744966442953
"SNRNP70",0
"SNRPA",0
"SNRPA1",0
"SNRPB",96.6442953020134
"SNRPB2",0
"SNRPC",0
"SNRPD1",0
"SNRPD2",0
"SNRPD3",0
"SNRPE",3.35570469798658
"SNRPF",0
"SNRPG",0
"SNTA1",6.71140939597315
"SNTB1",0
"SNTB2",0
"SNU13",0
"SNUPN",0
"SNW1",0
"SNX1",0
"SNX10",81.2080536912752
"SNX11",10.738255033557
"SNX12",0
"SNX13",38.255033557047
"SNX14",14.7651006711409
"SNX15",0
"SNX16",40.9395973154362
"SNX17",0
"SNX18",0
"SNX19",62.4161073825503
"SNX2",0
"SNX20",83.2214765100671
"SNX21",3.35570469798658
"SNX24",48.3221476510067
"SNX25",63.0872483221477
"SNX27",0
"SNX29",0
"SNX3",0
"SNX30",0
"SNX32",43.6241610738255
"SNX33",0
"SNX4",0
"SNX5",0
"SNX6",0
"SNX7",0
"SNX8",0
"SNX9",0
"SOAT1",0
"SOCS6",80.5369127516778
"SOD2",0
"SOD3",0
"SOGA1",17.4496644295302
"SON",0
"SORBS1",0
"SORBS2",0
"SORBS3",0
"SORCS2",4.02684563758389
"SORD",0
"SORL1",0
"SORT1",0
"SOS1",0
"SOS2",14.7651006711409
"SOWAHA",91.2751677852349
"SOWAHB",71.1409395973154
"SOWAHC",0
"SOWAHD",89.9328859060403
"SOX1",93.9597315436242
"SOX13",61.0738255033557
"SOX4",12.0805369127517
"SOX6",88.5906040268456
"SOX9",6.04026845637584
"SP1",0
"SP100",0
"SP110",0
"SP140",67.7852348993289
"SP140L",22.1476510067114
"SP2",0
"SP3",0
"SP4",0
"SP6",82.5503355704698
"SPA17",92.6174496644295
"SPAG1",0
"SPAG5",79.1946308724832
"SPAG7",0
"SPAG8",39.5973154362416
"SPAG9",0
"SPARC",0
"SPART",0
"SPAST",0
"SPATA13",92.6174496644295
"SPATA18",68.4563758389262
"SPATA2",69.1275167785235
"SPATA20",0
"SPATA21",92.6174496644295
"SPATA2L",78.5234899328859
"SPATA5",0
"SPATA5L1",0
"SPATA6",96.6442953020134
"SPATS2",0
"SPATS2L",0
"SPC24",58.3892617449664
"SPC25",46.9798657718121
"SPCS1",0
"SPCS2",0
"SPCS3",0
"SPDEF",85.2348993288591
"SPDL1",72.4832214765101
"SPECC1",0
"SPECC1L",8.7248322147651
"SPEG",89.9328859060403
"SPEN",0
"SPG11",0
"SPG21",0
"SPG7",0
"SPHK1",80.5369127516778
"SPHK2",71.8120805369127
"SPI1",35.5704697986577
"SPIDR",24.1610738255034
"SPIN1",0
"SPIN2A",91.9463087248322
"SPIN3",97.9865771812081
"SPINDOC",75.8389261744966
"SPINK1",0
"SPINK4",27.5167785234899
"SPINT1",0
"SPINT2",0
"SPIRE1",88.5906040268456
"SPN",15.4362416107383
"SPNS1",12.751677852349
"SPNS2",65.7718120805369
"SPOCK1",77.8523489932886
"SPOCK2",32.8859060402685
"SPOCK3",96.6442953020134
"SPON1",0
"SPON2",0
"SPOP",92.6174496644295
"SPOUT1",4.02684563758389
"SPP1",0
"SPP2",17.4496644295302
"SPPL2A",0
"SPPL2B",45.6375838926174
"SPR",0
"SPRED1",80.5369127516778
"SPRED2",95.3020134228188
"SPRR1A",10.738255033557
"SPRR1B",6.71140939597315
"SPRR2A",95.9731543624161
"SPRR2D",87.248322147651
"SPRR3",4.69798657718121
"SPRTN",72.4832214765101
"SPRY1",72.4832214765101
"SPRY2",91.9463087248322
"SPRY3",96.6442953020134
"SPRY4",39.5973154362416
"SPRYD3",5.36912751677852
"SPRYD4",0
"SPRYD7",0
"SPSB4",78.5234899328859
"SPTA1",0
"SPTAN1",0
"SPTB",0
"SPTBN1",0
"SPTBN2",0
"SPTLC1",0
"SPTLC2",0
"SPTLC3",85.9060402684564
"SPTY2D1",5.36912751677852
"SQLE",0
"SQOR",0
"SQSTM1",0
"SRA1",0
"SRBD1",0
"SRC",0
"SRCAP",84.5637583892617
"SRCIN1",0
"SRD5A3",17.4496644295302
"SREBF1",71.1409395973154
"SREBF2",81.8791946308725
"SREK1",0
"SREK1IP1",18.1208053691275
"SRF",10.738255033557
"SRFBP1",0
"SRGAP1",4.69798657718121
"SRGAP2",0
"SRGAP3",61.0738255033557
"SRGN",12.0805369127517
"SRI",0
"SRM",0
"SRMS",96.6442953020134
"SRP14",0
"SRP19",0
"SRP54",0
"SRP68",0
"SRP72",0
"SRP9",0
"SRPK1",0
"SRPK2",0
"SRPRA",0
"SRPRB",0
"SRPX",0
"SRPX2",0
"SRR",14.7651006711409
"SRRM1",0
"SRRM2",0
"SRRT",0
"SRSF1",0
"SRSF10",0
"SRSF11",0
"SRSF12",89.9328859060403
"SRSF2",0
"SRSF3",0
"SRSF4",0
"SRSF5",0
"SRSF6",34.2281879194631
"SRSF7",0
"SRSF8",24.1610738255034
"SRSF9",0
"SRXN1",4.02684563758389
"SS18",0
"SS18L1",56.3758389261745
"SS18L2",88.5906040268456
"SSB",0
"SSBP1",0
"SSBP2",53.0201342281879
"SSBP3",13.4228187919463
"SSBP4",44.9664429530201
"SSC5D",0
"SSH1",7.38255033557047
"SSH2",30.2013422818792
"SSH3",0
"SSNA1",6.04026845637584
"SSPN",58.3892617449664
"SSR1",0
"SSR3",0
"SSR4",0
"SSRP1",0
"SST",0
"SSU72",0
"SSX2IP",85.9060402684564
"ST13",0
"ST14",0
"ST3GAL1",8.05369127516778
"ST3GAL2",93.9597315436242
"ST3GAL4",31.5436241610738
"ST3GAL5",48.3221476510067
"ST3GAL6",37.5838926174497
"ST6GAL1",0
"ST6GALNAC1",4.02684563758389
"ST7",14.7651006711409
"ST8SIA3",84.5637583892617
"STAB1",0
"STAB2",75.1677852348993
"STAG1",0
"STAG2",0
"STAM",0
"STAM2",0
"STAMBP",0
"STAMBPL1",0
"STAP1",75.8389261744966
"STAP2",0
"STARD10",0
"STARD13",4.69798657718121
"STARD3",32.8859060402685
"STARD3NL",92.6174496644295
"STARD4",96.6442953020134
"STARD5",10.738255033557
"STARD7",4.02684563758389
"STAT1",0
"STAT2",0
"STAT3",0
"STAT4",24.1610738255034
"STAT5A",0
"STAT5B",0
"STAT6",0
"STAU1",0
"STAU2",0
"STBD1",5.36912751677852
"STC1",31.5436241610738
"STC2",50.3355704697987
"STEAP1",91.9463087248322
"STEAP2",42.2818791946309
"STEAP3",0
"STEAP4",4.69798657718121
"STIM1",0
"STIM2",10.0671140939597
"STING1",0
"STIP1",0
"STK10",0
"STK11",9.39597315436242
"STK11IP",0
"STK16",61.0738255033557
"STK17A",51.6778523489933
"STK17B",0
"STK19",83.8926174496644
"STK24",0
"STK25",0
"STK26",0
"STK3",0
"STK32C",14.0939597315436
"STK33",20.8053691275168
"STK35",62.4161073825503
"STK38",0
"STK38L",0
"STK39",0
"STK4",0
"STMN1",0
"STMN2",53.0201342281879
"STMN3",84.5637583892617
"STN1",40.2684563758389
"STOM",0
"STOML1",91.2751677852349
"STOML2",0
"STOML3",97.9865771812081
"STON1",44.2953020134228
"STON2",21.4765100671141
"STOX2",95.9731543624161
"STRA6",59.0604026845638
"STRADA",18.7919463087248
"STRAP",0
"STRBP",0
"STRIP1",0
"STRIP2",77.8523489932886
"STRN",0
"STRN3",0
"STRN4",0
"STT3A",0
"STT3B",0
"STUB1",0
"STX10",24.1610738255034
"STX11",10.0671140939597
"STX12",0
"STX16",48.993288590604
"STX17",0
"STX18",0
"STX1A",11.4093959731544
"STX2",16.1073825503356
"STX3",0
"STX4",0
"STX5",0
"STX6",0
"STX7",0
"STX8",0
"STXBP1",0
"STXBP2",0
"STXBP3",0
"STXBP4",0
"STXBP5",0
"STXBP6",0
"STYX",79.1946308724832
"SUB1",0
"SUCLA2",0
"SUCLG1",0
"SUCLG2",0
"SUCO",9.39597315436242
"SUDS3",5.36912751677852
"SUFU",6.04026845637584
"SUGCT",38.9261744966443
"SUGP1",0
"SUGP2",0
"SUGT1",0
"SULF1",0
"SULF2",0
"SULT1A1",0
"SULT1A2",45.6375838926174
"SULT1B1",0
"SULT1C2",0
"SULT1C4",95.9731543624161
"SULT1E1",28.1879194630872
"SULT2A1",48.3221476510067
"SULT2B1",13.4228187919463
"SUMF1",0
"SUMF2",0
"SUMO2",0.671140939597315
"SUMO3",6.04026845637584
"SUMO4",72.4832214765101
"SUN1",0
"SUN2",0
"SUOX",0
"SUPT16H",0
"SUPT20H",16.7785234899329
"SUPT3H",65.7718120805369
"SUPT4H1",4.69798657718121
"SUPT5H",0
"SUPT6H",0
"SUPT7L",45.6375838926174
"SUPV3L1",0
"SURF1",0
"SURF2",36.9127516778523
"SURF4",0
"SURF6",0
"SUSD2",0
"SUSD5",85.2348993288591
"SUV39H1",96.6442953020134
"SUV39H2",87.248322147651
"SUZ12",3.35570469798658
"SV2A",81.2080536912752
"SVBP",14.0939597315436
"SVEP1",0
"SVIL",0
"SVIP",15.4362416107383
"SWAP70",0
"SWI5",95.9731543624161
"SWSAP1",96.6442953020134
"SYAP1",0
"SYBU",89.261744966443
"SYCE1",73.1543624161074
"SYCN",0
"SYDE1",0
"SYDE2",46.3087248322148
"SYF2",10.738255033557
"SYK",0
"SYMPK",0
"SYN1",3.35570469798658
"SYN2",39.5973154362416
"SYNC",3.35570469798658
"SYNCRIP",0
"SYNE1",0
"SYNE2",0
"SYNE3",5.36912751677852
"SYNGR1",20.8053691275168
"SYNGR2",0
"SYNJ1",0
"SYNJ2",0
"SYNJ2BP",36.241610738255
"SYNM",0
"SYNPO",0
"SYNPO2",0
"SYNRG",0
"SYP",0
"SYPL1",0
"SYS1",0
"SYT1",75.1677852348993
"SYT13",56.3758389261745
"SYT17",80.5369127516778
"SYT5",80.5369127516778
"SYT7",32.2147651006711
"SYT8",81.8791946308725
"SYTL1",0
"SYTL2",0
"SYTL3",46.9798657718121
"SYTL4",0
"SYTL5",28.8590604026846
"SYVN1",0
"SZRD1",0
"SZT2",0
"TAB1",0
"TAB2",0
"TAB3",37.5838926174497
"TAC1",90.6040268456376
"TAC3",95.9731543624161
"TACC1",0
"TACC2",0
"TACC3",0
"TACO1",0
"TACSTD2",0
"TADA1",43.6241610738255
"TADA2B",43.6241610738255
"TADA3",3.35570469798658
"TAF1",43.6241610738255
"TAF10",10.0671140939597
"TAF11",46.9798657718121
"TAF12",11.4093959731544
"TAF13",95.9731543624161
"TAF15",0
"TAF1C",73.1543624161074
"TAF2",0
"TAF3",14.7651006711409
"TAF4",0
"TAF5",0
"TAF5L",16.7785234899329
"TAF6",0
"TAF6L",4.02684563758389
"TAF7",0
"TAF8",20.8053691275168
"TAF9",69.7986577181208
"TAF9B",69.7986577181208
"TAGLN",0
"TAGLN2",0
"TAGLN3",4.69798657718121
"TALDO1",0
"TAMM41",0
"TANC1",0
"TANC2",0
"TANGO2",0
"TANGO6",19.4630872483221
"TANK",0
"TAOK1",0
"TAOK2",0
"TAOK3",0
"TAP1",0
"TAP2",0
"TAPBP",0
"TAPBPL",4.69798657718121
"TAPT1",4.02684563758389
"TARBP1",1.34228187919463
"TARBP2",9.39597315436242
"TARDBP",0
"TARS1",0
"TARS2",0
"TARS3",0
"TASOR",0
"TASOR2",3.35570469798658
"TASP1",10.0671140939597
"TATDN1",0
"TATDN3",0
"TAX1BP1",0
"TAX1BP3",0
"TAZ",83.8926174496644
"TBC1D1",0
"TBC1D10A",5.36912751677852
"TBC1D10B",0
"TBC1D10C",8.7248322147651
"TBC1D12",83.2214765100671
"TBC1D13",0
"TBC1D14",39.5973154362416
"TBC1D15",0
"TBC1D16",51.6778523489933
"TBC1D17",0
"TBC1D2",0
"TBC1D20",18.1208053691275
"TBC1D22A",0
"TBC1D22B",13.4228187919463
"TBC1D23",0
"TBC1D24",0
"TBC1D25",51.006711409396
"TBC1D2B",0
"TBC1D30",26.1744966442953
"TBC1D31",63.0872483221477
"TBC1D32",84.5637583892617
"TBC1D4",0
"TBC1D5",0
"TBC1D7",29.5302013422819
"TBC1D8",21.4765100671141
"TBC1D8B",0
"TBC1D9",29.5302013422819
"TBC1D9B",0
"TBCA",0
"TBCB",0
"TBCC",0
"TBCCD1",96.6442953020134
"TBCD",0
"TBCEL",0
"TBCK",0
"TBK1",0
"TBKBP1",90.6040268456376
"TBL1X",4.02684563758389
"TBL1XR1",0
"TBL2",0
"TBL3",0
"TBP",70.4697986577181
"TBPL1",53.0201342281879
"TBRG4",0
"TBX15",95.3020134228188
"TBX2",69.1275167785235
"TBXAS1",0
"TC2N",5.36912751677852
"TCAF1",0
"TCAF2",92.6174496644295
"TCEA1",0
"TCEA2",65.7718120805369
"TCEA3",0
"TCEAL1",17.4496644295302
"TCEAL2",86.5771812080537
"TCEAL3",0
"TCEAL4",0
"TCEAL5",0
"TCEAL6",85.9060402684564
"TCEAL7",66.4429530201342
"TCEAL8",74.496644295302
"TCEAL9",55.7046979865772
"TCEANC2",81.8791946308725
"TCERG1",0
"TCF12",31.5436241610738
"TCF20",0
"TCF25",0
"TCF3",14.7651006711409
"TCF4",3.35570469798658
"TCF7",72.4832214765101
"TCF7L2",34.8993288590604
"TCHP",59.7315436241611
"TCIM",93.9597315436242
"TCIRG1",0
"TCL1A",27.5167785234899
"TCN1",0
"TCN2",37.5838926174497
"TCOF1",0
"TCP1",0
"TCP11L1",0
"TCP11L2",65.1006711409396
"TCTN1",79.8657718120805
"TCTN2",95.9731543624161
"TCTN3",73.8255033557047
"TDG",33.5570469798658
"TDP1",5.36912751677852
"TDP2",2.01342281879195
"TDRD3",0
"TDRD7",0
"TDRKH",30.2013422818792
"TDRP",36.9127516778523
"TEAD1",18.7919463087248
"TEAD3",0
"TEAD4",96.6442953020134
"TEC",63.0872483221477
"TECPR1",0
"TECPR2",0
"TECR",0
"TEF",71.1409395973154
"TEFM",0
"TEK",95.9731543624161
"TELO2",4.02684563758389
"TENM2",75.1677852348993
"TENM3",13.4228187919463
"TENM4",38.9261744966443
"TENT2",63.0872483221477
"TENT4A",65.1006711409396
"TENT4B",12.751677852349
"TENT5A",43.6241610738255
"TENT5C",18.1208053691275
"TEP1",0
"TEPSIN",61.0738255033557
"TERF1",28.8590604026846
"TERF2",0
"TERF2IP",0
"TES",0
"TESC",0
"TESK1",89.9328859060403
"TESK2",91.2751677852349
"TEX10",0
"TEX2",0
"TEX264",0
"TEX30",59.7315436241611
"TFAM",0
"TFAP2A",19.4630872483221
"TFAP2C",91.2751677852349
"TFAP2E",29.5302013422819
"TFAP4",42.2818791946309
"TFB1M",5.36912751677852
"TFB2M",0
"TFCP2",0
"TFDP1",12.0805369127517
"TFDP2",45.6375838926174
"TFE3",0
"TFEB",0
"TFEC",84.5637583892617
"TFF1",0
"TFF2",0
"TFF3",0
"TFG",0
"TFIP11",0
"TFPI",4.69798657718121
"TFPI2",73.8255033557047
"TFPT",90.6040268456376
"TFRC",0
"TGDS",96.6442953020134
"TGFB1",0
"TGFB1I1",0
"TGFB2",0
"TGFB3",0
"TGFBI",0
"TGFBR1",53.0201342281879
"TGFBR2",4.02684563758389
"TGFBR3",51.006711409396
"TGFBRAP1",0
"TGIF1",79.1946308724832
"TGM1",95.3020134228188
"TGM2",0
"TGOLN2",0
"TGS1",8.05369127516778
"THADA",0
"THAP10",96.6442953020134
"THAP11",5.36912751677852
"THAP12",51.6778523489933
"THAP4",17.4496644295302
"THAP9",81.8791946308725
"THBD",15.4362416107383
"THBS1",0
"THBS2",0
"THBS3",0
"THBS4",0
"THEM4",0
"THEM6",0
"THEMIS",14.0939597315436
"THEMIS2",0
"THG1L",0
"THNSL1",0
"THNSL2",52.3489932885906
"THOC1",0
"THOC2",0
"THOC3",0
"THOC5",0
"THOC6",0
"THOC7",0
"THOP1",0
"THRA",96.6442953020134
"THRAP3",0
"THRB",93.9597315436242
"THSD4",0
"THSD7A",4.69798657718121
"THTPA",0
"THUMPD1",0
"THUMPD2",60.4026845637584
"THUMPD3",0
"THY1",0
"THYN1",0
"TIA1",0
"TIAL1",0
"TIAM1",43.6241610738255
"TIAM2",92.6174496644295
"TICAM1",61.744966442953
"TICAM2",93.9597315436242
"TIE1",63.758389261745
"TIFA",32.2147651006711
"TIFAB",95.9731543624161
"TIGAR",0
"TIGD2",86.5771812080537
"TIMELESS",65.1006711409396
"TIMM10",0
"TIMM13",0
"TIMM17A",55.7046979865772
"TIMM17B",18.1208053691275
"TIMM21",0
"TIMM22",17.4496644295302
"TIMM23",4.02684563758389
"TIMM29",9.39597315436242
"TIMM44",0
"TIMM50",0
"TIMM8A",0
"TIMM8B",0
"TIMM9",0
"TIMMDC1",0
"TIMP1",0
"TIMP2",0
"TIMP3",0
"TINAG",59.0604026845638
"TINAGL1",0
"TINF2",51.6778523489933
"TIPIN",75.1677852348993
"TIPRL",0
"TIRAP",92.6174496644295
"TJAP1",0
"TJP1",0
"TJP3",0
"TK1",0
"TK2",0
"TKFC",0
"TKT",0
"TKTL1",91.9463087248322
"TLCD4",61.0738255033557
"TLE1",10.0671140939597
"TLE2",77.1812080536913
"TLE3",0
"TLE4",64.4295302013423
"TLE5",0
"TLK1",5.36912751677852
"TLK2",9.39597315436242
"TLN1",0
"TLN2",0
"TLNRD1",11.4093959731544
"TLR1",57.7181208053691
"TLR2",7.38255033557047
"TLR3",3.35570469798658
"TLR5",90.6040268456376
"TLR7",18.7919463087248
"TLR8",56.3758389261745
"TM2D1",92.6174496644295
"TM2D2",96.6442953020134
"TM2D3",53.6912751677852
"TM4SF1",24.8322147651007
"TM4SF18",96.6442953020134
"TM4SF20",93.9597315436242
"TM4SF4",39.5973154362416
"TM4SF5",85.9060402684564
"TM6SF1",83.8926174496644
"TM6SF2",95.3020134228188
"TM7SF2",30.8724832214765
"TM7SF3",55.0335570469799
"TM9SF2",0
"TM9SF3",0
"TM9SF4",0
"TMA16",0
"TMA7",65.1006711409396
"TMBIM1",0
"TMBIM6",0
"TMC4",0
"TMC5",0
"TMC6",77.1812080536913
"TMC7",90.6040268456376
"TMCC1",36.241610738255
"TMCC3",9.39597315436242
"TMCO1",0
"TMCO3",8.7248322147651
"TMCO4",8.05369127516778
"TMCO6",87.248322147651
"TMED1",0
"TMED10",0
"TMED2",0
"TMED3",0
"TMED4",0
"TMED5",0
"TMED7",39.5973154362416
"TMED8",0
"TMED9",0
"TMEM101",87.248322147651
"TMEM102",20.1342281879195
"TMEM104",96.6442953020134
"TMEM106A",75.8389261744966
"TMEM106B",0
"TMEM109",0
"TMEM11",0
"TMEM115",0
"TMEM119",0
"TMEM120A",0
"TMEM120B",10.738255033557
"TMEM126A",0
"TMEM126B",65.7718120805369
"TMEM127",76.510067114094
"TMEM128",25.503355704698
"TMEM131",4.02684563758389
"TMEM131L",74.496644295302
"TMEM132A",40.2684563758389
"TMEM134",42.2818791946309
"TMEM135",39.5973154362416
"TMEM141",85.2348993288591
"TMEM143",93.9597315436242
"TMEM147",20.1342281879195
"TMEM154",78.5234899328859
"TMEM159",20.8053691275168
"TMEM160",34.2281879194631
"TMEM161A",32.8859060402685
"TMEM161B",91.2751677852349
"TMEM163",65.1006711409396
"TMEM165",0
"TMEM167A",30.8724832214765
"TMEM167B",7.38255033557047
"TMEM168",16.1073825503356
"TMEM17",89.261744966443
"TMEM175",83.8926174496644
"TMEM176B",69.1275167785235
"TMEM177",7.38255033557047
"TMEM179B",4.02684563758389
"TMEM181",0
"TMEM184B",61.0738255033557
"TMEM184C",34.8993288590604
"TMEM185B",92.6174496644295
"TMEM186",96.6442953020134
"TMEM189",46.3087248322148
"TMEM19",11.4093959731544
"TMEM192",0
"TMEM199",24.1610738255034
"TMEM201",12.751677852349
"TMEM204",84.5637583892617
"TMEM205",0
"TMEM208",26.1744966442953
"TMEM209",0
"TMEM214",0
"TMEM219",71.8120805369127
"TMEM222",10.738255033557
"TMEM223",7.38255033557047
"TMEM229A",81.8791946308725
"TMEM230",6.04026845637584
"TMEM231",83.2214765100671
"TMEM237",85.9060402684564
"TMEM238",0
"TMEM243",67.7852348993289
"TMEM245",0
"TMEM254",76.510067114094
"TMEM258",31.5436241610738
"TMEM259",81.8791946308725
"TMEM26",95.9731543624161
"TMEM260",83.8926174496644
"TMEM263",0
"TMEM267",94.6308724832215
"TMEM30A",0
"TMEM30B",24.8322147651007
"TMEM33",0
"TMEM35A",81.8791946308725
"TMEM38B",72.4832214765101
"TMEM40",93.9597315436242
"TMEM41A",4.02684563758389
"TMEM41B",0
"TMEM43",0
"TMEM44",95.9731543624161
"TMEM45A",96.6442953020134
"TMEM50A",89.261744966443
"TMEM51",7.38255033557047
"TMEM59",48.3221476510067
"TMEM62",34.8993288590604
"TMEM63A",0
"TMEM63B",34.2281879194631
"TMEM64",95.9731543624161
"TMEM65",17.4496644295302
"TMEM67",91.2751677852349
"TMEM68",7.38255033557047
"TMEM70",0
"TMEM72",93.9597315436242
"TMEM86A",90.6040268456376
"TMEM87A",0
"TMEM87B",0
"TMEM88",96.6442953020134
"TMEM9",73.8255033557047
"TMEM94",88.5906040268456
"TMEM97",0
"TMEM9B",8.05369127516778
"TMF1",0
"TMLHE",0
"TMOD1",0
"TMOD2",0
"TMOD3",0
"TMPO",0
"TMPPE",46.9798657718121
"TMPRSS13",89.261744966443
"TMPRSS15",45.6375838926174
"TMPRSS2",16.1073825503356
"TMPRSS4",10.0671140939597
"TMSB10",0
"TMSB4X",0
"TMTC2",81.2080536912752
"TMTC3",0
"TMTC4",70.4697986577181
"TMUB1",23.489932885906
"TMUB2",26.8456375838926
"TMX1",0
"TMX2",0
"TMX3",0
"TMX4",0
"TNC",0
"TNFAIP1",37.5838926174497
"TNFAIP2",0
"TNFAIP3",0
"TNFAIP6",0
"TNFAIP8",0
"TNFAIP8L2",2.01342281879195
"TNFAIP8L3",46.9798657718121
"TNFRSF10A",83.8926174496644
"TNFRSF10B",36.9127516778523
"TNFRSF10C",58.3892617449664
"TNFRSF11A",41.6107382550336
"TNFRSF11B",63.0872483221477
"TNFRSF12A",16.7785234899329
"TNFRSF14",61.0738255033557
"TNFRSF18",96.6442953020134
"TNFRSF1A",27.5167785234899
"TNFRSF21",20.8053691275168
"TNFRSF6B",12.0805369127517
"TNFSF10",18.7919463087248
"TNFSF13B",74.496644295302
"TNFSF4",63.758389261745
"TNIK",0
"TNIP1",0
"TNIP2",12.0805369127517
"TNK1",50.3355704697987
"TNK2",47.6510067114094
"TNKS",56.3758389261745
"TNKS1BP1",0
"TNKS2",85.9060402684564
"TNN",21.4765100671141
"TNPO1",0
"TNPO2",0
"TNPO3",0
"TNR",92.6174496644295
"TNRC18",6.04026845637584
"TNRC6A",18.1208053691275
"TNRC6B",0
"TNRC6C",10.738255033557
"TNS1",0
"TNS2",0
"TNS3",0
"TNS4",12.751677852349
"TNXB",0
"TOB1",85.2348993288591
"TOB2",85.9060402684564
"TOE1",4.02684563758389
"TOGARAM1",67.1140939597315
"TOLLIP",0
"TOM1",0
"TOM1L1",0
"TOM1L2",0
"TOMM20",22.1476510067114
"TOMM22",0
"TOMM34",0
"TOMM40",0
"TOMM40L",96.6442953020134
"TOMM5",0
"TOMM6",30.2013422818792
"TOMM7",65.7718120805369
"TOMM70",0
"TONSL",11.4093959731544
"TOP1",0
"TOP2A",11.4093959731544
"TOP2B",0
"TOP3A",21.4765100671141
"TOP3B",0
"TOPBP1",14.0939597315436
"TOPORS",81.8791946308725
"TOR1A",0
"TOR1AIP1",0
"TOR1AIP2",0
"TOR1B",0
"TOR2A",24.8322147651007
"TOR3A",16.7785234899329
"TOR4A",4.02684563758389
"TOX",78.5234899328859
"TOX2",93.9597315436242
"TOX4",0
"TP53",42.9530201342282
"TP53BP1",0
"TP53BP2",0
"TP53I11",3.35570469798658
"TP53I13",96.6442953020134
"TP53I3",0
"TP53INP2",49.6644295302013
"TP53RK",0
"TP63",79.1946308724832
"TPBG",9.39597315436242
"TPCN1",13.4228187919463
"TPD52",0
"TPD52L1",0
"TPD52L2",0
"TPGS1",90.6040268456376
"TPGS2",71.1409395973154
"TPI1",0
"TPK1",0
"TPM1",0
"TPM2",0
"TPM3",0
"TPM4",0
"TPMT",0
"TPP1",0
"TPP2",0
"TPPP",0
"TPPP3",0
"TPR",0
"TPRG1L",0
"TPRKB",0
"TPRN",0
"TPRX1",84.5637583892617
"TPSAB1",95.3020134228188
"TPST1",27.5167785234899
"TPST2",0
"TPT1",0
"TPX2",25.503355704698
"TRA2A",0
"TRA2B",0
"TRABD",0
"TRAC",85.9060402684564
"TRADD",0
"TRAF1",8.7248322147651
"TRAF2",0
"TRAF3",15.4362416107383
"TRAF3IP1",13.4228187919463
"TRAF3IP2",69.1275167785235
"TRAF3IP3",0
"TRAF4",14.7651006711409
"TRAF5",9.39597315436242
"TRAF6",0
"TRAF7",12.751677852349
"TRAFD1",0
"TRAJ61",75.8389261744966
"TRAK1",67.1140939597315
"TRAK2",74.496644295302
"TRAM1",0
"TRAM2",40.2684563758389
"TRANK1",12.751677852349
"TRAP1",0
"TRAPPC1",0
"TRAPPC10",0
"TRAPPC11",0
"TRAPPC12",0
"TRAPPC13",0
"TRAPPC2L",0
"TRAPPC3",0
"TRAPPC4",0
"TRAPPC5",0
"TRAPPC6A",19.4630872483221
"TRAPPC6B",0
"TRAPPC8",0
"TRAPPC9",0
"TRBV3.1",87.248322147651
"TRDMT1",79.8657718120805
"TREH",81.8791946308725
"TREM1",71.8120805369127
"TREM2",57.0469798657718
"TREML1",82.5503355704698
"TRERF1",35.5704697986577
"TREX1",0
"TRIAP1",0
"TRIM11",12.751677852349
"TRIM13",65.7718120805369
"TRIM14",24.1610738255034
"TRIM15",75.8389261744966
"TRIM2",0
"TRIM21",0
"TRIM22",0
"TRIM24",0
"TRIM25",0
"TRIM26",0
"TRIM27",9.39597315436242
"TRIM28",0
"TRIM29",0
"TRIM3",0
"TRIM32",0
"TRIM33",0
"TRIM36",40.2684563758389
"TRIM37",65.1006711409396
"TRIM38",0
"TRIM4",0
"TRIM41",35.5704697986577
"TRIM44",82.5503355704698
"TRIM47",0
"TRIM5",0
"TRIM56",0
"TRIM58",79.8657718120805
"TRIM62",81.8791946308725
"TRIM65",0
"TRIM66",97.9865771812081
"TRIM68",53.0201342281879
"TRIM72",93.9597315436242
"TRIM8",83.8926174496644
"TRIM9",85.9060402684564
"TRIO",0
"TRIOBP",0
"TRIP10",0
"TRIP11",0
"TRIP12",0
"TRIP13",28.8590604026846
"TRIP4",0
"TRIP6",0
"TRIQK",71.1409395973154
"TRIR",0
"TRIT1",42.2818791946309
"TRMT1",0
"TRMT10A",8.7248322147651
"TRMT10B",95.9731543624161
"TRMT10C",0
"TRMT11",0
"TRMT112",0
"TRMT13",14.7651006711409
"TRMT1L",0
"TRMT2A",0
"TRMT2B",80.5369127516778
"TRMT44",46.9798657718121
"TRMT5",0
"TRMT6",0
"TRMT61A",3.35570469798658
"TRMT61B",0
"TRMU",0
"TRNAU1AP",5.36912751677852
"TRNT1",0
"TRPC4AP",72.4832214765101
"TRPM2",89.261744966443
"TRPM4",0
"TRPM7",53.0201342281879
"TRPS1",10.738255033557
"TRPT1",0
"TRPV2",3.35570469798658
"TRPV4",43.6241610738255
"TRRAP",0
"TRUB1",0
"TRUB2",70.4697986577181
"TSC1",0
"TSC2",0
"TSC22D1",0
"TSC22D2",0
"TSC22D3",0
"TSC22D4",0
"TSEN15",12.0805369127517
"TSEN2",76.510067114094
"TSEN34",0
"TSEN54",8.7248322147651
"TSFM",0
"TSG101",0
"TSHZ1",69.7986577181208
"TSHZ2",53.0201342281879
"TSHZ3",85.9060402684564
"TSKU",36.241610738255
"TSN",0
"TSNARE1",73.8255033557047
"TSNAX",0
"TSPAN1",0
"TSPAN13",0
"TSPAN14",0
"TSPAN15",0
"TSPAN2",95.9731543624161
"TSPAN3",6.71140939597315
"TSPAN31",4.02684563758389
"TSPAN33",89.9328859060403
"TSPAN4",63.0872483221477
"TSPAN6",0
"TSPAN8",0
"TSPAN9",0
"TSPO",0
"TSPYL1",55.0335570469799
"TSPYL2",94.6308724832215
"TSPYL4",87.9194630872483
"TSPYL5",0
"TSR1",0
"TSR2",0
"TSR3",17.4496644295302
"TSSC4",0
"TST",0
"TSTA3",0
"TSTD1",0
"TSTD2",64.4295302013423
"TTBK2",90.6040268456376
"TTC1",0
"TTC13",0
"TTC14",39.5973154362416
"TTC17",5.36912751677852
"TTC19",0
"TTC21B",0
"TTC22",38.9261744966443
"TTC26",18.7919463087248
"TTC27",0
"TTC28",0
"TTC3",22.1476510067114
"TTC31",73.8255033557047
"TTC33",5.36912751677852
"TTC37",0
"TTC38",0
"TTC39A",0
"TTC39B",0
"TTC39C",0
"TTC4",0
"TTC5",0
"TTC7A",4.02684563758389
"TTC7B",3.35570469798658
"TTC8",32.8859060402685
"TTC9",0
"TTC9C",0
"TTF1",51.6778523489933
"TTF2",5.36912751677852
"TTI1",21.4765100671141
"TTI2",44.9664429530201
"TTK",63.758389261745
"TTL",57.7181208053691
"TTLL12",0
"TTPAL",5.36912751677852
"TTR",0
"TTYH3",0
"TUB",67.1140939597315
"TUBA1C",0
"TUBA4A",0
"TUBA8",8.7248322147651
"TUBB",0
"TUBB1",0
"TUBB2A",0
"TUBB2B",16.7785234899329
"TUBB4A",8.05369127516778
"TUBB4B",0
"TUBB6",0
"TUBB8",60.4026845637584
"TUBE1",71.8120805369127
"TUBG1",0
"TUBG2",96.6442953020134
"TUBGCP2",0
"TUBGCP3",0
"TUBGCP4",0
"TUBGCP5",16.1073825503356
"TUBGCP6",0
"TUFM",0
"TUFT1",2.01342281879195
"TULP3",36.9127516778523
"TUSC1",66.4429530201342
"TUSC2",24.8322147651007
"TUSC3",46.9798657718121
"TUT1",38.9261744966443
"TUT4",0
"TUT7",0
"TWF1",0
"TWF2",0
"TWISTNB",0
"TWNK",70.4697986577181
"TWSG1",0
"TXLNA",0
"TXLNG",0
"TXN2",0
"TXNDC11",0
"TXNDC12",0
"TXNDC15",79.1946308724832
"TXNDC16",79.8657718120805
"TXNDC17",0
"TXNDC5",0
"TXNDC9",0
"TXNIP",0
"TXNL1",0
"TXNL4A",0
"TXNL4B",5.36912751677852
"TXNRD1",0
"TXNRD2",0
"TXNRD3",0
"TYK2",0
"TYMP",0
"TYMS",61.0738255033557
"TYROBP",8.05369127516778
"TYSND1",74.496644295302
"TYW1",29.5302013422819
"TYW3",6.04026845637584
"TYW5",6.04026845637584
"U2AF1L4",62.4161073825503
"U2AF2",0
"U2SURP",0
"UACA",0
"UAP1",0
"UAP1L1",0
"UBA1",0
"UBA2",0
"UBA3",0
"UBA5",0
"UBA52",3.35570469798658
"UBA6",0
"UBA7",0
"UBAC1",0
"UBAC2",4.02684563758389
"UBALD1",66.4429530201342
"UBALD2",81.8791946308725
"UBAP1",0
"UBAP2",0
"UBAP2L",0
"UBASH3A",90.6040268456376
"UBASH3B",3.35570469798658
"UBD",26.8456375838926
"UBE2A",5.36912751677852
"UBE2B",20.1342281879195
"UBE2D2",95.9731543624161
"UBE2E2",20.1342281879195
"UBE2E3",8.05369127516778
"UBE2F",9.39597315436242
"UBE2G1",0
"UBE2G2",5.36912751677852
"UBE2H",0
"UBE2J1",0
"UBE2J2",86.5771812080537
"UBE2K",0
"UBE2L3",0
"UBE2L5",21.4765100671141
"UBE2L6",0
"UBE2M",0
"UBE2N",0
"UBE2O",0
"UBE2Q1",0
"UBE2Q2",24.8322147651007
"UBE2R2",0
"UBE2S",69.1275167785235
"UBE2T",47.6510067114094
"UBE2V1",45.6375838926174
"UBE2V2",0
"UBE2Z",0
"UBE3A",0
"UBE3B",22.1476510067114
"UBE3C",0
"UBE3D",87.9194630872483
"UBE4A",0
"UBE4B",0
"UBFD1",0
"UBIAD1",55.0335570469799
"UBL3",55.0335570469799
"UBL4A",0
"UBL5",0
"UBL7",6.04026845637584
"UBLCP1",0
"UBN1",4.02684563758389
"UBN2",4.02684563758389
"UBOX5",67.1140939597315
"UBP1",0
"UBQLN1",0
"UBQLN2",0
"UBQLN4",0
"UBR1",0
"UBR2",0
"UBR3",0
"UBR5",0
"UBR7",0
"UBTD1",85.2348993288591
"UBTD2",53.6912751677852
"UBTF",0
"UBXN1",0
"UBXN10",95.9731543624161
"UBXN11",53.0201342281879
"UBXN2A",38.9261744966443
"UBXN2B",25.503355704698
"UBXN4",0
"UBXN6",0
"UBXN7",0
"UCHL1",0
"UCHL3",0
"UCHL5",0
"UCK1",18.1208053691275
"UCK2",4.02684563758389
"UCKL1",0
"UCN3",4.02684563758389
"UCP2",91.9463087248322
"UEVLD",0
"UFC1",0
"UFD1",0
"UFL1",0
"UFM1",0
"UFSP1",56.3758389261745
"UFSP2",0
"UGCG",61.744966442953
"UGDH",0
"UGGT1",0
"UGGT2",0
"UGP2",0
"UGT1A1",79.8657718120805
"UGT1A10",24.8322147651007
"UGT1A5",96.6442953020134
"UGT1A6",42.2818791946309
"UGT2A3",12.0805369127517
"UGT2B15",89.9328859060403
"UGT2B17",28.8590604026846
"UGT2B7",63.758389261745
"UGT8",10.738255033557
"UHRF1",9.39597315436242
"UHRF1BP1",0
"UHRF1BP1L",0
"UHRF2",0
"UIMC1",0
"ULK1",73.8255033557047
"ULK3",17.4496644295302
"ULK4",96.6442953020134
"UMAD1",0
"UMPS",0
"UNC119",17.4496644295302
"UNC119B",0
"UNC13B",0
"UNC13D",0
"UNC45A",0
"UNC5B",17.4496644295302
"UNC5C",90.6040268456376
"UNC5CL",48.993288590604
"UNC93B1",7.38255033557047
"UNCX",40.2684563758389
"UNG",3.35570469798658
"UNK",0
"UNKL",6.71140939597315
"UPF1",0
"UPF2",0
"UPF3A",16.1073825503356
"UPF3B",0
"UPK1B",75.8389261744966
"UPK3B",89.261744966443
"UPP1",0
"UPRT",6.71140939597315
"UQCC1",0
"UQCC2",0
"UQCC3",28.8590604026846
"UQCR10",0
"UQCRB",0
"UQCRC1",0
"UQCRC2",0
"UQCRFS1",0
"UQCRH",0
"UQCRQ",0
"URB1",0
"URB2",0
"URGCP",0
"URI1",0
"URM1",10.0671140939597
"UROD",0
"UROS",0
"USB1",77.1812080536913
"USE1",0
"USF1",0
"USF2",5.36912751677852
"USH1C",4.02684563758389
"USHBP1",91.9463087248322
"USO1",0
"USP1",62.4161073825503
"USP10",0
"USP11",0
"USP12",62.4161073825503
"USP13",0
"USP14",0
"USP15",0
"USP16",0
"USP18",81.8791946308725
"USP19",0
"USP20",33.5570469798658
"USP22",22.1476510067114
"USP24",0
"USP25",0
"USP28",6.71140939597315
"USP3",0
"USP30",37.5838926174497
"USP31",65.1006711409396
"USP32",17.4496644295302
"USP33",13.4228187919463
"USP34",5.36912751677852
"USP35",67.7852348993289
"USP36",8.05369127516778
"USP37",90.6040268456376
"USP38",61.744966442953
"USP39",0
"USP4",0
"USP40",0
"USP42",67.7852348993289
"USP43",78.5234899328859
"USP45",84.5637583892617
"USP46",53.6912751677852
"USP47",0
"USP48",0
"USP5",0
"USP53",29.5302013422819
"USP54",11.4093959731544
"USP6NL",0
"USP7",0
"USP8",0
"USP9X",0
"USP9Y",49.6644295302013
"UST",88.5906040268456
"UTP11",0
"UTP14A",0
"UTP15",0
"UTP18",0
"UTP20",0
"UTP23",18.1208053691275
"UTP25",4.02684563758389
"UTP3",0
"UTP4",0
"UTP6",5.36912751677852
"UTRN",0
"UTY",81.8791946308725
"UVRAG",0
"UVSSA",42.2818791946309
"UXS1",0
"UXT",0
"VAC14",0
"VAMP3",0
"VAMP4",25.503355704698
"VAMP5",8.7248322147651
"VAMP7",0
"VAMP8",0
"VANGL1",35.5704697986577
"VANGL2",93.9597315436242
"VAPA",0
"VAPB",0
"VARS1",0
"VARS2",0
"VASH1",36.241610738255
"VASN",0
"VASP",0
"VAT1",0
"VAT1L",0
"VAV1",0
"VAV2",0
"VAV3",18.1208053691275
"VBP1",0
"VCAM1",0
"VCAN",0
"VCL",0
"VCP",0
"VCPIP1",0
"VCPKMT",85.9060402684564
"VDAC1",0
"VDAC2",0
"VDAC3",0
"VDR",30.2013422818792
"VEGFA",50.3355704697987
"VEGFC",40.2684563758389
"VEZF1",0
"VEZT",10.0671140939597
"VGF",0
"VGLL3",81.8791946308725
"VGLL4",0
"VHL",84.5637583892617
"VIL1",0
"VILL",0
"VIM",0
"VIP",0
"VIPAS39",0
"VIRMA",0
"VIT",92.6174496644295
"VKORC1",2.01342281879195
"VKORC1L1",0
"VLDLR",8.7248322147651
"VMA21",57.0469798657718
"VMAC",60.4026845637584
"VMO1",96.6442953020134
"VMP1",44.2953020134228
"VNN1",0
"VNN2",0
"VOPP1",96.6442953020134
"VPS11",0
"VPS13A",0
"VPS13B",7.38255033557047
"VPS13C",0
"VPS13D",3.35570469798658
"VPS16",0
"VPS18",0
"VPS25",0
"VPS26A",0
"VPS26B",0
"VPS26C",0
"VPS28",0
"VPS29",0
"VPS33A",5.36912751677852
"VPS33B",43.6241610738255
"VPS35",0
"VPS35L",0
"VPS36",0
"VPS37A",0
"VPS37B",0
"VPS37C",0
"VPS39",0
"VPS41",0
"VPS45",0
"VPS4A",0
"VPS4B",0
"VPS50",0
"VPS51",0
"VPS52",0
"VPS53",0
"VPS54",32.8859060402685
"VPS72",0
"VPS8",0
"VPS9D1",79.1946308724832
"VRK1",0
"VRK2",0
"VRK3",9.39597315436242
"VSIG1",36.241610738255
"VSIG10",83.2214765100671
"VSIG2",18.7919463087248
"VSIG4",0
"VSIR",0
"VSNL1",0
"VSTM1",84.5637583892617
"VSTM2A",95.3020134228188
"VSTM2L",74.496644295302
"VTA1",0
"VTCN1",79.1946308724832
"VTI1A",0
"VTI1B",0
"VTN",0
"VWA1",0
"VWA2",18.1208053691275
"VWA3B",76.510067114094
"VWA5A",0
"VWA5B2",26.8456375838926
"VWA8",0
"VWF",0
"WAC",0
"WAPL",0
"WARS1",0
"WARS2",0
"WAS",0
"WASF1",61.744966442953
"WASF2",0
"WASF3",85.2348993288591
"WASHC1",0
"WASHC2A",0
"WASHC2C",0
"WASHC3",0
"WASHC4",0
"WASHC5",0
"WASL",0
"WBP11",0
"WBP1L",81.2080536912752
"WBP2",0
"WBP4",0
"WDCP",74.496644295302
"WDFY1",0
"WDFY2",11.4093959731544
"WDFY3",0
"WDFY4",0
"WDHD1",3.35570469798658
"WDR1",0
"WDR11",0
"WDR12",0
"WDR13",0
"WDR18",0
"WDR19",0
"WDR20",0
"WDR24",4.02684563758389
"WDR25",69.7986577181208
"WDR26",0
"WDR3",0
"WDR33",0
"WDR34",81.2080536912752
"WDR35",0
"WDR36",0
"WDR37",0
"WDR4",0
"WDR41",0
"WDR43",0
"WDR44",0
"WDR45",0
"WDR45B",0
"WDR46",0
"WDR47",0
"WDR48",0
"WDR5",0
"WDR53",77.8523489932886
"WDR54",18.7919463087248
"WDR55",0
"WDR59",0
"WDR6",0
"WDR60",26.1744966442953
"WDR61",0
"WDR62",69.7986577181208
"WDR7",0
"WDR70",0
"WDR73",18.7919463087248
"WDR74",0
"WDR75",0
"WDR76",75.8389261744966
"WDR77",0
"WDR81",0
"WDR82",0
"WDR83",9.39597315436242
"WDR87",59.7315436241611
"WDR89",4.02684563758389
"WDR91",0
"WDR92",0
"WDSUB1",4.02684563758389
"WDTC1",3.35570469798658
"WDYHV1",53.6912751677852
"WEE1",68.4563758389262
"WFDC2",0
"WFS1",0
"WHAMM",46.3087248322148
"WHRN",78.5234899328859
"WIPF1",0
"WIPF2",0
"WIPF3",20.8053691275168
"WIPI1",0
"WIPI2",0
"WIZ",0
"WLS",0
"WNK1",0
"WNK2",0
"WNT11",22.1476510067114
"WNT2",27.5167785234899
"WNT2B",79.8657718120805
"WNT4",18.1208053691275
"WNT5A",25.503355704698
"WRAP53",4.02684563758389
"WRAP73",55.0335570469799
"WRN",5.36912751677852
"WRNIP1",0
"WTAP",0
"WTIP",82.5503355704698
"WWC1",33.5570469798658
"WWC2",52.3489932885906
"WWC3",0
"WWOX",0
"WWP1",36.9127516778523
"WWP2",4.02684563758389
"WWTR1",0
"XAB2",0
"XAF1",9.39597315436242
"XAGE2",88.5906040268456
"XBP1",95.9731543624161
"XDH",0
"XIAP",0
"XIRP1",0
"XIRP2",29.5302013422819
"XPA",25.503355704698
"XPC",0
"XPNPEP1",0
"XPNPEP2",79.1946308724832
"XPNPEP3",0
"XPO1",0
"XPO4",0
"XPO5",0
"XPO6",30.2013422818792
"XPO7",0
"XPOT",0
"XPR1",15.4362416107383
"XRCC1",0
"XRCC2",96.6442953020134
"XRCC3",96.6442953020134
"XRCC4",0
"XRCC5",0
"XRCC6",0
"XRN1",0
"XRN2",0
"XXYLT1",8.7248322147651
"XYLB",0
"XYLT1",4.69798657718121
"XYLT2",43.6241610738255
"YAF2",8.7248322147651
"YAP1",0
"YARS1",0
"YARS2",0
"YBEY",33.5570469798658
"YBX1",0
"YBX2",81.2080536912752
"YBX3",0
"YDJC",40.9395973154362
"YEATS2",12.751677852349
"YEATS4",0
"YES1",0
"YIF1A",0
"YIF1B",68.4563758389262
"YIPF1",26.1744966442953
"YIPF2",54.3624161073826
"YIPF3",0
"YIPF4",6.04026845637584
"YIPF5",0
"YIPF6",21.4765100671141
"YJU2",4.02684563758389
"YKT6",0
"YLPM1",0
"YME1L1",0
"YOD1",14.7651006711409
"YPEL5",15.4362416107383
"YRDC",0
"YTHDC1",0
"YTHDC2",0
"YTHDF1",0
"YTHDF2",0
"YTHDF3",0
"YWHAB",0
"YWHAE",0
"YWHAG",0
"YWHAH",0
"YWHAQ",0
"YWHAZ",0
"YY1",0
"YY1AP1",92.6174496644295
"ZADH2",0
"ZAP70",0
"ZBED1",0
"ZBED3",90.6040268456376
"ZBED4",96.6442953020134
"ZBED5",67.1140939597315
"ZBED8",67.7852348993289
"ZBP1",68.4563758389262
"ZBTB1",4.02684563758389
"ZBTB10",63.758389261745
"ZBTB11",42.2818791946309
"ZBTB12",74.496644295302
"ZBTB14",10.0671140939597
"ZBTB16",78.5234899328859
"ZBTB17",68.4563758389262
"ZBTB2",39.5973154362416
"ZBTB20",0
"ZBTB21",18.7919463087248
"ZBTB24",72.4832214765101
"ZBTB33",12.0805369127517
"ZBTB34",95.9731543624161
"ZBTB38",71.8120805369127
"ZBTB4",3.35570469798658
"ZBTB40",42.9530201342282
"ZBTB41",56.3758389261745
"ZBTB42",96.6442953020134
"ZBTB43",71.8120805369127
"ZBTB47",49.6644295302013
"ZBTB48",71.8120805369127
"ZBTB49",81.8791946308725
"ZBTB5",91.2751677852349
"ZBTB7A",0
"ZBTB7B",9.39597315436242
"ZBTB8OS",5.36912751677852
"ZBTB9",51.006711409396
"ZC2HC1A",0
"ZC3H10",81.2080536912752
"ZC3H11B",91.9463087248322
"ZC3H12A",20.1342281879195
"ZC3H12C",83.2214765100671
"ZC3H12D",84.5637583892617
"ZC3H13",0
"ZC3H14",0
"ZC3H18",0
"ZC3H3",10.738255033557
"ZC3H4",0
"ZC3H6",50.3355704697987
"ZC3H7A",0
"ZC3H7B",0
"ZC3H8",32.2147651006711
"ZC3HAV1",0
"ZC3HAV1L",0
"ZC3HC1",0
"ZCCHC10",75.8389261744966
"ZCCHC14",65.1006711409396
"ZCCHC17",9.39597315436242
"ZCCHC2",64.4295302013423
"ZCCHC24",0
"ZCCHC3",0
"ZCCHC4",82.5503355704698
"ZCCHC7",31.5436241610738
"ZCCHC8",0
"ZCCHC9",3.35570469798658
"ZCRB1",10.0671140939597
"ZDBF2",82.5503355704698
"ZDHHC12",96.6442953020134
"ZDHHC13",0
"ZDHHC17",24.8322147651007
"ZDHHC18",46.3087248322148
"ZDHHC2",67.1140939597315
"ZDHHC20",13.4228187919463
"ZDHHC21",85.2348993288591
"ZDHHC24",95.3020134228188
"ZDHHC3",3.35570469798658
"ZDHHC4",40.2684563758389
"ZDHHC5",4.02684563758389
"ZDHHC6",47.6510067114094
"ZDHHC7",31.5436241610738
"ZDHHC8",89.9328859060403
"ZEB1",3.35570469798658
"ZEB2",0
"ZER1",4.02684563758389
"ZFAND1",0
"ZFAND2B",5.36912751677852
"ZFAND3",12.751677852349
"ZFAND5",25.503355704698
"ZFAND6",0
"ZFC3H1",19.4630872483221
"ZFHX3",22.1476510067114
"ZFHX4",68.4563758389262
"ZFP3",70.4697986577181
"ZFP36",96.6442953020134
"ZFP36L1",0
"ZFP36L2",0
"ZFP64",22.8187919463087
"ZFP90",48.993288590604
"ZFP91",93.2885906040269
"ZFPL1",0
"ZFPM1",40.9395973154362
"ZFPM2",90.6040268456376
"ZFR",0
"ZFX",93.2885906040269
"ZFYVE1",0
"ZFYVE16",0
"ZFYVE19",0
"ZFYVE21",0
"ZFYVE26",3.35570469798658
"ZFYVE27",48.993288590604
"ZFYVE28",88.5906040268456
"ZFYVE9",22.8187919463087
"ZG16",14.7651006711409
"ZG16B",40.9395973154362
"ZGPAT",53.0201342281879
"ZHX1",30.2013422818792
"ZHX2",0
"ZHX3",9.39597315436242
"ZKSCAN1",0
"ZKSCAN3",85.2348993288591
"ZKSCAN4",78.5234899328859
"ZKSCAN7",93.9597315436242
"ZKSCAN8",79.8657718120805
"ZMAT2",0
"ZMAT3",57.0469798657718
"ZMAT5",95.9731543624161
"ZMIZ1",8.05369127516778
"ZMIZ2",38.9261744966443
"ZMPSTE24",0
"ZMYM1",69.1275167785235
"ZMYM2",0
"ZMYM3",0
"ZMYM4",0
"ZMYND11",0
"ZMYND8",0
"ZNF106",36.241610738255
"ZNF114",93.2885906040269
"ZNF12",84.5637583892617
"ZNF131",53.0201342281879
"ZNF133",96.6442953020134
"ZNF134",63.758389261745
"ZNF142",96.6442953020134
"ZNF143",0
"ZNF146",69.1275167785235
"ZNF148",0
"ZNF174",85.9060402684564
"ZNF18",64.4295302013423
"ZNF184",53.0201342281879
"ZNF185",0
"ZNF189",81.8791946308725
"ZNF195",91.2751677852349
"ZNF202",96.6442953020134
"ZNF207",0
"ZNF217",34.8993288590604
"ZNF219",85.9060402684564
"ZNF22",11.4093959731544
"ZNF24",0
"ZNF260",80.5369127516778
"ZNF263",86.5771812080537
"ZNF264",93.9597315436242
"ZNF267",66.4429530201342
"ZNF275",95.3020134228188
"ZNF276",23.489932885906
"ZNF277",71.1409395973154
"ZNF280B",10.0671140939597
"ZNF280C",10.738255033557
"ZNF280D",73.8255033557047
"ZNF281",3.35570469798658
"ZNF282",77.8523489932886
"ZNF292",32.8859060402685
"ZNF3",47.6510067114094
"ZNF302",84.5637583892617
"ZNF316",32.8859060402685
"ZNF317",77.1812080536913
"ZNF318",0
"ZNF32",85.2348993288591
"ZNF320",93.2885906040269
"ZNF326",0
"ZNF330",0
"ZNF331",85.2348993288591
"ZNF333",96.6442953020134
"ZNF346",0
"ZNF358",71.1409395973154
"ZNF362",61.744966442953
"ZNF384",4.02684563758389
"ZNF385A",56.3758389261745
"ZNF391",78.5234899328859
"ZNF394",89.261744966443
"ZNF395",65.1006711409396
"ZNF397",92.6174496644295
"ZNF407",68.4563758389262
"ZNF408",83.8926174496644
"ZNF410",70.4697986577181
"ZNF414",24.1610738255034
"ZNF417",86.5771812080537
"ZNF420",96.6442953020134
"ZNF423",61.0738255033557
"ZNF428",12.751677852349
"ZNF436",46.9798657718121
"ZNF438",46.9798657718121
"ZNF441",95.9731543624161
"ZNF444",81.8791946308725
"ZNF446",46.3087248322148
"ZNF451",0
"ZNF460",38.9261744966443
"ZNF462",51.006711409396
"ZNF468",85.2348993288591
"ZNF469",53.6912751677852
"ZNF48",10.738255033557
"ZNF503",0
"ZNF507",37.5838926174497
"ZNF511",86.5771812080537
"ZNF512",0
"ZNF512B",0
"ZNF516",32.2147651006711
"ZNF521",61.0738255033557
"ZNF524",81.8791946308725
"ZNF526",61.744966442953
"ZNF532",20.8053691275168
"ZNF543",94.6308724832215
"ZNF549",43.6241610738255
"ZNF551",95.9731543624161
"ZNF552",96.6442953020134
"ZNF568",75.8389261744966
"ZNF574",5.36912751677852
"ZNF579",6.04026845637584
"ZNF580",89.9328859060403
"ZNF581",92.6174496644295
"ZNF592",0
"ZNF593",64.4295302013423
"ZNF597",88.5906040268456
"ZNF598",0
"ZNF608",48.993288590604
"ZNF609",4.02684563758389
"ZNF618",7.38255033557047
"ZNF622",0
"ZNF623",67.1140939597315
"ZNF629",39.5973154362416
"ZNF638",0
"ZNF639",60.4026845637584
"ZNF641",96.6442953020134
"ZNF644",24.8322147651007
"ZNF649",85.2348993288591
"ZNF652",10.738255033557
"ZNF654",46.9798657718121
"ZNF655",57.7181208053691
"ZNF658",77.8523489932886
"ZNF660",91.9463087248322
"ZNF668",46.3087248322148
"ZNF672",66.4429530201342
"ZNF687",0
"ZNF688",55.7046979865772
"ZNF689",76.510067114094
"ZNF691",60.4026845637584
"ZNF699",91.2751677852349
"ZNF7",95.9731543624161
"ZNF703",0
"ZNF704",58.3892617449664
"ZNF706",16.1073825503356
"ZNF723",48.993288590604
"ZNF74",90.6040268456376
"ZNF740",19.4630872483221
"ZNF76",87.248322147651
"ZNF768",35.5704697986577
"ZNF771",82.5503355704698
"ZNF783",96.6442953020134
"ZNF784",53.6912751677852
"ZNF787",0
"ZNF792",64.4295302013423
"ZNF8",51.6778523489933
"ZNF800",4.02684563758389
"ZNF821",95.9731543624161
"ZNF827",44.9664429530201
"ZNF830",0
"ZNF845",74.496644295302
"ZNF865",73.8255033557047
"ZNFX1",0
"ZNHIT1",52.3489932885906
"ZNHIT2",19.4630872483221
"ZNHIT3",81.2080536912752
"ZNHIT6",12.0805369127517
"ZNRD1",77.8523489932886
"ZNRD2",0
"ZNRF1",32.2147651006711
"ZNRF2",4.02684563758389
"ZPR1",0
"ZRANB2",0
"ZRANB3",96.6442953020134
"ZRSR2",67.1140939597315
"ZSCAN18",0
"ZSCAN2",82.5503355704698
"ZSCAN21",88.5906040268456
"ZSCAN25",95.9731543624161
"ZSCAN26",90.6040268456376
"ZSCAN31",93.2885906040269
"ZSWIM7",93.9597315436242
"ZSWIM8",3.35570469798658
"ZSWIM9",87.9194630872483
"ZW10",0
"ZWILCH",11.4093959731544
"ZWINT",89.261744966443
"ZXDC",87.248322147651
"ZYG11B",0
"ZYX",0
"ZZEF1",0
