"Protein","Missing_Rate_Percent","Missingness_Threshold_Percent","Status"
"APEX2",97.9865771812081,50,"Temporarily_Excluded_High_Missingness"
"C16orf74",97.9865771812081,50,"Temporarily_Excluded_High_Missingness"
"C16orf89",97.9865771812081,50,"Temporarily_Excluded_High_Missingness"
"CCNE2",97.9865771812081,50,"Temporarily_Excluded_High_Missingness"
"CTNNA3",97.9865771812081,50,"Temporarily_Excluded_High_Missingness"
"RHOJ",97.9865771812081,50,"Temporarily_Excluded_High_Missingness"
"RNF103",97.9865771812081,50,"Temporarily_Excluded_High_Missingness"
"SETDB2",97.9865771812081,50,"Temporarily_Excluded_High_Missingness"
"SLC22A5",97.9865771812081,50,"Temporarily_Excluded_High_Missingness"
"SPIN3",97.9865771812081,50,"Temporarily_Excluded_High_Missingness"
"STOML3",97.9865771812081,50,"Temporarily_Excluded_High_Missingness"
"TRIM66",97.9865771812081,50,"Temporarily_Excluded_High_Missingness"
"ANGPT1",96.6442953020134,50,"Temporarily_Excluded_High_Missingness"
"ANKRD36",96.6442953020134,50,"Temporarily_Excluded_High_Missingness"
"ANXA5",96.6442953020134,50,"Temporarily_Excluded_High_Missingness"
"APCDD1",96.6442953020134,50,"Temporarily_Excluded_High_Missingness"
"APOL4",96.6442953020134,50,"Temporarily_Excluded_High_Missingness"
"AREL1",96.6442953020134,50,"Temporarily_Excluded_High_Missingness"
"ATP8B2",96.6442953020134,50,"Temporarily_Excluded_High_Missingness"
"BCL2L12",96.6442953020134,50,"Temporarily_Excluded_High_Missingness"
"BLK",96.6442953020134,50,"Temporarily_Excluded_High_Missingness"
"C22orf39",96.6442953020134,50,"Temporarily_Excluded_High_Missingness"
"CADM2",96.6442953020134,50,"Temporarily_Excluded_High_Missingness"
"CASD1",96.6442953020134,50,"Temporarily_Excluded_High_Missingness"
"CBWD2",96.6442953020134,50,"Temporarily_Excluded_High_Missingness"
"CD200R1",96.6442953020134,50,"Temporarily_Excluded_High_Missingness"
"CD68",96.6442953020134,50,"Temporarily_Excluded_High_Missingness"
"CD83",96.6442953020134,50,"Temporarily_Excluded_High_Missingness"
"CGRRF1",96.6442953020134,50,"Temporarily_Excluded_High_Missingness"
"CORO6",96.6442953020134,50,"Temporarily_Excluded_High_Missingness"
"CRY1",96.6442953020134,50,"Temporarily_Excluded_High_Missingness"
"CSF2RA",96.6442953020134,50,"Temporarily_Excluded_High_Missingness"
"CXCL9",96.6442953020134,50,"Temporarily_Excluded_High_Missingness"
"CXorf21",96.6442953020134,50,"Temporarily_Excluded_High_Missingness"
"DBNDD1",96.6442953020134,50,"Temporarily_Excluded_High_Missingness"
"DGKG",96.6442953020134,50,"Temporarily_Excluded_High_Missingness"
"DKK4",96.6442953020134,50,"Temporarily_Excluded_High_Missingness"
"DMGDH",96.6442953020134,50,"Temporarily_Excluded_High_Missingness"
"DMWD",96.6442953020134,50,"Temporarily_Excluded_High_Missingness"
"EDARADD",96.6442953020134,50,"Temporarily_Excluded_High_Missingness"
"EEF1AKMT4",96.6442953020134,50,"Temporarily_Excluded_High_Missingness"
"ENDOV",96.6442953020134,50,"Temporarily_Excluded_High_Missingness"
"FAM234B",96.6442953020134,50,"Temporarily_Excluded_High_Missingness"
"FANCA",96.6442953020134,50,"Temporarily_Excluded_High_Missingness"
"FBXL7",96.6442953020134,50,"Temporarily_Excluded_High_Missingness"
"FDXACB1",96.6442953020134,50,"Temporarily_Excluded_High_Missingness"
"FOXP3",96.6442953020134,50,"Temporarily_Excluded_High_Missingness"
"GATC",96.6442953020134,50,"Temporarily_Excluded_High_Missingness"
"GIMAP1.GIMAP5",96.6442953020134,50,"Temporarily_Excluded_High_Missingness"
"GPR137B",96.6442953020134,50,"Temporarily_Excluded_High_Missingness"
"GTF2IRD2",96.6442953020134,50,"Temporarily_Excluded_High_Missingness"
"HAND2",96.6442953020134,50,"Temporarily_Excluded_High_Missingness"
"HPN",96.6442953020134,50,"Temporarily_Excluded_High_Missingness"
"ID2",96.6442953020134,50,"Temporarily_Excluded_High_Missingness"
"IFNAR1",96.6442953020134,50,"Temporarily_Excluded_High_Missingness"
"IGLV5.37",96.6442953020134,50,"Temporarily_Excluded_High_Missingness"
"IMMP1L",96.6442953020134,50,"Temporarily_Excluded_High_Missingness"
"KCTD7",96.6442953020134,50,"Temporarily_Excluded_High_Missingness"
"KIF18A",96.6442953020134,50,"Temporarily_Excluded_High_Missingness"
"LAG3",96.6442953020134,50,"Temporarily_Excluded_High_Missingness"
"LANCL3",96.6442953020134,50,"Temporarily_Excluded_High_Missingness"
"LIF",96.6442953020134,50,"Temporarily_Excluded_High_Missingness"
"LRATD1",96.6442953020134,50,"Temporarily_Excluded_High_Missingness"
"LRRC4B",96.6442953020134,50,"Temporarily_Excluded_High_Missingness"
"LST1",96.6442953020134,50,"Temporarily_Excluded_High_Missingness"
"MAPKAPK5",96.6442953020134,50,"Temporarily_Excluded_High_Missingness"
"MGARP",96.6442953020134,50,"Temporarily_Excluded_High_Missingness"
"MLXIPL",96.6442953020134,50,"Temporarily_Excluded_High_Missingness"
"MSX2",96.6442953020134,50,"Temporarily_Excluded_High_Missingness"
"MT.ND3",96.6442953020134,50,"Temporarily_Excluded_High_Missingness"
"MYZAP",96.6442953020134,50,"Temporarily_Excluded_High_Missingness"
"NDUFA1",96.6442953020134,50,"Temporarily_Excluded_High_Missingness"
"NT5C1A",96.6442953020134,50,"Temporarily_Excluded_High_Missingness"
"OIP5",96.6442953020134,50,"Temporarily_Excluded_High_Missingness"
"PAQR4",96.6442953020134,50,"Temporarily_Excluded_High_Missingness"
"PRR11",96.6442953020134,50,"Temporarily_Excluded_High_Missingness"
"RAB40C",96.6442953020134,50,"Temporarily_Excluded_High_Missingness"
"RAD51",96.6442953020134,50,"Temporarily_Excluded_High_Missingness"
"RBAK",96.6442953020134,50,"Temporarily_Excluded_High_Missingness"
"RIMKLB",96.6442953020134,50,"Temporarily_Excluded_High_Missingness"
"RNASE7",96.6442953020134,50,"Temporarily_Excluded_High_Missingness"
"RNF121",96.6442953020134,50,"Temporarily_Excluded_High_Missingness"
"SAMD10",96.6442953020134,50,"Temporarily_Excluded_High_Missingness"
"SAMD14",96.6442953020134,50,"Temporarily_Excluded_High_Missingness"
"SCAMP5",96.6442953020134,50,"Temporarily_Excluded_High_Missingness"
"SCTR",96.6442953020134,50,"Temporarily_Excluded_High_Missingness"
"SEMA6B",96.6442953020134,50,"Temporarily_Excluded_High_Missingness"
"SEMG1",96.6442953020134,50,"Temporarily_Excluded_High_Missingness"
"SEPTIN5",96.6442953020134,50,"Temporarily_Excluded_High_Missingness"
"SGO1",96.6442953020134,50,"Temporarily_Excluded_High_Missingness"
"SH3RF2",96.6442953020134,50,"Temporarily_Excluded_High_Missingness"
"SHISA4",96.6442953020134,50,"Temporarily_Excluded_High_Missingness"
"SLA",96.6442953020134,50,"Temporarily_Excluded_High_Missingness"
"SLC23A2",96.6442953020134,50,"Temporarily_Excluded_High_Missingness"
"SLC25A44",96.6442953020134,50,"Temporarily_Excluded_High_Missingness"
"SLC26A3",96.6442953020134,50,"Temporarily_Excluded_High_Missingness"
"SLC28A2",96.6442953020134,50,"Temporarily_Excluded_High_Missingness"
"SLC2A4",96.6442953020134,50,"Temporarily_Excluded_High_Missingness"
"SLC9B2",96.6442953020134,50,"Temporarily_Excluded_High_Missingness"
"SNRPB",96.6442953020134,50,"Temporarily_Excluded_High_Missingness"
"SPATA6",96.6442953020134,50,"Temporarily_Excluded_High_Missingness"
"SPOCK3",96.6442953020134,50,"Temporarily_Excluded_High_Missingness"
"SPRY3",96.6442953020134,50,"Temporarily_Excluded_High_Missingness"
"SRMS",96.6442953020134,50,"Temporarily_Excluded_High_Missingness"
"STARD4",96.6442953020134,50,"Temporarily_Excluded_High_Missingness"
"SUV39H1",96.6442953020134,50,"Temporarily_Excluded_High_Missingness"
"SWSAP1",96.6442953020134,50,"Temporarily_Excluded_High_Missingness"
"TBCCD1",96.6442953020134,50,"Temporarily_Excluded_High_Missingness"
"TEAD4",96.6442953020134,50,"Temporarily_Excluded_High_Missingness"
"TGDS",96.6442953020134,50,"Temporarily_Excluded_High_Missingness"
"THAP10",96.6442953020134,50,"Temporarily_Excluded_High_Missingness"
"THRA",96.6442953020134,50,"Temporarily_Excluded_High_Missingness"
"TM2D2",96.6442953020134,50,"Temporarily_Excluded_High_Missingness"
"TM4SF18",96.6442953020134,50,"Temporarily_Excluded_High_Missingness"
"TMEM104",96.6442953020134,50,"Temporarily_Excluded_High_Missingness"
"TMEM186",96.6442953020134,50,"Temporarily_Excluded_High_Missingness"
"TMEM45A",96.6442953020134,50,"Temporarily_Excluded_High_Missingness"
"TMEM88",96.6442953020134,50,"Temporarily_Excluded_High_Missingness"
"TNFRSF18",96.6442953020134,50,"Temporarily_Excluded_High_Missingness"
"TOMM40L",96.6442953020134,50,"Temporarily_Excluded_High_Missingness"
"TP53I13",96.6442953020134,50,"Temporarily_Excluded_High_Missingness"
"TUBG2",96.6442953020134,50,"Temporarily_Excluded_High_Missingness"
"UGT1A5",96.6442953020134,50,"Temporarily_Excluded_High_Missingness"
"ULK4",96.6442953020134,50,"Temporarily_Excluded_High_Missingness"
"VMO1",96.6442953020134,50,"Temporarily_Excluded_High_Missingness"
"VOPP1",96.6442953020134,50,"Temporarily_Excluded_High_Missingness"
"XRCC2",96.6442953020134,50,"Temporarily_Excluded_High_Missingness"
"XRCC3",96.6442953020134,50,"Temporarily_Excluded_High_Missingness"
"ZBED4",96.6442953020134,50,"Temporarily_Excluded_High_Missingness"
"ZBTB42",96.6442953020134,50,"Temporarily_Excluded_High_Missingness"
"ZDHHC12",96.6442953020134,50,"Temporarily_Excluded_High_Missingness"
"ZFP36",96.6442953020134,50,"Temporarily_Excluded_High_Missingness"
"ZNF133",96.6442953020134,50,"Temporarily_Excluded_High_Missingness"
"ZNF142",96.6442953020134,50,"Temporarily_Excluded_High_Missingness"
"ZNF202",96.6442953020134,50,"Temporarily_Excluded_High_Missingness"
"ZNF333",96.6442953020134,50,"Temporarily_Excluded_High_Missingness"
"ZNF420",96.6442953020134,50,"Temporarily_Excluded_High_Missingness"
"ZNF552",96.6442953020134,50,"Temporarily_Excluded_High_Missingness"
"ZNF641",96.6442953020134,50,"Temporarily_Excluded_High_Missingness"
"ZNF783",96.6442953020134,50,"Temporarily_Excluded_High_Missingness"
"ZRANB3",96.6442953020134,50,"Temporarily_Excluded_High_Missingness"
"A4GALT",95.9731543624161,50,"Temporarily_Excluded_High_Missingness"
"ABCC5",95.9731543624161,50,"Temporarily_Excluded_High_Missingness"
"AC011195.3",95.9731543624161,50,"Temporarily_Excluded_High_Missingness"
"ACHE",95.9731543624161,50,"Temporarily_Excluded_High_Missingness"
"ACTL6B",95.9731543624161,50,"Temporarily_Excluded_High_Missingness"
"ADGRB3",95.9731543624161,50,"Temporarily_Excluded_High_Missingness"
"ADGRD1",95.9731543624161,50,"Temporarily_Excluded_High_Missingness"
"ADGRG5",95.9731543624161,50,"Temporarily_Excluded_High_Missingness"
"AKIP1",95.9731543624161,50,"Temporarily_Excluded_High_Missingness"
"ASB13",95.9731543624161,50,"Temporarily_Excluded_High_Missingness"
"ASB8",95.9731543624161,50,"Temporarily_Excluded_High_Missingness"
"BMP2",95.9731543624161,50,"Temporarily_Excluded_High_Missingness"
"BPIFA1",95.9731543624161,50,"Temporarily_Excluded_High_Missingness"
"C11orf53",95.9731543624161,50,"Temporarily_Excluded_High_Missingness"
"C8orf76",95.9731543624161,50,"Temporarily_Excluded_High_Missingness"
"CAMTA2",95.9731543624161,50,"Temporarily_Excluded_High_Missingness"
"CCDC3",95.9731543624161,50,"Temporarily_Excluded_High_Missingness"
"CCR10",95.9731543624161,50,"Temporarily_Excluded_High_Missingness"
"CD37",95.9731543624161,50,"Temporarily_Excluded_High_Missingness"
"CKLF",95.9731543624161,50,"Temporarily_Excluded_High_Missingness"
"CLCN2",95.9731543624161,50,"Temporarily_Excluded_High_Missingness"
"CLEC4M",95.9731543624161,50,"Temporarily_Excluded_High_Missingness"
"CNPY1",95.9731543624161,50,"Temporarily_Excluded_High_Missingness"
"CPT1C",95.9731543624161,50,"Temporarily_Excluded_High_Missingness"
"CRYBA2",95.9731543624161,50,"Temporarily_Excluded_High_Missingness"
"CSMD2",95.9731543624161,50,"Temporarily_Excluded_High_Missingness"
"DGCR6",95.9731543624161,50,"Temporarily_Excluded_High_Missingness"
"DIRAS2",95.9731543624161,50,"Temporarily_Excluded_High_Missingness"
"DLK1",95.9731543624161,50,"Temporarily_Excluded_High_Missingness"
"DTX4",95.9731543624161,50,"Temporarily_Excluded_High_Missingness"
"ELMOD3",95.9731543624161,50,"Temporarily_Excluded_High_Missingness"
"FABP7",95.9731543624161,50,"Temporarily_Excluded_High_Missingness"
"FANCL",95.9731543624161,50,"Temporarily_Excluded_High_Missingness"
"FCER1A",95.9731543624161,50,"Temporarily_Excluded_High_Missingness"
"FCRLA",95.9731543624161,50,"Temporarily_Excluded_High_Missingness"
"FHDC1",95.9731543624161,50,"Temporarily_Excluded_High_Missingness"
"FLVCR2",95.9731543624161,50,"Temporarily_Excluded_High_Missingness"
"FOXP2",95.9731543624161,50,"Temporarily_Excluded_High_Missingness"
"FPR2",95.9731543624161,50,"Temporarily_Excluded_High_Missingness"
"GLIS3",95.9731543624161,50,"Temporarily_Excluded_High_Missingness"
"GP9",95.9731543624161,50,"Temporarily_Excluded_High_Missingness"
"GPR157",95.9731543624161,50,"Temporarily_Excluded_High_Missingness"
"IGFBPL1",95.9731543624161,50,"Temporarily_Excluded_High_Missingness"
"IGKV2D.28",95.9731543624161,50,"Temporarily_Excluded_High_Missingness"
"INSIG2",95.9731543624161,50,"Temporarily_Excluded_High_Missingness"
"IRAK1BP1",95.9731543624161,50,"Temporarily_Excluded_High_Missingness"
"KIZ",95.9731543624161,50,"Temporarily_Excluded_High_Missingness"
"KLHL3",95.9731543624161,50,"Temporarily_Excluded_High_Missingness"
"LGR4",95.9731543624161,50,"Temporarily_Excluded_High_Missingness"
"LIPC",95.9731543624161,50,"Temporarily_Excluded_High_Missingness"
"LRRC75A",95.9731543624161,50,"Temporarily_Excluded_High_Missingness"
"MANEAL",95.9731543624161,50,"Temporarily_Excluded_High_Missingness"
"MAP7D2",95.9731543624161,50,"Temporarily_Excluded_High_Missingness"
"MCF2",95.9731543624161,50,"Temporarily_Excluded_High_Missingness"
"MEFV",95.9731543624161,50,"Temporarily_Excluded_High_Missingness"
"MSMP",95.9731543624161,50,"Temporarily_Excluded_High_Missingness"
"MUC20",95.9731543624161,50,"Temporarily_Excluded_High_Missingness"
"NAIF1",95.9731543624161,50,"Temporarily_Excluded_High_Missingness"
"NDFIP1",95.9731543624161,50,"Temporarily_Excluded_High_Missingness"
"NEURL1",95.9731543624161,50,"Temporarily_Excluded_High_Missingness"
"NUDT7",95.9731543624161,50,"Temporarily_Excluded_High_Missingness"
"ODF3B",95.9731543624161,50,"Temporarily_Excluded_High_Missingness"
"OTUB2",95.9731543624161,50,"Temporarily_Excluded_High_Missingness"
"OTX1",95.9731543624161,50,"Temporarily_Excluded_High_Missingness"
"PAPPA2",95.9731543624161,50,"Temporarily_Excluded_High_Missingness"
"PARP15",95.9731543624161,50,"Temporarily_Excluded_High_Missingness"
"PAX6",95.9731543624161,50,"Temporarily_Excluded_High_Missingness"
"PDE4B",95.9731543624161,50,"Temporarily_Excluded_High_Missingness"
"PELI1",95.9731543624161,50,"Temporarily_Excluded_High_Missingness"
"PIGM",95.9731543624161,50,"Temporarily_Excluded_High_Missingness"
"PIK3R5",95.9731543624161,50,"Temporarily_Excluded_High_Missingness"
"PSRC1",95.9731543624161,50,"Temporarily_Excluded_High_Missingness"
"RAD51B",95.9731543624161,50,"Temporarily_Excluded_High_Missingness"
"RHCG",95.9731543624161,50,"Temporarily_Excluded_High_Missingness"
"RMI2",95.9731543624161,50,"Temporarily_Excluded_High_Missingness"
"RNF26",95.9731543624161,50,"Temporarily_Excluded_High_Missingness"
"RSAD1",95.9731543624161,50,"Temporarily_Excluded_High_Missingness"
"SEC61A2",95.9731543624161,50,"Temporarily_Excluded_High_Missingness"
"SFTPB",95.9731543624161,50,"Temporarily_Excluded_High_Missingness"
"SIGLEC14",95.9731543624161,50,"Temporarily_Excluded_High_Missingness"
"SLC25A23",95.9731543624161,50,"Temporarily_Excluded_High_Missingness"
"SLC26A11",95.9731543624161,50,"Temporarily_Excluded_High_Missingness"
"SLC26A9",95.9731543624161,50,"Temporarily_Excluded_High_Missingness"
"SLC45A4",95.9731543624161,50,"Temporarily_Excluded_High_Missingness"
"SLC8A2",95.9731543624161,50,"Temporarily_Excluded_High_Missingness"
"SLITRK5",95.9731543624161,50,"Temporarily_Excluded_High_Missingness"
"SPRR2A",95.9731543624161,50,"Temporarily_Excluded_High_Missingness"
"STOX2",95.9731543624161,50,"Temporarily_Excluded_High_Missingness"
"SULT1C4",95.9731543624161,50,"Temporarily_Excluded_High_Missingness"
"SWI5",95.9731543624161,50,"Temporarily_Excluded_High_Missingness"
"TAC3",95.9731543624161,50,"Temporarily_Excluded_High_Missingness"
"TAF13",95.9731543624161,50,"Temporarily_Excluded_High_Missingness"
"TCTN2",95.9731543624161,50,"Temporarily_Excluded_High_Missingness"
"TEK",95.9731543624161,50,"Temporarily_Excluded_High_Missingness"
"TIFAB",95.9731543624161,50,"Temporarily_Excluded_High_Missingness"
"TMEM26",95.9731543624161,50,"Temporarily_Excluded_High_Missingness"
"TMEM44",95.9731543624161,50,"Temporarily_Excluded_High_Missingness"
"TMEM64",95.9731543624161,50,"Temporarily_Excluded_High_Missingness"
"TRMT10B",95.9731543624161,50,"Temporarily_Excluded_High_Missingness"
"TSPAN2",95.9731543624161,50,"Temporarily_Excluded_High_Missingness"
"UBE2D2",95.9731543624161,50,"Temporarily_Excluded_High_Missingness"
"UBXN10",95.9731543624161,50,"Temporarily_Excluded_High_Missingness"
"XBP1",95.9731543624161,50,"Temporarily_Excluded_High_Missingness"
"ZBTB34",95.9731543624161,50,"Temporarily_Excluded_High_Missingness"
"ZMAT5",95.9731543624161,50,"Temporarily_Excluded_High_Missingness"
"ZNF441",95.9731543624161,50,"Temporarily_Excluded_High_Missingness"
"ZNF551",95.9731543624161,50,"Temporarily_Excluded_High_Missingness"
"ZNF7",95.9731543624161,50,"Temporarily_Excluded_High_Missingness"
"ZNF821",95.9731543624161,50,"Temporarily_Excluded_High_Missingness"
"ZSCAN25",95.9731543624161,50,"Temporarily_Excluded_High_Missingness"
"BMP4",95.3020134228188,50,"Temporarily_Excluded_High_Missingness"
"BTBD3",95.3020134228188,50,"Temporarily_Excluded_High_Missingness"
"C12orf49",95.3020134228188,50,"Temporarily_Excluded_High_Missingness"
"CD28",95.3020134228188,50,"Temporarily_Excluded_High_Missingness"
"CDX1",95.3020134228188,50,"Temporarily_Excluded_High_Missingness"
"CEBPA",95.3020134228188,50,"Temporarily_Excluded_High_Missingness"
"DACH1",95.3020134228188,50,"Temporarily_Excluded_High_Missingness"
"DONSON",95.3020134228188,50,"Temporarily_Excluded_High_Missingness"
"EBF2",95.3020134228188,50,"Temporarily_Excluded_High_Missingness"
"FAM83D",95.3020134228188,50,"Temporarily_Excluded_High_Missingness"
"FANCB",95.3020134228188,50,"Temporarily_Excluded_High_Missingness"
"GPANK1",95.3020134228188,50,"Temporarily_Excluded_High_Missingness"
"GPHA2",95.3020134228188,50,"Temporarily_Excluded_High_Missingness"
"GPRC5B",95.3020134228188,50,"Temporarily_Excluded_High_Missingness"
"KRTDAP",95.3020134228188,50,"Temporarily_Excluded_High_Missingness"
"LEFTY1",95.3020134228188,50,"Temporarily_Excluded_High_Missingness"
"MAGOHB",95.3020134228188,50,"Temporarily_Excluded_High_Missingness"
"MS4A10",95.3020134228188,50,"Temporarily_Excluded_High_Missingness"
"MS4A18",95.3020134228188,50,"Temporarily_Excluded_High_Missingness"
"NAT2",95.3020134228188,50,"Temporarily_Excluded_High_Missingness"
"NKX2.5",95.3020134228188,50,"Temporarily_Excluded_High_Missingness"
"NOS2",95.3020134228188,50,"Temporarily_Excluded_High_Missingness"
"ORMDL3",95.3020134228188,50,"Temporarily_Excluded_High_Missingness"
"PLPP7",95.3020134228188,50,"Temporarily_Excluded_High_Missingness"
"PPARD",95.3020134228188,50,"Temporarily_Excluded_High_Missingness"
"PRKX",95.3020134228188,50,"Temporarily_Excluded_High_Missingness"
"RFWD3",95.3020134228188,50,"Temporarily_Excluded_High_Missingness"
"SCN9A",95.3020134228188,50,"Temporarily_Excluded_High_Missingness"
"SMIM26",95.3020134228188,50,"Temporarily_Excluded_High_Missingness"
"SPRED2",95.3020134228188,50,"Temporarily_Excluded_High_Missingness"
"TBX15",95.3020134228188,50,"Temporarily_Excluded_High_Missingness"
"TGM1",95.3020134228188,50,"Temporarily_Excluded_High_Missingness"
"TM6SF2",95.3020134228188,50,"Temporarily_Excluded_High_Missingness"
"TPSAB1",95.3020134228188,50,"Temporarily_Excluded_High_Missingness"
"VSTM2A",95.3020134228188,50,"Temporarily_Excluded_High_Missingness"
"ZDHHC24",95.3020134228188,50,"Temporarily_Excluded_High_Missingness"
"ZNF275",95.3020134228188,50,"Temporarily_Excluded_High_Missingness"
"A4GNT",94.6308724832215,50,"Temporarily_Excluded_High_Missingness"
"ANTKMT",94.6308724832215,50,"Temporarily_Excluded_High_Missingness"
"BCL2",94.6308724832215,50,"Temporarily_Excluded_High_Missingness"
"CLEC4A",94.6308724832215,50,"Temporarily_Excluded_High_Missingness"
"COPS9",94.6308724832215,50,"Temporarily_Excluded_High_Missingness"
"DBF4B",94.6308724832215,50,"Temporarily_Excluded_High_Missingness"
"DMKN",94.6308724832215,50,"Temporarily_Excluded_High_Missingness"
"EXOC3L4",94.6308724832215,50,"Temporarily_Excluded_High_Missingness"
"FAM199X",94.6308724832215,50,"Temporarily_Excluded_High_Missingness"
"FBXL14",94.6308724832215,50,"Temporarily_Excluded_High_Missingness"
"FKBP1C",94.6308724832215,50,"Temporarily_Excluded_High_Missingness"
"FOXRED2",94.6308724832215,50,"Temporarily_Excluded_High_Missingness"
"FRMD3",94.6308724832215,50,"Temporarily_Excluded_High_Missingness"
"GCSAM",94.6308724832215,50,"Temporarily_Excluded_High_Missingness"
"HOXA4",94.6308724832215,50,"Temporarily_Excluded_High_Missingness"
"HSD17B6",94.6308724832215,50,"Temporarily_Excluded_High_Missingness"
"IGHV4.39",94.6308724832215,50,"Temporarily_Excluded_High_Missingness"
"IL17D",94.6308724832215,50,"Temporarily_Excluded_High_Missingness"
"KDELR1",94.6308724832215,50,"Temporarily_Excluded_High_Missingness"
"KMT5C",94.6308724832215,50,"Temporarily_Excluded_High_Missingness"
"KRT79",94.6308724832215,50,"Temporarily_Excluded_High_Missingness"
"MMS22L",94.6308724832215,50,"Temporarily_Excluded_High_Missingness"
"MT1B",94.6308724832215,50,"Temporarily_Excluded_High_Missingness"
"NFE2L2",94.6308724832215,50,"Temporarily_Excluded_High_Missingness"
"PALB2",94.6308724832215,50,"Temporarily_Excluded_High_Missingness"
"PPM1E",94.6308724832215,50,"Temporarily_Excluded_High_Missingness"
"RNASEK",94.6308724832215,50,"Temporarily_Excluded_High_Missingness"
"SMAGP",94.6308724832215,50,"Temporarily_Excluded_High_Missingness"
"TMEM267",94.6308724832215,50,"Temporarily_Excluded_High_Missingness"
"TSPYL2",94.6308724832215,50,"Temporarily_Excluded_High_Missingness"
"ZNF543",94.6308724832215,50,"Temporarily_Excluded_High_Missingness"
"AC007906.2",93.9597315436242,50,"Temporarily_Excluded_High_Missingness"
"ADAMTS8",93.9597315436242,50,"Temporarily_Excluded_High_Missingness"
"ANKRD29",93.9597315436242,50,"Temporarily_Excluded_High_Missingness"
"ASPM",93.9597315436242,50,"Temporarily_Excluded_High_Missingness"
"ATP1B2",93.9597315436242,50,"Temporarily_Excluded_High_Missingness"
"C1QTNF2",93.9597315436242,50,"Temporarily_Excluded_High_Missingness"
"CALHM2",93.9597315436242,50,"Temporarily_Excluded_High_Missingness"
"CASTOR1",93.9597315436242,50,"Temporarily_Excluded_High_Missingness"
"CCDC125",93.9597315436242,50,"Temporarily_Excluded_High_Missingness"
"CCDC84",93.9597315436242,50,"Temporarily_Excluded_High_Missingness"
"CCNC",93.9597315436242,50,"Temporarily_Excluded_High_Missingness"
"CDCA7L",93.9597315436242,50,"Temporarily_Excluded_High_Missingness"
"CLEC10A",93.9597315436242,50,"Temporarily_Excluded_High_Missingness"
"CLEC4E",93.9597315436242,50,"Temporarily_Excluded_High_Missingness"
"COMMD7",93.9597315436242,50,"Temporarily_Excluded_High_Missingness"
"CRB2",93.9597315436242,50,"Temporarily_Excluded_High_Missingness"
"CREB5",93.9597315436242,50,"Temporarily_Excluded_High_Missingness"
"CYSRT1",93.9597315436242,50,"Temporarily_Excluded_High_Missingness"
"DOK7",93.9597315436242,50,"Temporarily_Excluded_High_Missingness"
"DTHD1",93.9597315436242,50,"Temporarily_Excluded_High_Missingness"
"FCMR",93.9597315436242,50,"Temporarily_Excluded_High_Missingness"
"GMCL1",93.9597315436242,50,"Temporarily_Excluded_High_Missingness"
"HAPLN4",93.9597315436242,50,"Temporarily_Excluded_High_Missingness"
"IL2RG",93.9597315436242,50,"Temporarily_Excluded_High_Missingness"
"KDR",93.9597315436242,50,"Temporarily_Excluded_High_Missingness"
"LIPT1",93.9597315436242,50,"Temporarily_Excluded_High_Missingness"
"LPAR2",93.9597315436242,50,"Temporarily_Excluded_High_Missingness"
"MDM2",93.9597315436242,50,"Temporarily_Excluded_High_Missingness"
"MKS1",93.9597315436242,50,"Temporarily_Excluded_High_Missingness"
"MROH8",93.9597315436242,50,"Temporarily_Excluded_High_Missingness"
"MTBP",93.9597315436242,50,"Temporarily_Excluded_High_Missingness"
"MYBPC1",93.9597315436242,50,"Temporarily_Excluded_High_Missingness"
"P2RY8",93.9597315436242,50,"Temporarily_Excluded_High_Missingness"
"PLEKHG6",93.9597315436242,50,"Temporarily_Excluded_High_Missingness"
"PRDM5",93.9597315436242,50,"Temporarily_Excluded_High_Missingness"
"PSMA8",93.9597315436242,50,"Temporarily_Excluded_High_Missingness"
"RGS17",93.9597315436242,50,"Temporarily_Excluded_High_Missingness"
"RPGR",93.9597315436242,50,"Temporarily_Excluded_High_Missingness"
"SEMA6A",93.9597315436242,50,"Temporarily_Excluded_High_Missingness"
"SERPINB13",93.9597315436242,50,"Temporarily_Excluded_High_Missingness"
"SGMS1",93.9597315436242,50,"Temporarily_Excluded_High_Missingness"
"SLAMF1",93.9597315436242,50,"Temporarily_Excluded_High_Missingness"
"SLAMF6",93.9597315436242,50,"Temporarily_Excluded_High_Missingness"
"SNCB",93.9597315436242,50,"Temporarily_Excluded_High_Missingness"
"SOX1",93.9597315436242,50,"Temporarily_Excluded_High_Missingness"
"ST3GAL2",93.9597315436242,50,"Temporarily_Excluded_High_Missingness"
"TCIM",93.9597315436242,50,"Temporarily_Excluded_High_Missingness"
"THRB",93.9597315436242,50,"Temporarily_Excluded_High_Missingness"
"TICAM2",93.9597315436242,50,"Temporarily_Excluded_High_Missingness"
"TM4SF20",93.9597315436242,50,"Temporarily_Excluded_High_Missingness"
"TMEM143",93.9597315436242,50,"Temporarily_Excluded_High_Missingness"
"TMEM40",93.9597315436242,50,"Temporarily_Excluded_High_Missingness"
"TMEM72",93.9597315436242,50,"Temporarily_Excluded_High_Missingness"
"TOX2",93.9597315436242,50,"Temporarily_Excluded_High_Missingness"
"TRIM72",93.9597315436242,50,"Temporarily_Excluded_High_Missingness"
"VANGL2",93.9597315436242,50,"Temporarily_Excluded_High_Missingness"
"ZKSCAN7",93.9597315436242,50,"Temporarily_Excluded_High_Missingness"
"ZNF264",93.9597315436242,50,"Temporarily_Excluded_High_Missingness"
"ZSWIM7",93.9597315436242,50,"Temporarily_Excluded_High_Missingness"
"ATF6B",93.2885906040269,50,"Temporarily_Excluded_High_Missingness"
"ATG10",93.2885906040269,50,"Temporarily_Excluded_High_Missingness"
"BHMT",93.2885906040269,50,"Temporarily_Excluded_High_Missingness"
"BUB1",93.2885906040269,50,"Temporarily_Excluded_High_Missingness"
"C1orf43",93.2885906040269,50,"Temporarily_Excluded_High_Missingness"
"CACFD1",93.2885906040269,50,"Temporarily_Excluded_High_Missingness"
"CDK3",93.2885906040269,50,"Temporarily_Excluded_High_Missingness"
"CENPQ",93.2885906040269,50,"Temporarily_Excluded_High_Missingness"
"CLDN15",93.2885906040269,50,"Temporarily_Excluded_High_Missingness"
"CLMP",93.2885906040269,50,"Temporarily_Excluded_High_Missingness"
"CTF1",93.2885906040269,50,"Temporarily_Excluded_High_Missingness"
"DLG4",93.2885906040269,50,"Temporarily_Excluded_High_Missingness"
"DNTT",93.2885906040269,50,"Temporarily_Excluded_High_Missingness"
"GREM2",93.2885906040269,50,"Temporarily_Excluded_High_Missingness"
"HHIP",93.2885906040269,50,"Temporarily_Excluded_High_Missingness"
"HLA.G",93.2885906040269,50,"Temporarily_Excluded_High_Missingness"
"ICOS",93.2885906040269,50,"Temporarily_Excluded_High_Missingness"
"IFI27",93.2885906040269,50,"Temporarily_Excluded_High_Missingness"
"IKZF2",93.2885906040269,50,"Temporarily_Excluded_High_Missingness"
"IL3RA",93.2885906040269,50,"Temporarily_Excluded_High_Missingness"
"INO80D",93.2885906040269,50,"Temporarily_Excluded_High_Missingness"
"KBTBD7",93.2885906040269,50,"Temporarily_Excluded_High_Missingness"
"PBX2",93.2885906040269,50,"Temporarily_Excluded_High_Missingness"
"PLLP",93.2885906040269,50,"Temporarily_Excluded_High_Missingness"
"POLR3G",93.2885906040269,50,"Temporarily_Excluded_High_Missingness"
"PPM1D",93.2885906040269,50,"Temporarily_Excluded_High_Missingness"
"PTPRZ1",93.2885906040269,50,"Temporarily_Excluded_High_Missingness"
"RBM48",93.2885906040269,50,"Temporarily_Excluded_High_Missingness"
"RHOU",93.2885906040269,50,"Temporarily_Excluded_High_Missingness"
"RNF111",93.2885906040269,50,"Temporarily_Excluded_High_Missingness"
"RTP4",93.2885906040269,50,"Temporarily_Excluded_High_Missingness"
"SEMA6D",93.2885906040269,50,"Temporarily_Excluded_High_Missingness"
"ZFP91",93.2885906040269,50,"Temporarily_Excluded_High_Missingness"
"ZFX",93.2885906040269,50,"Temporarily_Excluded_High_Missingness"
"ZNF114",93.2885906040269,50,"Temporarily_Excluded_High_Missingness"
"ZNF320",93.2885906040269,50,"Temporarily_Excluded_High_Missingness"
"ZSCAN31",93.2885906040269,50,"Temporarily_Excluded_High_Missingness"
"ADGRV1",92.6174496644295,50,"Temporarily_Excluded_High_Missingness"
"ADIPOR2",92.6174496644295,50,"Temporarily_Excluded_High_Missingness"
"ANGPTL6",92.6174496644295,50,"Temporarily_Excluded_High_Missingness"
"ASPHD2",92.6174496644295,50,"Temporarily_Excluded_High_Missingness"
"ATP6V0D2",92.6174496644295,50,"Temporarily_Excluded_High_Missingness"
"BBS1",92.6174496644295,50,"Temporarily_Excluded_High_Missingness"
"CCDC120",92.6174496644295,50,"Temporarily_Excluded_High_Missingness"
"CCDC138",92.6174496644295,50,"Temporarily_Excluded_High_Missingness"
"CCKAR",92.6174496644295,50,"Temporarily_Excluded_High_Missingness"
"CCL17",92.6174496644295,50,"Temporarily_Excluded_High_Missingness"
"CDCA3",92.6174496644295,50,"Temporarily_Excluded_High_Missingness"
"CDCA7",92.6174496644295,50,"Temporarily_Excluded_High_Missingness"
"CELSR2",92.6174496644295,50,"Temporarily_Excluded_High_Missingness"
"CENPU",92.6174496644295,50,"Temporarily_Excluded_High_Missingness"
"CLIP4",92.6174496644295,50,"Temporarily_Excluded_High_Missingness"
"COL27A1",92.6174496644295,50,"Temporarily_Excluded_High_Missingness"
"FAM110A",92.6174496644295,50,"Temporarily_Excluded_High_Missingness"
"FBXO32",92.6174496644295,50,"Temporarily_Excluded_High_Missingness"
"FEM1C",92.6174496644295,50,"Temporarily_Excluded_High_Missingness"
"FMO4",92.6174496644295,50,"Temporarily_Excluded_High_Missingness"
"FOSB",92.6174496644295,50,"Temporarily_Excluded_High_Missingness"
"HPDL",92.6174496644295,50,"Temporarily_Excluded_High_Missingness"
"HRNR",92.6174496644295,50,"Temporarily_Excluded_High_Missingness"
"IGHV3OR16.9",92.6174496644295,50,"Temporarily_Excluded_High_Missingness"
"IL1B",92.6174496644295,50,"Temporarily_Excluded_High_Missingness"
"INTS6L",92.6174496644295,50,"Temporarily_Excluded_High_Missingness"
"INTU",92.6174496644295,50,"Temporarily_Excluded_High_Missingness"
"KEL",92.6174496644295,50,"Temporarily_Excluded_High_Missingness"
"KLF10",92.6174496644295,50,"Temporarily_Excluded_High_Missingness"
"LAPTM4A",92.6174496644295,50,"Temporarily_Excluded_High_Missingness"
"LAX1",92.6174496644295,50,"Temporarily_Excluded_High_Missingness"
"LRP1B",92.6174496644295,50,"Temporarily_Excluded_High_Missingness"
"LY9",92.6174496644295,50,"Temporarily_Excluded_High_Missingness"
"MDFIC",92.6174496644295,50,"Temporarily_Excluded_High_Missingness"
"MFSD3",92.6174496644295,50,"Temporarily_Excluded_High_Missingness"
"MFSD8",92.6174496644295,50,"Temporarily_Excluded_High_Missingness"
"NDFIP2",92.6174496644295,50,"Temporarily_Excluded_High_Missingness"
"NDST2",92.6174496644295,50,"Temporarily_Excluded_High_Missingness"
"NPHP3",92.6174496644295,50,"Temporarily_Excluded_High_Missingness"
"NR2C1",92.6174496644295,50,"Temporarily_Excluded_High_Missingness"
"ORC6",92.6174496644295,50,"Temporarily_Excluded_High_Missingness"
"PCSK6",92.6174496644295,50,"Temporarily_Excluded_High_Missingness"
"PGAP2",92.6174496644295,50,"Temporarily_Excluded_High_Missingness"
"PLAAT4",92.6174496644295,50,"Temporarily_Excluded_High_Missingness"
"RAD51C",92.6174496644295,50,"Temporarily_Excluded_High_Missingness"
"RGMB",92.6174496644295,50,"Temporarily_Excluded_High_Missingness"
"RNF39",92.6174496644295,50,"Temporarily_Excluded_High_Missingness"
"RPUSD1",92.6174496644295,50,"Temporarily_Excluded_High_Missingness"
"SCNM1",92.6174496644295,50,"Temporarily_Excluded_High_Missingness"
"SLC28A3",92.6174496644295,50,"Temporarily_Excluded_High_Missingness"
"SLC35E2B",92.6174496644295,50,"Temporarily_Excluded_High_Missingness"
"SLC7A6",92.6174496644295,50,"Temporarily_Excluded_High_Missingness"
"SMIM29",92.6174496644295,50,"Temporarily_Excluded_High_Missingness"
"SMYD1",92.6174496644295,50,"Temporarily_Excluded_High_Missingness"
"SPA17",92.6174496644295,50,"Temporarily_Excluded_High_Missingness"
"SPATA13",92.6174496644295,50,"Temporarily_Excluded_High_Missingness"
"SPATA21",92.6174496644295,50,"Temporarily_Excluded_High_Missingness"
"SPOP",92.6174496644295,50,"Temporarily_Excluded_High_Missingness"
"STARD3NL",92.6174496644295,50,"Temporarily_Excluded_High_Missingness"
"TCAF2",92.6174496644295,50,"Temporarily_Excluded_High_Missingness"
"TIAM2",92.6174496644295,50,"Temporarily_Excluded_High_Missingness"
"TIRAP",92.6174496644295,50,"Temporarily_Excluded_High_Missingness"
"TM2D1",92.6174496644295,50,"Temporarily_Excluded_High_Missingness"
"TMEM185B",92.6174496644295,50,"Temporarily_Excluded_High_Missingness"
"TNR",92.6174496644295,50,"Temporarily_Excluded_High_Missingness"
"VIT",92.6174496644295,50,"Temporarily_Excluded_High_Missingness"
"YY1AP1",92.6174496644295,50,"Temporarily_Excluded_High_Missingness"
"ZNF397",92.6174496644295,50,"Temporarily_Excluded_High_Missingness"
"ZNF581",92.6174496644295,50,"Temporarily_Excluded_High_Missingness"
"ABHD18",91.9463087248322,50,"Temporarily_Excluded_High_Missingness"
"ADM",91.9463087248322,50,"Temporarily_Excluded_High_Missingness"
"AMPD1",91.9463087248322,50,"Temporarily_Excluded_High_Missingness"
"ATP2B3",91.9463087248322,50,"Temporarily_Excluded_High_Missingness"
"BTBD10",91.9463087248322,50,"Temporarily_Excluded_High_Missingness"
"C19orf54",91.9463087248322,50,"Temporarily_Excluded_High_Missingness"
"C1QL1",91.9463087248322,50,"Temporarily_Excluded_High_Missingness"
"CALCB",91.9463087248322,50,"Temporarily_Excluded_High_Missingness"
"CCL25",91.9463087248322,50,"Temporarily_Excluded_High_Missingness"
"CST7",91.9463087248322,50,"Temporarily_Excluded_High_Missingness"
"DYRK2",91.9463087248322,50,"Temporarily_Excluded_High_Missingness"
"FBXL2",91.9463087248322,50,"Temporarily_Excluded_High_Missingness"
"GFRA2",91.9463087248322,50,"Temporarily_Excluded_High_Missingness"
"HENMT1",91.9463087248322,50,"Temporarily_Excluded_High_Missingness"
"IGHV3OR16.10",91.9463087248322,50,"Temporarily_Excluded_High_Missingness"
"IL18R1",91.9463087248322,50,"Temporarily_Excluded_High_Missingness"
"IQCJ.SCHIP1",91.9463087248322,50,"Temporarily_Excluded_High_Missingness"
"KCNAB1",91.9463087248322,50,"Temporarily_Excluded_High_Missingness"
"KLF12",91.9463087248322,50,"Temporarily_Excluded_High_Missingness"
"KLHL4",91.9463087248322,50,"Temporarily_Excluded_High_Missingness"
"LIPT2",91.9463087248322,50,"Temporarily_Excluded_High_Missingness"
"LRP8",91.9463087248322,50,"Temporarily_Excluded_High_Missingness"
"LRRC8E",91.9463087248322,50,"Temporarily_Excluded_High_Missingness"
"MOB4",91.9463087248322,50,"Temporarily_Excluded_High_Missingness"
"MPPED2",91.9463087248322,50,"Temporarily_Excluded_High_Missingness"
"MREG",91.9463087248322,50,"Temporarily_Excluded_High_Missingness"
"PET117",91.9463087248322,50,"Temporarily_Excluded_High_Missingness"
"PLIN5",91.9463087248322,50,"Temporarily_Excluded_High_Missingness"
"PWP2",91.9463087248322,50,"Temporarily_Excluded_High_Missingness"
"RAB39B",91.9463087248322,50,"Temporarily_Excluded_High_Missingness"
"RAD54B",91.9463087248322,50,"Temporarily_Excluded_High_Missingness"
"RAI2",91.9463087248322,50,"Temporarily_Excluded_High_Missingness"
"RAPGEF3",91.9463087248322,50,"Temporarily_Excluded_High_Missingness"
"REP15",91.9463087248322,50,"Temporarily_Excluded_High_Missingness"
"RPS10.NUDT3",91.9463087248322,50,"Temporarily_Excluded_High_Missingness"
"RPS27AP5",91.9463087248322,50,"Temporarily_Excluded_High_Missingness"
"SETSIP",91.9463087248322,50,"Temporarily_Excluded_High_Missingness"
"SFMBT2",91.9463087248322,50,"Temporarily_Excluded_High_Missingness"
"SLC39A8",91.9463087248322,50,"Temporarily_Excluded_High_Missingness"
"SLC40A1",91.9463087248322,50,"Temporarily_Excluded_High_Missingness"
"SLC51B",91.9463087248322,50,"Temporarily_Excluded_High_Missingness"
"SNAI1",91.9463087248322,50,"Temporarily_Excluded_High_Missingness"
"SPIN2A",91.9463087248322,50,"Temporarily_Excluded_High_Missingness"
"SPRY2",91.9463087248322,50,"Temporarily_Excluded_High_Missingness"
"STEAP1",91.9463087248322,50,"Temporarily_Excluded_High_Missingness"
"TKTL1",91.9463087248322,50,"Temporarily_Excluded_High_Missingness"
"UCP2",91.9463087248322,50,"Temporarily_Excluded_High_Missingness"
"USHBP1",91.9463087248322,50,"Temporarily_Excluded_High_Missingness"
"ZC3H11B",91.9463087248322,50,"Temporarily_Excluded_High_Missingness"
"ZNF660",91.9463087248322,50,"Temporarily_Excluded_High_Missingness"
"ARMC7",91.2751677852349,50,"Temporarily_Excluded_High_Missingness"
"ATP6V0C",91.2751677852349,50,"Temporarily_Excluded_High_Missingness"
"CCND2",91.2751677852349,50,"Temporarily_Excluded_High_Missingness"
"CD19",91.2751677852349,50,"Temporarily_Excluded_High_Missingness"
"CDON",91.2751677852349,50,"Temporarily_Excluded_High_Missingness"
"CLRN3",91.2751677852349,50,"Temporarily_Excluded_High_Missingness"
"CNKSR3",91.2751677852349,50,"Temporarily_Excluded_High_Missingness"
"DQX1",91.2751677852349,50,"Temporarily_Excluded_High_Missingness"
"EDN3",91.2751677852349,50,"Temporarily_Excluded_High_Missingness"
"ENTPD2",91.2751677852349,50,"Temporarily_Excluded_High_Missingness"
"FAM43A",91.2751677852349,50,"Temporarily_Excluded_High_Missingness"
"IGSF9",91.2751677852349,50,"Temporarily_Excluded_High_Missingness"
"JRKL",91.2751677852349,50,"Temporarily_Excluded_High_Missingness"
"KLHL12",91.2751677852349,50,"Temporarily_Excluded_High_Missingness"
"LEAP2",91.2751677852349,50,"Temporarily_Excluded_High_Missingness"
"MCEMP1",91.2751677852349,50,"Temporarily_Excluded_High_Missingness"
"OCSTAMP",91.2751677852349,50,"Temporarily_Excluded_High_Missingness"
"PCGF1",91.2751677852349,50,"Temporarily_Excluded_High_Missingness"
"PCP4L1",91.2751677852349,50,"Temporarily_Excluded_High_Missingness"
"PGAP6",91.2751677852349,50,"Temporarily_Excluded_High_Missingness"
"PIK3C2G",91.2751677852349,50,"Temporarily_Excluded_High_Missingness"
"PLEKHM3",91.2751677852349,50,"Temporarily_Excluded_High_Missingness"
"PLPP5",91.2751677852349,50,"Temporarily_Excluded_High_Missingness"
"PRR9",91.2751677852349,50,"Temporarily_Excluded_High_Missingness"
"PSMC3IP",91.2751677852349,50,"Temporarily_Excluded_High_Missingness"
"RASA4",91.2751677852349,50,"Temporarily_Excluded_High_Missingness"
"SH3D21",91.2751677852349,50,"Temporarily_Excluded_High_Missingness"
"SHD",91.2751677852349,50,"Temporarily_Excluded_High_Missingness"
"SLC9A3",91.2751677852349,50,"Temporarily_Excluded_High_Missingness"
"SOWAHA",91.2751677852349,50,"Temporarily_Excluded_High_Missingness"
"STOML1",91.2751677852349,50,"Temporarily_Excluded_High_Missingness"
"TESK2",91.2751677852349,50,"Temporarily_Excluded_High_Missingness"
"TFAP2C",91.2751677852349,50,"Temporarily_Excluded_High_Missingness"
"TMEM161B",91.2751677852349,50,"Temporarily_Excluded_High_Missingness"
"TMEM67",91.2751677852349,50,"Temporarily_Excluded_High_Missingness"
"ZBTB5",91.2751677852349,50,"Temporarily_Excluded_High_Missingness"
"ZNF195",91.2751677852349,50,"Temporarily_Excluded_High_Missingness"
"ZNF699",91.2751677852349,50,"Temporarily_Excluded_High_Missingness"
"ACSM5",90.6040268456376,50,"Temporarily_Excluded_High_Missingness"
"AREG",90.6040268456376,50,"Temporarily_Excluded_High_Missingness"
"C15orf41",90.6040268456376,50,"Temporarily_Excluded_High_Missingness"
"CCDC182",90.6040268456376,50,"Temporarily_Excluded_High_Missingness"
"CLEC12A",90.6040268456376,50,"Temporarily_Excluded_High_Missingness"
"FAM222B",90.6040268456376,50,"Temporarily_Excluded_High_Missingness"
"IGHV3.21",90.6040268456376,50,"Temporarily_Excluded_High_Missingness"
"IGLV10.54",90.6040268456376,50,"Temporarily_Excluded_High_Missingness"
"KLF6",90.6040268456376,50,"Temporarily_Excluded_High_Missingness"
"LEPR",90.6040268456376,50,"Temporarily_Excluded_High_Missingness"
"LRRN1",90.6040268456376,50,"Temporarily_Excluded_High_Missingness"
"MFSD9",90.6040268456376,50,"Temporarily_Excluded_High_Missingness"
"MOSPD1",90.6040268456376,50,"Temporarily_Excluded_High_Missingness"
"NEURL1B",90.6040268456376,50,"Temporarily_Excluded_High_Missingness"
"NOG",90.6040268456376,50,"Temporarily_Excluded_High_Missingness"
"NSUN3",90.6040268456376,50,"Temporarily_Excluded_High_Missingness"
"PAQR7",90.6040268456376,50,"Temporarily_Excluded_High_Missingness"
"PNMA8A",90.6040268456376,50,"Temporarily_Excluded_High_Missingness"
"RAD52",90.6040268456376,50,"Temporarily_Excluded_High_Missingness"
"RGS2",90.6040268456376,50,"Temporarily_Excluded_High_Missingness"
"SCARA5",90.6040268456376,50,"Temporarily_Excluded_High_Missingness"
"SLC38A3",90.6040268456376,50,"Temporarily_Excluded_High_Missingness"
"SLC7A14",90.6040268456376,50,"Temporarily_Excluded_High_Missingness"
"SNCAIP",90.6040268456376,50,"Temporarily_Excluded_High_Missingness"
"TAC1",90.6040268456376,50,"Temporarily_Excluded_High_Missingness"
"TBKBP1",90.6040268456376,50,"Temporarily_Excluded_High_Missingness"
"TFPT",90.6040268456376,50,"Temporarily_Excluded_High_Missingness"
"TLR5",90.6040268456376,50,"Temporarily_Excluded_High_Missingness"
"TMC7",90.6040268456376,50,"Temporarily_Excluded_High_Missingness"
"TMEM86A",90.6040268456376,50,"Temporarily_Excluded_High_Missingness"
"TPGS1",90.6040268456376,50,"Temporarily_Excluded_High_Missingness"
"TTBK2",90.6040268456376,50,"Temporarily_Excluded_High_Missingness"
"UBASH3A",90.6040268456376,50,"Temporarily_Excluded_High_Missingness"
"UNC5C",90.6040268456376,50,"Temporarily_Excluded_High_Missingness"
"USP37",90.6040268456376,50,"Temporarily_Excluded_High_Missingness"
"ZBED3",90.6040268456376,50,"Temporarily_Excluded_High_Missingness"
"ZFPM2",90.6040268456376,50,"Temporarily_Excluded_High_Missingness"
"ZNF74",90.6040268456376,50,"Temporarily_Excluded_High_Missingness"
"ZSCAN26",90.6040268456376,50,"Temporarily_Excluded_High_Missingness"
"ACTL8",89.9328859060403,50,"Temporarily_Excluded_High_Missingness"
"ATP13A4",89.9328859060403,50,"Temporarily_Excluded_High_Missingness"
"B4GALNT3",89.9328859060403,50,"Temporarily_Excluded_High_Missingness"
"BAAT",89.9328859060403,50,"Temporarily_Excluded_High_Missingness"
"BHMT2",89.9328859060403,50,"Temporarily_Excluded_High_Missingness"
"C19orf38",89.9328859060403,50,"Temporarily_Excluded_High_Missingness"
"C9orf85",89.9328859060403,50,"Temporarily_Excluded_High_Missingness"
"CKS2",89.9328859060403,50,"Temporarily_Excluded_High_Missingness"
"CRHBP",89.9328859060403,50,"Temporarily_Excluded_High_Missingness"
"DISC1",89.9328859060403,50,"Temporarily_Excluded_High_Missingness"
"DISP2",89.9328859060403,50,"Temporarily_Excluded_High_Missingness"
"ESM1",89.9328859060403,50,"Temporarily_Excluded_High_Missingness"
"FZD4",89.9328859060403,50,"Temporarily_Excluded_High_Missingness"
"GLI3",89.9328859060403,50,"Temporarily_Excluded_High_Missingness"
"ITK",89.9328859060403,50,"Temporarily_Excluded_High_Missingness"
"JARID2",89.9328859060403,50,"Temporarily_Excluded_High_Missingness"
"JOSD1",89.9328859060403,50,"Temporarily_Excluded_High_Missingness"
"KIF12",89.9328859060403,50,"Temporarily_Excluded_High_Missingness"
"LBHD1",89.9328859060403,50,"Temporarily_Excluded_High_Missingness"
"LRRC8B",89.9328859060403,50,"Temporarily_Excluded_High_Missingness"
"LTB4R",89.9328859060403,50,"Temporarily_Excluded_High_Missingness"
"MAB21L2",89.9328859060403,50,"Temporarily_Excluded_High_Missingness"
"MCOLN1",89.9328859060403,50,"Temporarily_Excluded_High_Missingness"
"MEOX2",89.9328859060403,50,"Temporarily_Excluded_High_Missingness"
"METRN",89.9328859060403,50,"Temporarily_Excluded_High_Missingness"
"MPV17L",89.9328859060403,50,"Temporarily_Excluded_High_Missingness"
"MT.ND4",89.9328859060403,50,"Temporarily_Excluded_High_Missingness"
"NINJ2",89.9328859060403,50,"Temporarily_Excluded_High_Missingness"
"NOXO1",89.9328859060403,50,"Temporarily_Excluded_High_Missingness"
"OIT3",89.9328859060403,50,"Temporarily_Excluded_High_Missingness"
"P2RY13",89.9328859060403,50,"Temporarily_Excluded_High_Missingness"
"PRSS57",89.9328859060403,50,"Temporarily_Excluded_High_Missingness"
"PTPRO",89.9328859060403,50,"Temporarily_Excluded_High_Missingness"
"RPP21",89.9328859060403,50,"Temporarily_Excluded_High_Missingness"
"RUNX1T1",89.9328859060403,50,"Temporarily_Excluded_High_Missingness"
"SFT2D1",89.9328859060403,50,"Temporarily_Excluded_High_Missingness"
"SLC16A2",89.9328859060403,50,"Temporarily_Excluded_High_Missingness"
"SLC25A30",89.9328859060403,50,"Temporarily_Excluded_High_Missingness"
"SOWAHD",89.9328859060403,50,"Temporarily_Excluded_High_Missingness"
"SPEG",89.9328859060403,50,"Temporarily_Excluded_High_Missingness"
"SRSF12",89.9328859060403,50,"Temporarily_Excluded_High_Missingness"
"TESK1",89.9328859060403,50,"Temporarily_Excluded_High_Missingness"
"TSPAN33",89.9328859060403,50,"Temporarily_Excluded_High_Missingness"
"UGT2B15",89.9328859060403,50,"Temporarily_Excluded_High_Missingness"
"ZDHHC8",89.9328859060403,50,"Temporarily_Excluded_High_Missingness"
"ZNF580",89.9328859060403,50,"Temporarily_Excluded_High_Missingness"
"ACKR1",89.261744966443,50,"Temporarily_Excluded_High_Missingness"
"ALKBH6",89.261744966443,50,"Temporarily_Excluded_High_Missingness"
"APOBEC3B",89.261744966443,50,"Temporarily_Excluded_High_Missingness"
"ASB7",89.261744966443,50,"Temporarily_Excluded_High_Missingness"
"BIRC3",89.261744966443,50,"Temporarily_Excluded_High_Missingness"
"CACNB3",89.261744966443,50,"Temporarily_Excluded_High_Missingness"
"CASQ2",89.261744966443,50,"Temporarily_Excluded_High_Missingness"
"CEBPG",89.261744966443,50,"Temporarily_Excluded_High_Missingness"
"CLSPN",89.261744966443,50,"Temporarily_Excluded_High_Missingness"
"COL8A2",89.261744966443,50,"Temporarily_Excluded_High_Missingness"
"CST4",89.261744966443,50,"Temporarily_Excluded_High_Missingness"
"CTTNBP2",89.261744966443,50,"Temporarily_Excluded_High_Missingness"
"DALRD3",89.261744966443,50,"Temporarily_Excluded_High_Missingness"
"DISP1",89.261744966443,50,"Temporarily_Excluded_High_Missingness"
"FZD5",89.261744966443,50,"Temporarily_Excluded_High_Missingness"
"ING2",89.261744966443,50,"Temporarily_Excluded_High_Missingness"
"ISL2",89.261744966443,50,"Temporarily_Excluded_High_Missingness"
"JMJD4",89.261744966443,50,"Temporarily_Excluded_High_Missingness"
"LDB2",89.261744966443,50,"Temporarily_Excluded_High_Missingness"
"LIPF",89.261744966443,50,"Temporarily_Excluded_High_Missingness"
"LRP11",89.261744966443,50,"Temporarily_Excluded_High_Missingness"
"MPHOSPH9",89.261744966443,50,"Temporarily_Excluded_High_Missingness"
"NCR3LG1",89.261744966443,50,"Temporarily_Excluded_High_Missingness"
"NR2F1",89.261744966443,50,"Temporarily_Excluded_High_Missingness"
"NUFIP1",89.261744966443,50,"Temporarily_Excluded_High_Missingness"
"PACRGL",89.261744966443,50,"Temporarily_Excluded_High_Missingness"
"RAB9B",89.261744966443,50,"Temporarily_Excluded_High_Missingness"
"RAPGEF4",89.261744966443,50,"Temporarily_Excluded_High_Missingness"
"RASGRP3",89.261744966443,50,"Temporarily_Excluded_High_Missingness"
"SCAND1",89.261744966443,50,"Temporarily_Excluded_High_Missingness"
"SEMA6C",89.261744966443,50,"Temporarily_Excluded_High_Missingness"
"SIX4",89.261744966443,50,"Temporarily_Excluded_High_Missingness"
"SLCO3A1",89.261744966443,50,"Temporarily_Excluded_High_Missingness"
"SMIM19",89.261744966443,50,"Temporarily_Excluded_High_Missingness"
"SYBU",89.261744966443,50,"Temporarily_Excluded_High_Missingness"
"TMEM17",89.261744966443,50,"Temporarily_Excluded_High_Missingness"
"TMEM50A",89.261744966443,50,"Temporarily_Excluded_High_Missingness"
"TMPRSS13",89.261744966443,50,"Temporarily_Excluded_High_Missingness"
"TRPM2",89.261744966443,50,"Temporarily_Excluded_High_Missingness"
"UPK3B",89.261744966443,50,"Temporarily_Excluded_High_Missingness"
"ZNF394",89.261744966443,50,"Temporarily_Excluded_High_Missingness"
"ZWINT",89.261744966443,50,"Temporarily_Excluded_High_Missingness"
"ADGRE3",88.5906040268456,50,"Temporarily_Excluded_High_Missingness"
"AHI1",88.5906040268456,50,"Temporarily_Excluded_High_Missingness"
"ALPK2",88.5906040268456,50,"Temporarily_Excluded_High_Missingness"
"ANKEF1",88.5906040268456,50,"Temporarily_Excluded_High_Missingness"
"AP3S2",88.5906040268456,50,"Temporarily_Excluded_High_Missingness"
"BCL11A",88.5906040268456,50,"Temporarily_Excluded_High_Missingness"
"CCDC167",88.5906040268456,50,"Temporarily_Excluded_High_Missingness"
"CENPK",88.5906040268456,50,"Temporarily_Excluded_High_Missingness"
"CEP70",88.5906040268456,50,"Temporarily_Excluded_High_Missingness"
"CHST6",88.5906040268456,50,"Temporarily_Excluded_High_Missingness"
"CPNE6",88.5906040268456,50,"Temporarily_Excluded_High_Missingness"
"DHDDS",88.5906040268456,50,"Temporarily_Excluded_High_Missingness"
"DPY19L4",88.5906040268456,50,"Temporarily_Excluded_High_Missingness"
"FAM110B",88.5906040268456,50,"Temporarily_Excluded_High_Missingness"
"FCER2",88.5906040268456,50,"Temporarily_Excluded_High_Missingness"
"GTF2IRD1",88.5906040268456,50,"Temporarily_Excluded_High_Missingness"
"JADE1",88.5906040268456,50,"Temporarily_Excluded_High_Missingness"
"KATNBL1",88.5906040268456,50,"Temporarily_Excluded_High_Missingness"
"LATS2",88.5906040268456,50,"Temporarily_Excluded_High_Missingness"
"LRIG2",88.5906040268456,50,"Temporarily_Excluded_High_Missingness"
"MAPK11",88.5906040268456,50,"Temporarily_Excluded_High_Missingness"
"MLH3",88.5906040268456,50,"Temporarily_Excluded_High_Missingness"
"NAT9",88.5906040268456,50,"Temporarily_Excluded_High_Missingness"
"PDPN",88.5906040268456,50,"Temporarily_Excluded_High_Missingness"
"PIM3",88.5906040268456,50,"Temporarily_Excluded_High_Missingness"
"POMT1",88.5906040268456,50,"Temporarily_Excluded_High_Missingness"
"PPP2R3C",88.5906040268456,50,"Temporarily_Excluded_High_Missingness"
"PPP4R4",88.5906040268456,50,"Temporarily_Excluded_High_Missingness"
"RNF8",88.5906040268456,50,"Temporarily_Excluded_High_Missingness"
"SMIM13",88.5906040268456,50,"Temporarily_Excluded_High_Missingness"
"SOX6",88.5906040268456,50,"Temporarily_Excluded_High_Missingness"
"SPIRE1",88.5906040268456,50,"Temporarily_Excluded_High_Missingness"
"SS18L2",88.5906040268456,50,"Temporarily_Excluded_High_Missingness"
"TMEM94",88.5906040268456,50,"Temporarily_Excluded_High_Missingness"
"UST",88.5906040268456,50,"Temporarily_Excluded_High_Missingness"
"XAGE2",88.5906040268456,50,"Temporarily_Excluded_High_Missingness"
"ZFYVE28",88.5906040268456,50,"Temporarily_Excluded_High_Missingness"
"ZNF597",88.5906040268456,50,"Temporarily_Excluded_High_Missingness"
"ZSCAN21",88.5906040268456,50,"Temporarily_Excluded_High_Missingness"
"ARG2",87.9194630872483,50,"Temporarily_Excluded_High_Missingness"
"ASPHD1",87.9194630872483,50,"Temporarily_Excluded_High_Missingness"
"CCDC18",87.9194630872483,50,"Temporarily_Excluded_High_Missingness"
"CNIH1",87.9194630872483,50,"Temporarily_Excluded_High_Missingness"
"CTDSP2",87.9194630872483,50,"Temporarily_Excluded_High_Missingness"
"DEGS2",87.9194630872483,50,"Temporarily_Excluded_High_Missingness"
"FLVCR1",87.9194630872483,50,"Temporarily_Excluded_High_Missingness"
"GREB1",87.9194630872483,50,"Temporarily_Excluded_High_Missingness"
"HELB",87.9194630872483,50,"Temporarily_Excluded_High_Missingness"
"HYKK",87.9194630872483,50,"Temporarily_Excluded_High_Missingness"
"IMMP2L",87.9194630872483,50,"Temporarily_Excluded_High_Missingness"
"KBTBD6",87.9194630872483,50,"Temporarily_Excluded_High_Missingness"
"LMBR1",87.9194630872483,50,"Temporarily_Excluded_High_Missingness"
"LRRC19",87.9194630872483,50,"Temporarily_Excluded_High_Missingness"
"LY6H",87.9194630872483,50,"Temporarily_Excluded_High_Missingness"
"MSANTD4",87.9194630872483,50,"Temporarily_Excluded_High_Missingness"
"NAA60",87.9194630872483,50,"Temporarily_Excluded_High_Missingness"
"PCDHGB5",87.9194630872483,50,"Temporarily_Excluded_High_Missingness"
"PLEKHA8",87.9194630872483,50,"Temporarily_Excluded_High_Missingness"
"PTOV1",87.9194630872483,50,"Temporarily_Excluded_High_Missingness"
"RWDD2A",87.9194630872483,50,"Temporarily_Excluded_High_Missingness"
"TSPYL4",87.9194630872483,50,"Temporarily_Excluded_High_Missingness"
"UBE3D",87.9194630872483,50,"Temporarily_Excluded_High_Missingness"
"ZSWIM9",87.9194630872483,50,"Temporarily_Excluded_High_Missingness"
"AEBP2",87.248322147651,50,"Temporarily_Excluded_High_Missingness"
"ARHGEF38",87.248322147651,50,"Temporarily_Excluded_High_Missingness"
"CAPRIN2",87.248322147651,50,"Temporarily_Excluded_High_Missingness"
"CCL28",87.248322147651,50,"Temporarily_Excluded_High_Missingness"
"CDK20",87.248322147651,50,"Temporarily_Excluded_High_Missingness"
"CHTF8",87.248322147651,50,"Temporarily_Excluded_High_Missingness"
"CLCN6",87.248322147651,50,"Temporarily_Excluded_High_Missingness"
"CLN8",87.248322147651,50,"Temporarily_Excluded_High_Missingness"
"CYP2C19",87.248322147651,50,"Temporarily_Excluded_High_Missingness"
"CYP4F2",87.248322147651,50,"Temporarily_Excluded_High_Missingness"
"DCAF12L1",87.248322147651,50,"Temporarily_Excluded_High_Missingness"
"DZIP1",87.248322147651,50,"Temporarily_Excluded_High_Missingness"
"ELFN1",87.248322147651,50,"Temporarily_Excluded_High_Missingness"
"EPYC",87.248322147651,50,"Temporarily_Excluded_High_Missingness"
"FRS2",87.248322147651,50,"Temporarily_Excluded_High_Missingness"
"GRHL3",87.248322147651,50,"Temporarily_Excluded_High_Missingness"
"GUCD1",87.248322147651,50,"Temporarily_Excluded_High_Missingness"
"ITGA10",87.248322147651,50,"Temporarily_Excluded_High_Missingness"
"KLHL15",87.248322147651,50,"Temporarily_Excluded_High_Missingness"
"LGI2",87.248322147651,50,"Temporarily_Excluded_High_Missingness"
"MRS2",87.248322147651,50,"Temporarily_Excluded_High_Missingness"
"MYH2",87.248322147651,50,"Temporarily_Excluded_High_Missingness"
"NUDT22",87.248322147651,50,"Temporarily_Excluded_High_Missingness"
"PACC1",87.248322147651,50,"Temporarily_Excluded_High_Missingness"
"PENK",87.248322147651,50,"Temporarily_Excluded_High_Missingness"
"RARG",87.248322147651,50,"Temporarily_Excluded_High_Missingness"
"RBM41",87.248322147651,50,"Temporarily_Excluded_High_Missingness"
"RTTN",87.248322147651,50,"Temporarily_Excluded_High_Missingness"
"SALL2",87.248322147651,50,"Temporarily_Excluded_High_Missingness"
"SGPP2",87.248322147651,50,"Temporarily_Excluded_High_Missingness"
"SKI",87.248322147651,50,"Temporarily_Excluded_High_Missingness"
"SLC38A7",87.248322147651,50,"Temporarily_Excluded_High_Missingness"
"SPRR2D",87.248322147651,50,"Temporarily_Excluded_High_Missingness"
"SUV39H2",87.248322147651,50,"Temporarily_Excluded_High_Missingness"
"TMCO6",87.248322147651,50,"Temporarily_Excluded_High_Missingness"
"TMEM101",87.248322147651,50,"Temporarily_Excluded_High_Missingness"
"TRBV3.1",87.248322147651,50,"Temporarily_Excluded_High_Missingness"
"ZNF76",87.248322147651,50,"Temporarily_Excluded_High_Missingness"
"ZXDC",87.248322147651,50,"Temporarily_Excluded_High_Missingness"
"ARID3B",86.5771812080537,50,"Temporarily_Excluded_High_Missingness"
"ARL11",86.5771812080537,50,"Temporarily_Excluded_High_Missingness"
"ASXL1",86.5771812080537,50,"Temporarily_Excluded_High_Missingness"
"BBOX1",86.5771812080537,50,"Temporarily_Excluded_High_Missingness"
"BDP1",86.5771812080537,50,"Temporarily_Excluded_High_Missingness"
"BHLHE41",86.5771812080537,50,"Temporarily_Excluded_High_Missingness"
"BMT2",86.5771812080537,50,"Temporarily_Excluded_High_Missingness"
"CILK1",86.5771812080537,50,"Temporarily_Excluded_High_Missingness"
"CNTN4",86.5771812080537,50,"Temporarily_Excluded_High_Missingness"
"EFNA5",86.5771812080537,50,"Temporarily_Excluded_High_Missingness"
"ENTPD6",86.5771812080537,50,"Temporarily_Excluded_High_Missingness"
"FAM161A",86.5771812080537,50,"Temporarily_Excluded_High_Missingness"
"FAM204A",86.5771812080537,50,"Temporarily_Excluded_High_Missingness"
"FXYD1",86.5771812080537,50,"Temporarily_Excluded_High_Missingness"
"GALNT14",86.5771812080537,50,"Temporarily_Excluded_High_Missingness"
"GNA14",86.5771812080537,50,"Temporarily_Excluded_High_Missingness"
"GP1BB",86.5771812080537,50,"Temporarily_Excluded_High_Missingness"
"GSTA3",86.5771812080537,50,"Temporarily_Excluded_High_Missingness"
"HECW1",86.5771812080537,50,"Temporarily_Excluded_High_Missingness"
"HNF1A",86.5771812080537,50,"Temporarily_Excluded_High_Missingness"
"HNRNPA1L2",86.5771812080537,50,"Temporarily_Excluded_High_Missingness"
"HPD",86.5771812080537,50,"Temporarily_Excluded_High_Missingness"
"IGHV3.48",86.5771812080537,50,"Temporarily_Excluded_High_Missingness"
"KIF3C",86.5771812080537,50,"Temporarily_Excluded_High_Missingness"
"KPNA5",86.5771812080537,50,"Temporarily_Excluded_High_Missingness"
"LCMT2",86.5771812080537,50,"Temporarily_Excluded_High_Missingness"
"MT.CYB",86.5771812080537,50,"Temporarily_Excluded_High_Missingness"
"NAALAD2",86.5771812080537,50,"Temporarily_Excluded_High_Missingness"
"NATD1",86.5771812080537,50,"Temporarily_Excluded_High_Missingness"
"NFIL3",86.5771812080537,50,"Temporarily_Excluded_High_Missingness"
"NLRC5",86.5771812080537,50,"Temporarily_Excluded_High_Missingness"
"NOVA1",86.5771812080537,50,"Temporarily_Excluded_High_Missingness"
"PAK6",86.5771812080537,50,"Temporarily_Excluded_High_Missingness"
"PAX5",86.5771812080537,50,"Temporarily_Excluded_High_Missingness"
"PGBD2",86.5771812080537,50,"Temporarily_Excluded_High_Missingness"
"PRADC1",86.5771812080537,50,"Temporarily_Excluded_High_Missingness"
"RBL1",86.5771812080537,50,"Temporarily_Excluded_High_Missingness"
"RNF130",86.5771812080537,50,"Temporarily_Excluded_High_Missingness"
"SLC1A3",86.5771812080537,50,"Temporarily_Excluded_High_Missingness"
"SLC35C2",86.5771812080537,50,"Temporarily_Excluded_High_Missingness"
"SLC37A2",86.5771812080537,50,"Temporarily_Excluded_High_Missingness"
"SLX4",86.5771812080537,50,"Temporarily_Excluded_High_Missingness"
"TCEAL2",86.5771812080537,50,"Temporarily_Excluded_High_Missingness"
"TIGD2",86.5771812080537,50,"Temporarily_Excluded_High_Missingness"
"UBE2J2",86.5771812080537,50,"Temporarily_Excluded_High_Missingness"
"ZNF263",86.5771812080537,50,"Temporarily_Excluded_High_Missingness"
"ZNF417",86.5771812080537,50,"Temporarily_Excluded_High_Missingness"
"ZNF511",86.5771812080537,50,"Temporarily_Excluded_High_Missingness"
"ADAMTS16",85.9060402684564,50,"Temporarily_Excluded_High_Missingness"
"ASB3",85.9060402684564,50,"Temporarily_Excluded_High_Missingness"
"ATP10B",85.9060402684564,50,"Temporarily_Excluded_High_Missingness"
"ATRNL1",85.9060402684564,50,"Temporarily_Excluded_High_Missingness"
"BEGAIN",85.9060402684564,50,"Temporarily_Excluded_High_Missingness"
"C14orf93",85.9060402684564,50,"Temporarily_Excluded_High_Missingness"
"C2CD4B",85.9060402684564,50,"Temporarily_Excluded_High_Missingness"
"CBFA2T3",85.9060402684564,50,"Temporarily_Excluded_High_Missingness"
"CDCA8",85.9060402684564,50,"Temporarily_Excluded_High_Missingness"
"CENPN",85.9060402684564,50,"Temporarily_Excluded_High_Missingness"
"CENPT",85.9060402684564,50,"Temporarily_Excluded_High_Missingness"
"CERK",85.9060402684564,50,"Temporarily_Excluded_High_Missingness"
"CLEC7A",85.9060402684564,50,"Temporarily_Excluded_High_Missingness"
"DENND2A",85.9060402684564,50,"Temporarily_Excluded_High_Missingness"
"DNALI1",85.9060402684564,50,"Temporarily_Excluded_High_Missingness"
"DOK4",85.9060402684564,50,"Temporarily_Excluded_High_Missingness"
"FBXW7",85.9060402684564,50,"Temporarily_Excluded_High_Missingness"
"FSBP",85.9060402684564,50,"Temporarily_Excluded_High_Missingness"
"IL6R",85.9060402684564,50,"Temporarily_Excluded_High_Missingness"
"JDP2",85.9060402684564,50,"Temporarily_Excluded_High_Missingness"
"KCNMA1",85.9060402684564,50,"Temporarily_Excluded_High_Missingness"
"KLHL6",85.9060402684564,50,"Temporarily_Excluded_High_Missingness"
"KLHL7",85.9060402684564,50,"Temporarily_Excluded_High_Missingness"
"KRT24",85.9060402684564,50,"Temporarily_Excluded_High_Missingness"
"LARGE1",85.9060402684564,50,"Temporarily_Excluded_High_Missingness"
"MAF",85.9060402684564,50,"Temporarily_Excluded_High_Missingness"
"MASTL",85.9060402684564,50,"Temporarily_Excluded_High_Missingness"
"MDFI",85.9060402684564,50,"Temporarily_Excluded_High_Missingness"
"MXD1",85.9060402684564,50,"Temporarily_Excluded_High_Missingness"
"MYRF",85.9060402684564,50,"Temporarily_Excluded_High_Missingness"
"PRXL2C",85.9060402684564,50,"Temporarily_Excluded_High_Missingness"
"PTCD2",85.9060402684564,50,"Temporarily_Excluded_High_Missingness"
"RGS1",85.9060402684564,50,"Temporarily_Excluded_High_Missingness"
"RNF187",85.9060402684564,50,"Temporarily_Excluded_High_Missingness"
"RTL10",85.9060402684564,50,"Temporarily_Excluded_High_Missingness"
"SDK2",85.9060402684564,50,"Temporarily_Excluded_High_Missingness"
"SETD9",85.9060402684564,50,"Temporarily_Excluded_High_Missingness"
"SHQ1",85.9060402684564,50,"Temporarily_Excluded_High_Missingness"
"SLC49A4",85.9060402684564,50,"Temporarily_Excluded_High_Missingness"
"SPTLC3",85.9060402684564,50,"Temporarily_Excluded_High_Missingness"
"SSX2IP",85.9060402684564,50,"Temporarily_Excluded_High_Missingness"
"TCEAL6",85.9060402684564,50,"Temporarily_Excluded_High_Missingness"
"TM4SF5",85.9060402684564,50,"Temporarily_Excluded_High_Missingness"
"TMEM237",85.9060402684564,50,"Temporarily_Excluded_High_Missingness"
"TNKS2",85.9060402684564,50,"Temporarily_Excluded_High_Missingness"
"TOB2",85.9060402684564,50,"Temporarily_Excluded_High_Missingness"
"TRAC",85.9060402684564,50,"Temporarily_Excluded_High_Missingness"
"TRIM9",85.9060402684564,50,"Temporarily_Excluded_High_Missingness"
"TSHZ3",85.9060402684564,50,"Temporarily_Excluded_High_Missingness"
"VCPKMT",85.9060402684564,50,"Temporarily_Excluded_High_Missingness"
"ZNF174",85.9060402684564,50,"Temporarily_Excluded_High_Missingness"
"ZNF219",85.9060402684564,50,"Temporarily_Excluded_High_Missingness"
"AC011005.1",85.2348993288591,50,"Temporarily_Excluded_High_Missingness"
"ADCY5",85.2348993288591,50,"Temporarily_Excluded_High_Missingness"
"ALKBH2",85.2348993288591,50,"Temporarily_Excluded_High_Missingness"
"ANKRD13C",85.2348993288591,50,"Temporarily_Excluded_High_Missingness"
"ARL13B",85.2348993288591,50,"Temporarily_Excluded_High_Missingness"
"AXIN1",85.2348993288591,50,"Temporarily_Excluded_High_Missingness"
"BCL2L11",85.2348993288591,50,"Temporarily_Excluded_High_Missingness"
"CAPNS2",85.2348993288591,50,"Temporarily_Excluded_High_Missingness"
"CD70",85.2348993288591,50,"Temporarily_Excluded_High_Missingness"
"CST2",85.2348993288591,50,"Temporarily_Excluded_High_Missingness"
"CYS1",85.2348993288591,50,"Temporarily_Excluded_High_Missingness"
"FADS3",85.2348993288591,50,"Temporarily_Excluded_High_Missingness"
"FOXP1",85.2348993288591,50,"Temporarily_Excluded_High_Missingness"
"FSHR",85.2348993288591,50,"Temporarily_Excluded_High_Missingness"
"HBB",85.2348993288591,50,"Temporarily_Excluded_High_Missingness"
"KAZN",85.2348993288591,50,"Temporarily_Excluded_High_Missingness"
"KCTD17",85.2348993288591,50,"Temporarily_Excluded_High_Missingness"
"LCORL",85.2348993288591,50,"Temporarily_Excluded_High_Missingness"
"MED26",85.2348993288591,50,"Temporarily_Excluded_High_Missingness"
"NPR2",85.2348993288591,50,"Temporarily_Excluded_High_Missingness"
"RTEL1",85.2348993288591,50,"Temporarily_Excluded_High_Missingness"
"SCIMP",85.2348993288591,50,"Temporarily_Excluded_High_Missingness"
"SIRPB1",85.2348993288591,50,"Temporarily_Excluded_High_Missingness"
"SKA1",85.2348993288591,50,"Temporarily_Excluded_High_Missingness"
"SKP2",85.2348993288591,50,"Temporarily_Excluded_High_Missingness"
"SLC39A5",85.2348993288591,50,"Temporarily_Excluded_High_Missingness"
"SPDEF",85.2348993288591,50,"Temporarily_Excluded_High_Missingness"
"SUSD5",85.2348993288591,50,"Temporarily_Excluded_High_Missingness"
"TMEM141",85.2348993288591,50,"Temporarily_Excluded_High_Missingness"
"TOB1",85.2348993288591,50,"Temporarily_Excluded_High_Missingness"
"UBTD1",85.2348993288591,50,"Temporarily_Excluded_High_Missingness"
"WASF3",85.2348993288591,50,"Temporarily_Excluded_High_Missingness"
"ZDHHC21",85.2348993288591,50,"Temporarily_Excluded_High_Missingness"
"ZKSCAN3",85.2348993288591,50,"Temporarily_Excluded_High_Missingness"
"ZNF32",85.2348993288591,50,"Temporarily_Excluded_High_Missingness"
"ZNF331",85.2348993288591,50,"Temporarily_Excluded_High_Missingness"
"ZNF468",85.2348993288591,50,"Temporarily_Excluded_High_Missingness"
"ZNF649",85.2348993288591,50,"Temporarily_Excluded_High_Missingness"
"ABCC8",84.5637583892617,50,"Temporarily_Excluded_High_Missingness"
"ADCY7",84.5637583892617,50,"Temporarily_Excluded_High_Missingness"
"ANKRD39",84.5637583892617,50,"Temporarily_Excluded_High_Missingness"
"ARHGAP28",84.5637583892617,50,"Temporarily_Excluded_High_Missingness"
"ARSK",84.5637583892617,50,"Temporarily_Excluded_High_Missingness"
"BIRC5",84.5637583892617,50,"Temporarily_Excluded_High_Missingness"
"C12orf65",84.5637583892617,50,"Temporarily_Excluded_High_Missingness"
"C1orf112",84.5637583892617,50,"Temporarily_Excluded_High_Missingness"
"CAPN13",84.5637583892617,50,"Temporarily_Excluded_High_Missingness"
"CBY1",84.5637583892617,50,"Temporarily_Excluded_High_Missingness"
"CD1A",84.5637583892617,50,"Temporarily_Excluded_High_Missingness"
"CDC25C",84.5637583892617,50,"Temporarily_Excluded_High_Missingness"
"CHST15",84.5637583892617,50,"Temporarily_Excluded_High_Missingness"
"CLCA2",84.5637583892617,50,"Temporarily_Excluded_High_Missingness"
"CLDN12",84.5637583892617,50,"Temporarily_Excluded_High_Missingness"
"CLDN5",84.5637583892617,50,"Temporarily_Excluded_High_Missingness"
"CYP2C9",84.5637583892617,50,"Temporarily_Excluded_High_Missingness"
"DACT1",84.5637583892617,50,"Temporarily_Excluded_High_Missingness"
"DPF3",84.5637583892617,50,"Temporarily_Excluded_High_Missingness"
"DUSP1",84.5637583892617,50,"Temporarily_Excluded_High_Missingness"
"FOSL1",84.5637583892617,50,"Temporarily_Excluded_High_Missingness"
"FOXN3",84.5637583892617,50,"Temporarily_Excluded_High_Missingness"
"GNB3",84.5637583892617,50,"Temporarily_Excluded_High_Missingness"
"HJURP",84.5637583892617,50,"Temporarily_Excluded_High_Missingness"
"KIF5A",84.5637583892617,50,"Temporarily_Excluded_High_Missingness"
"LDHC",84.5637583892617,50,"Temporarily_Excluded_High_Missingness"
"LRRN4CL",84.5637583892617,50,"Temporarily_Excluded_High_Missingness"
"LY96",84.5637583892617,50,"Temporarily_Excluded_High_Missingness"
"MFSD14B",84.5637583892617,50,"Temporarily_Excluded_High_Missingness"
"MICOS10",84.5637583892617,50,"Temporarily_Excluded_High_Missingness"
"NR0B1",84.5637583892617,50,"Temporarily_Excluded_High_Missingness"
"NTS",84.5637583892617,50,"Temporarily_Excluded_High_Missingness"
"PHLPP2",84.5637583892617,50,"Temporarily_Excluded_High_Missingness"
"PNCK",84.5637583892617,50,"Temporarily_Excluded_High_Missingness"
"PPT2",84.5637583892617,50,"Temporarily_Excluded_High_Missingness"
"REV3L",84.5637583892617,50,"Temporarily_Excluded_High_Missingness"
"RSAD2",84.5637583892617,50,"Temporarily_Excluded_High_Missingness"
"SECTM1",84.5637583892617,50,"Temporarily_Excluded_High_Missingness"
"SIGLEC9",84.5637583892617,50,"Temporarily_Excluded_High_Missingness"
"SRCAP",84.5637583892617,50,"Temporarily_Excluded_High_Missingness"
"ST8SIA3",84.5637583892617,50,"Temporarily_Excluded_High_Missingness"
"STMN3",84.5637583892617,50,"Temporarily_Excluded_High_Missingness"
"TBC1D32",84.5637583892617,50,"Temporarily_Excluded_High_Missingness"
"TFEC",84.5637583892617,50,"Temporarily_Excluded_High_Missingness"
"TMEM204",84.5637583892617,50,"Temporarily_Excluded_High_Missingness"
"TPRX1",84.5637583892617,50,"Temporarily_Excluded_High_Missingness"
"USP45",84.5637583892617,50,"Temporarily_Excluded_High_Missingness"
"VHL",84.5637583892617,50,"Temporarily_Excluded_High_Missingness"
"VSTM1",84.5637583892617,50,"Temporarily_Excluded_High_Missingness"
"ZC3H12D",84.5637583892617,50,"Temporarily_Excluded_High_Missingness"
"ZNF12",84.5637583892617,50,"Temporarily_Excluded_High_Missingness"
"ZNF302",84.5637583892617,50,"Temporarily_Excluded_High_Missingness"
"ABHD17A",83.8926174496644,50,"Temporarily_Excluded_High_Missingness"
"ANGPTL3",83.8926174496644,50,"Temporarily_Excluded_High_Missingness"
"ANKRD2",83.8926174496644,50,"Temporarily_Excluded_High_Missingness"
"C3orf33",83.8926174496644,50,"Temporarily_Excluded_High_Missingness"
"CCSER1",83.8926174496644,50,"Temporarily_Excluded_High_Missingness"
"CDKN2A",83.8926174496644,50,"Temporarily_Excluded_High_Missingness"
"CEP83",83.8926174496644,50,"Temporarily_Excluded_High_Missingness"
"CHP2",83.8926174496644,50,"Temporarily_Excluded_High_Missingness"
"CLGN",83.8926174496644,50,"Temporarily_Excluded_High_Missingness"
"FHOD3",83.8926174496644,50,"Temporarily_Excluded_High_Missingness"
"INHBE",83.8926174496644,50,"Temporarily_Excluded_High_Missingness"
"KNSTRN",83.8926174496644,50,"Temporarily_Excluded_High_Missingness"
"MED19",83.8926174496644,50,"Temporarily_Excluded_High_Missingness"
"MFSD4A",83.8926174496644,50,"Temporarily_Excluded_High_Missingness"
"MLN",83.8926174496644,50,"Temporarily_Excluded_High_Missingness"
"MUC17",83.8926174496644,50,"Temporarily_Excluded_High_Missingness"
"MUTYH",83.8926174496644,50,"Temporarily_Excluded_High_Missingness"
"MYCT1",83.8926174496644,50,"Temporarily_Excluded_High_Missingness"
"OTUD3",83.8926174496644,50,"Temporarily_Excluded_High_Missingness"
"PHF20",83.8926174496644,50,"Temporarily_Excluded_High_Missingness"
"PODXL2",83.8926174496644,50,"Temporarily_Excluded_High_Missingness"
"REST",83.8926174496644,50,"Temporarily_Excluded_High_Missingness"
"SEMA4G",83.8926174496644,50,"Temporarily_Excluded_High_Missingness"
"SLC13A2",83.8926174496644,50,"Temporarily_Excluded_High_Missingness"
"SLC25A28",83.8926174496644,50,"Temporarily_Excluded_High_Missingness"
"SLC51A",83.8926174496644,50,"Temporarily_Excluded_High_Missingness"
"STK19",83.8926174496644,50,"Temporarily_Excluded_High_Missingness"
"TAZ",83.8926174496644,50,"Temporarily_Excluded_High_Missingness"
"TM6SF1",83.8926174496644,50,"Temporarily_Excluded_High_Missingness"
"TMEM175",83.8926174496644,50,"Temporarily_Excluded_High_Missingness"
"TMEM260",83.8926174496644,50,"Temporarily_Excluded_High_Missingness"
"TNFRSF10A",83.8926174496644,50,"Temporarily_Excluded_High_Missingness"
"TRIM8",83.8926174496644,50,"Temporarily_Excluded_High_Missingness"
"ZNF408",83.8926174496644,50,"Temporarily_Excluded_High_Missingness"
"ABCA9",83.2214765100671,50,"Temporarily_Excluded_High_Missingness"
"ABCC9",83.2214765100671,50,"Temporarily_Excluded_High_Missingness"
"CC2D2A",83.2214765100671,50,"Temporarily_Excluded_High_Missingness"
"CHRM3",83.2214765100671,50,"Temporarily_Excluded_High_Missingness"
"CSDC2",83.2214765100671,50,"Temporarily_Excluded_High_Missingness"
"CYP24A1",83.2214765100671,50,"Temporarily_Excluded_High_Missingness"
"DPP10",83.2214765100671,50,"Temporarily_Excluded_High_Missingness"
"FAHD2B",83.2214765100671,50,"Temporarily_Excluded_High_Missingness"
"FOXO4",83.2214765100671,50,"Temporarily_Excluded_High_Missingness"
"FUT1",83.2214765100671,50,"Temporarily_Excluded_High_Missingness"
"GZF1",83.2214765100671,50,"Temporarily_Excluded_High_Missingness"
"HAMP",83.2214765100671,50,"Temporarily_Excluded_High_Missingness"
"HOXC4",83.2214765100671,50,"Temporarily_Excluded_High_Missingness"
"HSD3B1",83.2214765100671,50,"Temporarily_Excluded_High_Missingness"
"IGF1",83.2214765100671,50,"Temporarily_Excluded_High_Missingness"
"IGKV1.6",83.2214765100671,50,"Temporarily_Excluded_High_Missingness"
"IGKV1D.8",83.2214765100671,50,"Temporarily_Excluded_High_Missingness"
"INVS",83.2214765100671,50,"Temporarily_Excluded_High_Missingness"
"JAML",83.2214765100671,50,"Temporarily_Excluded_High_Missingness"
"KCNJ8",83.2214765100671,50,"Temporarily_Excluded_High_Missingness"
"NPC1L1",83.2214765100671,50,"Temporarily_Excluded_High_Missingness"
"PBX3",83.2214765100671,50,"Temporarily_Excluded_High_Missingness"
"PLA2G12B",83.2214765100671,50,"Temporarily_Excluded_High_Missingness"
"RAB38",83.2214765100671,50,"Temporarily_Excluded_High_Missingness"
"SBNO2",83.2214765100671,50,"Temporarily_Excluded_High_Missingness"
"SCGB1A1",83.2214765100671,50,"Temporarily_Excluded_High_Missingness"
"SESN3",83.2214765100671,50,"Temporarily_Excluded_High_Missingness"
"SETD6",83.2214765100671,50,"Temporarily_Excluded_High_Missingness"
"SLC25A42",83.2214765100671,50,"Temporarily_Excluded_High_Missingness"
"SNX20",83.2214765100671,50,"Temporarily_Excluded_High_Missingness"
"TBC1D12",83.2214765100671,50,"Temporarily_Excluded_High_Missingness"
"TMEM231",83.2214765100671,50,"Temporarily_Excluded_High_Missingness"
"VSIG10",83.2214765100671,50,"Temporarily_Excluded_High_Missingness"
"ZC3H12C",83.2214765100671,50,"Temporarily_Excluded_High_Missingness"
"ADGRG7",82.5503355704698,50,"Temporarily_Excluded_High_Missingness"
"ASGR2",82.5503355704698,50,"Temporarily_Excluded_High_Missingness"
"ATP4A",82.5503355704698,50,"Temporarily_Excluded_High_Missingness"
"BEND7",82.5503355704698,50,"Temporarily_Excluded_High_Missingness"
"CDC45",82.5503355704698,50,"Temporarily_Excluded_High_Missingness"
"CDCA5",82.5503355704698,50,"Temporarily_Excluded_High_Missingness"
"CRISPLD1",82.5503355704698,50,"Temporarily_Excluded_High_Missingness"
"CYP4V2",82.5503355704698,50,"Temporarily_Excluded_High_Missingness"
"ELL2",82.5503355704698,50,"Temporarily_Excluded_High_Missingness"
"FGFRL1",82.5503355704698,50,"Temporarily_Excluded_High_Missingness"
"IL22RA1",82.5503355704698,50,"Temporarily_Excluded_High_Missingness"
"IL23R",82.5503355704698,50,"Temporarily_Excluded_High_Missingness"
"ITM2A",82.5503355704698,50,"Temporarily_Excluded_High_Missingness"
"KLHL17",82.5503355704698,50,"Temporarily_Excluded_High_Missingness"
"LRRC42",82.5503355704698,50,"Temporarily_Excluded_High_Missingness"
"MAP3K1",82.5503355704698,50,"Temporarily_Excluded_High_Missingness"
"MYLPF",82.5503355704698,50,"Temporarily_Excluded_High_Missingness"
"OLFM2",82.5503355704698,50,"Temporarily_Excluded_High_Missingness"
"PDE11A",82.5503355704698,50,"Temporarily_Excluded_High_Missingness"
"PDZD3",82.5503355704698,50,"Temporarily_Excluded_High_Missingness"
"PER2",82.5503355704698,50,"Temporarily_Excluded_High_Missingness"
"PLEKHJ1",82.5503355704698,50,"Temporarily_Excluded_High_Missingness"
"PORCN",82.5503355704698,50,"Temporarily_Excluded_High_Missingness"
"POU2AF1",82.5503355704698,50,"Temporarily_Excluded_High_Missingness"
"RAB42",82.5503355704698,50,"Temporarily_Excluded_High_Missingness"
"RAMP2",82.5503355704698,50,"Temporarily_Excluded_High_Missingness"
"SEMA3F",82.5503355704698,50,"Temporarily_Excluded_High_Missingness"
"SLF2",82.5503355704698,50,"Temporarily_Excluded_High_Missingness"
"SP6",82.5503355704698,50,"Temporarily_Excluded_High_Missingness"
"TREML1",82.5503355704698,50,"Temporarily_Excluded_High_Missingness"
"TRIM44",82.5503355704698,50,"Temporarily_Excluded_High_Missingness"
"WTIP",82.5503355704698,50,"Temporarily_Excluded_High_Missingness"
"ZCCHC4",82.5503355704698,50,"Temporarily_Excluded_High_Missingness"
"ZDBF2",82.5503355704698,50,"Temporarily_Excluded_High_Missingness"
"ZNF771",82.5503355704698,50,"Temporarily_Excluded_High_Missingness"
"ZSCAN2",82.5503355704698,50,"Temporarily_Excluded_High_Missingness"
"ABCA2",81.8791946308725,50,"Temporarily_Excluded_High_Missingness"
"ALPP",81.8791946308725,50,"Temporarily_Excluded_High_Missingness"
"ATF3",81.8791946308725,50,"Temporarily_Excluded_High_Missingness"
"B3GNT8",81.8791946308725,50,"Temporarily_Excluded_High_Missingness"
"BTBD9",81.8791946308725,50,"Temporarily_Excluded_High_Missingness"
"BTN3A1",81.8791946308725,50,"Temporarily_Excluded_High_Missingness"
"CDH19",81.8791946308725,50,"Temporarily_Excluded_High_Missingness"
"CLCA4",81.8791946308725,50,"Temporarily_Excluded_High_Missingness"
"CSPP1",81.8791946308725,50,"Temporarily_Excluded_High_Missingness"
"CYP2W1",81.8791946308725,50,"Temporarily_Excluded_High_Missingness"
"DAB1",81.8791946308725,50,"Temporarily_Excluded_High_Missingness"
"DCLRE1C",81.8791946308725,50,"Temporarily_Excluded_High_Missingness"
"DNAJC15",81.8791946308725,50,"Temporarily_Excluded_High_Missingness"
"DPEP2",81.8791946308725,50,"Temporarily_Excluded_High_Missingness"
"EDEM1",81.8791946308725,50,"Temporarily_Excluded_High_Missingness"
"EDRF1",81.8791946308725,50,"Temporarily_Excluded_High_Missingness"
"EIF2AK1",81.8791946308725,50,"Temporarily_Excluded_High_Missingness"
"FBXO17",81.8791946308725,50,"Temporarily_Excluded_High_Missingness"
"FRMD4B",81.8791946308725,50,"Temporarily_Excluded_High_Missingness"
"GUCA2A",81.8791946308725,50,"Temporarily_Excluded_High_Missingness"
"IQCE",81.8791946308725,50,"Temporarily_Excluded_High_Missingness"
"KIAA0232",81.8791946308725,50,"Temporarily_Excluded_High_Missingness"
"KLK5",81.8791946308725,50,"Temporarily_Excluded_High_Missingness"
"LTF",81.8791946308725,50,"Temporarily_Excluded_High_Missingness"
"MFSD5",81.8791946308725,50,"Temporarily_Excluded_High_Missingness"
"MLLT3",81.8791946308725,50,"Temporarily_Excluded_High_Missingness"
"NIPAL3",81.8791946308725,50,"Temporarily_Excluded_High_Missingness"
"OLFML2A",81.8791946308725,50,"Temporarily_Excluded_High_Missingness"
"PLAC8",81.8791946308725,50,"Temporarily_Excluded_High_Missingness"
"PLCH2",81.8791946308725,50,"Temporarily_Excluded_High_Missingness"
"PTP4A3",81.8791946308725,50,"Temporarily_Excluded_High_Missingness"
"PYGO1",81.8791946308725,50,"Temporarily_Excluded_High_Missingness"
"RAPGEFL1",81.8791946308725,50,"Temporarily_Excluded_High_Missingness"
"REM1",81.8791946308725,50,"Temporarily_Excluded_High_Missingness"
"SIVA1",81.8791946308725,50,"Temporarily_Excluded_High_Missingness"
"SLC41A1",81.8791946308725,50,"Temporarily_Excluded_High_Missingness"
"SLC44A3",81.8791946308725,50,"Temporarily_Excluded_High_Missingness"
"SREBF2",81.8791946308725,50,"Temporarily_Excluded_High_Missingness"
"SYT8",81.8791946308725,50,"Temporarily_Excluded_High_Missingness"
"TCEANC2",81.8791946308725,50,"Temporarily_Excluded_High_Missingness"
"THAP9",81.8791946308725,50,"Temporarily_Excluded_High_Missingness"
"TMEM229A",81.8791946308725,50,"Temporarily_Excluded_High_Missingness"
"TMEM259",81.8791946308725,50,"Temporarily_Excluded_High_Missingness"
"TMEM35A",81.8791946308725,50,"Temporarily_Excluded_High_Missingness"
"TOPORS",81.8791946308725,50,"Temporarily_Excluded_High_Missingness"
"TREH",81.8791946308725,50,"Temporarily_Excluded_High_Missingness"
"TRIM62",81.8791946308725,50,"Temporarily_Excluded_High_Missingness"
"UBALD2",81.8791946308725,50,"Temporarily_Excluded_High_Missingness"
"USP18",81.8791946308725,50,"Temporarily_Excluded_High_Missingness"
"UTY",81.8791946308725,50,"Temporarily_Excluded_High_Missingness"
"VGLL3",81.8791946308725,50,"Temporarily_Excluded_High_Missingness"
"ZBTB49",81.8791946308725,50,"Temporarily_Excluded_High_Missingness"
"ZNF189",81.8791946308725,50,"Temporarily_Excluded_High_Missingness"
"ZNF444",81.8791946308725,50,"Temporarily_Excluded_High_Missingness"
"ZNF524",81.8791946308725,50,"Temporarily_Excluded_High_Missingness"
"ANAPC15",81.2080536912752,50,"Temporarily_Excluded_High_Missingness"
"C16orf72",81.2080536912752,50,"Temporarily_Excluded_High_Missingness"
"CD22",81.2080536912752,50,"Temporarily_Excluded_High_Missingness"
"CLTCL1",81.2080536912752,50,"Temporarily_Excluded_High_Missingness"
"CNOT6",81.2080536912752,50,"Temporarily_Excluded_High_Missingness"
"CTC1",81.2080536912752,50,"Temporarily_Excluded_High_Missingness"
"CTSV",81.2080536912752,50,"Temporarily_Excluded_High_Missingness"
"GAB3",81.2080536912752,50,"Temporarily_Excluded_High_Missingness"
"GLI2",81.2080536912752,50,"Temporarily_Excluded_High_Missingness"
"GNAZ",81.2080536912752,50,"Temporarily_Excluded_High_Missingness"
"MTHFD2L",81.2080536912752,50,"Temporarily_Excluded_High_Missingness"
"NUAK2",81.2080536912752,50,"Temporarily_Excluded_High_Missingness"
"ORC1",81.2080536912752,50,"Temporarily_Excluded_High_Missingness"
"OSCAR",81.2080536912752,50,"Temporarily_Excluded_High_Missingness"
"P2RX7",81.2080536912752,50,"Temporarily_Excluded_High_Missingness"
"PDSS1",81.2080536912752,50,"Temporarily_Excluded_High_Missingness"
"PKMYT1",81.2080536912752,50,"Temporarily_Excluded_High_Missingness"
"PRR16",81.2080536912752,50,"Temporarily_Excluded_High_Missingness"
"PXMP4",81.2080536912752,50,"Temporarily_Excluded_High_Missingness"
"RAD51AP1",81.2080536912752,50,"Temporarily_Excluded_High_Missingness"
"SCMH1",81.2080536912752,50,"Temporarily_Excluded_High_Missingness"
"SERINC5",81.2080536912752,50,"Temporarily_Excluded_High_Missingness"
"SLC11A1",81.2080536912752,50,"Temporarily_Excluded_High_Missingness"
"SNX10",81.2080536912752,50,"Temporarily_Excluded_High_Missingness"
"SV2A",81.2080536912752,50,"Temporarily_Excluded_High_Missingness"
"TMTC2",81.2080536912752,50,"Temporarily_Excluded_High_Missingness"
"WBP1L",81.2080536912752,50,"Temporarily_Excluded_High_Missingness"
"WDR34",81.2080536912752,50,"Temporarily_Excluded_High_Missingness"
"YBX2",81.2080536912752,50,"Temporarily_Excluded_High_Missingness"
"ZC3H10",81.2080536912752,50,"Temporarily_Excluded_High_Missingness"
"ZNHIT3",81.2080536912752,50,"Temporarily_Excluded_High_Missingness"
"CBX2",80.5369127516778,50,"Temporarily_Excluded_High_Missingness"
"CD69",80.5369127516778,50,"Temporarily_Excluded_High_Missingness"
"CHD7",80.5369127516778,50,"Temporarily_Excluded_High_Missingness"
"FAAH2",80.5369127516778,50,"Temporarily_Excluded_High_Missingness"
"FBRSL1",80.5369127516778,50,"Temporarily_Excluded_High_Missingness"
"FIGNL1",80.5369127516778,50,"Temporarily_Excluded_High_Missingness"
"FLYWCH1",80.5369127516778,50,"Temporarily_Excluded_High_Missingness"
"FZD2",80.5369127516778,50,"Temporarily_Excluded_High_Missingness"
"IKZF5",80.5369127516778,50,"Temporarily_Excluded_High_Missingness"
"KLHL21",80.5369127516778,50,"Temporarily_Excluded_High_Missingness"
"MAD2L2",80.5369127516778,50,"Temporarily_Excluded_High_Missingness"
"MND1",80.5369127516778,50,"Temporarily_Excluded_High_Missingness"
"MZT2A",80.5369127516778,50,"Temporarily_Excluded_High_Missingness"
"PARL",80.5369127516778,50,"Temporarily_Excluded_High_Missingness"
"PPP1R26",80.5369127516778,50,"Temporarily_Excluded_High_Missingness"
"PRDM11",80.5369127516778,50,"Temporarily_Excluded_High_Missingness"
"PTPDC1",80.5369127516778,50,"Temporarily_Excluded_High_Missingness"
"QRICH2",80.5369127516778,50,"Temporarily_Excluded_High_Missingness"
"RAB39A",80.5369127516778,50,"Temporarily_Excluded_High_Missingness"
"RASGRP4",80.5369127516778,50,"Temporarily_Excluded_High_Missingness"
"REEP1",80.5369127516778,50,"Temporarily_Excluded_High_Missingness"
"RNF11",80.5369127516778,50,"Temporarily_Excluded_High_Missingness"
"SIMC1",80.5369127516778,50,"Temporarily_Excluded_High_Missingness"
"SOCS6",80.5369127516778,50,"Temporarily_Excluded_High_Missingness"
"SPHK1",80.5369127516778,50,"Temporarily_Excluded_High_Missingness"
"SPRED1",80.5369127516778,50,"Temporarily_Excluded_High_Missingness"
"SYT17",80.5369127516778,50,"Temporarily_Excluded_High_Missingness"
"SYT5",80.5369127516778,50,"Temporarily_Excluded_High_Missingness"
"TRMT2B",80.5369127516778,50,"Temporarily_Excluded_High_Missingness"
"ZNF260",80.5369127516778,50,"Temporarily_Excluded_High_Missingness"
"ANAPC11",79.8657718120805,50,"Temporarily_Excluded_High_Missingness"
"ASAH2",79.8657718120805,50,"Temporarily_Excluded_High_Missingness"
"BUB1B",79.8657718120805,50,"Temporarily_Excluded_High_Missingness"
"C6orf136",79.8657718120805,50,"Temporarily_Excluded_High_Missingness"
"CITED2",79.8657718120805,50,"Temporarily_Excluded_High_Missingness"
"CNNM2",79.8657718120805,50,"Temporarily_Excluded_High_Missingness"
"CREB3L1",79.8657718120805,50,"Temporarily_Excluded_High_Missingness"
"DDX43",79.8657718120805,50,"Temporarily_Excluded_High_Missingness"
"DUSP7",79.8657718120805,50,"Temporarily_Excluded_High_Missingness"
"GBP6",79.8657718120805,50,"Temporarily_Excluded_High_Missingness"
"GINS2",79.8657718120805,50,"Temporarily_Excluded_High_Missingness"
"GKN2",79.8657718120805,50,"Temporarily_Excluded_High_Missingness"
"GRTP1",79.8657718120805,50,"Temporarily_Excluded_High_Missingness"
"HAVCR1",79.8657718120805,50,"Temporarily_Excluded_High_Missingness"
"HIVEP1",79.8657718120805,50,"Temporarily_Excluded_High_Missingness"
"KAT2A",79.8657718120805,50,"Temporarily_Excluded_High_Missingness"
"KLHDC7B",79.8657718120805,50,"Temporarily_Excluded_High_Missingness"
"KMT5B",79.8657718120805,50,"Temporarily_Excluded_High_Missingness"
"LHFPL2",79.8657718120805,50,"Temporarily_Excluded_High_Missingness"
"LIFR",79.8657718120805,50,"Temporarily_Excluded_High_Missingness"
"MOGAT2",79.8657718120805,50,"Temporarily_Excluded_High_Missingness"
"POLR3GL",79.8657718120805,50,"Temporarily_Excluded_High_Missingness"
"PRKG2",79.8657718120805,50,"Temporarily_Excluded_High_Missingness"
"RGS18",79.8657718120805,50,"Temporarily_Excluded_High_Missingness"
"SCN7A",79.8657718120805,50,"Temporarily_Excluded_High_Missingness"
"SFTA2",79.8657718120805,50,"Temporarily_Excluded_High_Missingness"
"SIAH2",79.8657718120805,50,"Temporarily_Excluded_High_Missingness"
"SLC25A17",79.8657718120805,50,"Temporarily_Excluded_High_Missingness"
"TCTN1",79.8657718120805,50,"Temporarily_Excluded_High_Missingness"
"TRDMT1",79.8657718120805,50,"Temporarily_Excluded_High_Missingness"
"TRIM58",79.8657718120805,50,"Temporarily_Excluded_High_Missingness"
"TXNDC16",79.8657718120805,50,"Temporarily_Excluded_High_Missingness"
"UGT1A1",79.8657718120805,50,"Temporarily_Excluded_High_Missingness"
"WNT2B",79.8657718120805,50,"Temporarily_Excluded_High_Missingness"
"ZKSCAN8",79.8657718120805,50,"Temporarily_Excluded_High_Missingness"
"ACOT4",79.1946308724832,50,"Temporarily_Excluded_High_Missingness"
"ADAMTS13",79.1946308724832,50,"Temporarily_Excluded_High_Missingness"
"BFAR",79.1946308724832,50,"Temporarily_Excluded_High_Missingness"
"BLM",79.1946308724832,50,"Temporarily_Excluded_High_Missingness"
"BRPF3",79.1946308724832,50,"Temporarily_Excluded_High_Missingness"
"CCDC66",79.1946308724832,50,"Temporarily_Excluded_High_Missingness"
"CCNB2",79.1946308724832,50,"Temporarily_Excluded_High_Missingness"
"CD300LF",79.1946308724832,50,"Temporarily_Excluded_High_Missingness"
"CD320",79.1946308724832,50,"Temporarily_Excluded_High_Missingness"
"CDKN1C",79.1946308724832,50,"Temporarily_Excluded_High_Missingness"
"COX14",79.1946308724832,50,"Temporarily_Excluded_High_Missingness"
"CYP2C18",79.1946308724832,50,"Temporarily_Excluded_High_Missingness"
"EPHA1",79.1946308724832,50,"Temporarily_Excluded_High_Missingness"
"FBXO28",79.1946308724832,50,"Temporarily_Excluded_High_Missingness"
"FOLR3",79.1946308724832,50,"Temporarily_Excluded_High_Missingness"
"GAS1",79.1946308724832,50,"Temporarily_Excluded_High_Missingness"
"GGT6",79.1946308724832,50,"Temporarily_Excluded_High_Missingness"
"HLA.DOA",79.1946308724832,50,"Temporarily_Excluded_High_Missingness"
"IGHV1.45",79.1946308724832,50,"Temporarily_Excluded_High_Missingness"
"IL17RA",79.1946308724832,50,"Temporarily_Excluded_High_Missingness"
"JAM2",79.1946308724832,50,"Temporarily_Excluded_High_Missingness"
"KLHL5",79.1946308724832,50,"Temporarily_Excluded_High_Missingness"
"MAGEA4",79.1946308724832,50,"Temporarily_Excluded_High_Missingness"
"MFHAS1",79.1946308724832,50,"Temporarily_Excluded_High_Missingness"
"MIS18A",79.1946308724832,50,"Temporarily_Excluded_High_Missingness"
"MKNK2",79.1946308724832,50,"Temporarily_Excluded_High_Missingness"
"MT3",79.1946308724832,50,"Temporarily_Excluded_High_Missingness"
"MTERF1",79.1946308724832,50,"Temporarily_Excluded_High_Missingness"
"MTFP1",79.1946308724832,50,"Temporarily_Excluded_High_Missingness"
"NACA2",79.1946308724832,50,"Temporarily_Excluded_High_Missingness"
"NRIP1",79.1946308724832,50,"Temporarily_Excluded_High_Missingness"
"RAD18",79.1946308724832,50,"Temporarily_Excluded_High_Missingness"
"SLC29A3",79.1946308724832,50,"Temporarily_Excluded_High_Missingness"
"SPAG5",79.1946308724832,50,"Temporarily_Excluded_High_Missingness"
"STYX",79.1946308724832,50,"Temporarily_Excluded_High_Missingness"
"TGIF1",79.1946308724832,50,"Temporarily_Excluded_High_Missingness"
"TP63",79.1946308724832,50,"Temporarily_Excluded_High_Missingness"
"TXNDC15",79.1946308724832,50,"Temporarily_Excluded_High_Missingness"
"VPS9D1",79.1946308724832,50,"Temporarily_Excluded_High_Missingness"
"VTCN1",79.1946308724832,50,"Temporarily_Excluded_High_Missingness"
"XPNPEP2",79.1946308724832,50,"Temporarily_Excluded_High_Missingness"
"ABCC11",78.5234899328859,50,"Temporarily_Excluded_High_Missingness"
"AMIGO2",78.5234899328859,50,"Temporarily_Excluded_High_Missingness"
"CDKN2D",78.5234899328859,50,"Temporarily_Excluded_High_Missingness"
"E4F1",78.5234899328859,50,"Temporarily_Excluded_High_Missingness"
"FAM89A",78.5234899328859,50,"Temporarily_Excluded_High_Missingness"
"GATA4",78.5234899328859,50,"Temporarily_Excluded_High_Missingness"
"GLDC",78.5234899328859,50,"Temporarily_Excluded_High_Missingness"
"ID1",78.5234899328859,50,"Temporarily_Excluded_High_Missingness"
"IER2",78.5234899328859,50,"Temporarily_Excluded_High_Missingness"
"IGDCC4",78.5234899328859,50,"Temporarily_Excluded_High_Missingness"
"LIN28A",78.5234899328859,50,"Temporarily_Excluded_High_Missingness"
"MAGEH1",78.5234899328859,50,"Temporarily_Excluded_High_Missingness"
"MDP1",78.5234899328859,50,"Temporarily_Excluded_High_Missingness"
"MORC4",78.5234899328859,50,"Temporarily_Excluded_High_Missingness"
"MYC",78.5234899328859,50,"Temporarily_Excluded_High_Missingness"
"ORMDL2",78.5234899328859,50,"Temporarily_Excluded_High_Missingness"
"PCSK7",78.5234899328859,50,"Temporarily_Excluded_High_Missingness"
"PLP1",78.5234899328859,50,"Temporarily_Excluded_High_Missingness"
"PLPP2",78.5234899328859,50,"Temporarily_Excluded_High_Missingness"
"RGL1",78.5234899328859,50,"Temporarily_Excluded_High_Missingness"
"SH2D2A",78.5234899328859,50,"Temporarily_Excluded_High_Missingness"
"SLC5A3",78.5234899328859,50,"Temporarily_Excluded_High_Missingness"
"SNAI2",78.5234899328859,50,"Temporarily_Excluded_High_Missingness"
"SPATA2L",78.5234899328859,50,"Temporarily_Excluded_High_Missingness"
"SPSB4",78.5234899328859,50,"Temporarily_Excluded_High_Missingness"
"TMEM154",78.5234899328859,50,"Temporarily_Excluded_High_Missingness"
"TOX",78.5234899328859,50,"Temporarily_Excluded_High_Missingness"
"USP43",78.5234899328859,50,"Temporarily_Excluded_High_Missingness"
"WHRN",78.5234899328859,50,"Temporarily_Excluded_High_Missingness"
"ZBTB16",78.5234899328859,50,"Temporarily_Excluded_High_Missingness"
"ZKSCAN4",78.5234899328859,50,"Temporarily_Excluded_High_Missingness"
"ZNF391",78.5234899328859,50,"Temporarily_Excluded_High_Missingness"
"ADGRA3",77.8523489932886,50,"Temporarily_Excluded_High_Missingness"
"ADIPOR1",77.8523489932886,50,"Temporarily_Excluded_High_Missingness"
"APOBEC3A",77.8523489932886,50,"Temporarily_Excluded_High_Missingness"
"ARSJ",77.8523489932886,50,"Temporarily_Excluded_High_Missingness"
"C1QTNF7",77.8523489932886,50,"Temporarily_Excluded_High_Missingness"
"CACHD1",77.8523489932886,50,"Temporarily_Excluded_High_Missingness"
"CALHM6",77.8523489932886,50,"Temporarily_Excluded_High_Missingness"
"CDKN1A",77.8523489932886,50,"Temporarily_Excluded_High_Missingness"
"DPP6",77.8523489932886,50,"Temporarily_Excluded_High_Missingness"
"ELK1",77.8523489932886,50,"Temporarily_Excluded_High_Missingness"
"EXD3",77.8523489932886,50,"Temporarily_Excluded_High_Missingness"
"FBXO42",77.8523489932886,50,"Temporarily_Excluded_High_Missingness"
"FOXF2",77.8523489932886,50,"Temporarily_Excluded_High_Missingness"
"HEXIM2",77.8523489932886,50,"Temporarily_Excluded_High_Missingness"
"KCTD6",77.8523489932886,50,"Temporarily_Excluded_High_Missingness"
"KIF20B",77.8523489932886,50,"Temporarily_Excluded_High_Missingness"
"KIF27",77.8523489932886,50,"Temporarily_Excluded_High_Missingness"
"LINS1",77.8523489932886,50,"Temporarily_Excluded_High_Missingness"
"PANK3",77.8523489932886,50,"Temporarily_Excluded_High_Missingness"
"RHOD",77.8523489932886,50,"Temporarily_Excluded_High_Missingness"
"SEMA5A",77.8523489932886,50,"Temporarily_Excluded_High_Missingness"
"SIT1",77.8523489932886,50,"Temporarily_Excluded_High_Missingness"
"SLC2A10",77.8523489932886,50,"Temporarily_Excluded_High_Missingness"
"SPOCK1",77.8523489932886,50,"Temporarily_Excluded_High_Missingness"
"STRIP2",77.8523489932886,50,"Temporarily_Excluded_High_Missingness"
"WDR53",77.8523489932886,50,"Temporarily_Excluded_High_Missingness"
"ZNF282",77.8523489932886,50,"Temporarily_Excluded_High_Missingness"
"ZNF658",77.8523489932886,50,"Temporarily_Excluded_High_Missingness"
"ZNRD1",77.8523489932886,50,"Temporarily_Excluded_High_Missingness"
"ANKH",77.1812080536913,50,"Temporarily_Excluded_High_Missingness"
"B3GALNT1",77.1812080536913,50,"Temporarily_Excluded_High_Missingness"
"CBFA2T2",77.1812080536913,50,"Temporarily_Excluded_High_Missingness"
"CCNA2",77.1812080536913,50,"Temporarily_Excluded_High_Missingness"
"COX18",77.1812080536913,50,"Temporarily_Excluded_High_Missingness"
"DCAF15",77.1812080536913,50,"Temporarily_Excluded_High_Missingness"
"DTL",77.1812080536913,50,"Temporarily_Excluded_High_Missingness"
"DUSP6",77.1812080536913,50,"Temporarily_Excluded_High_Missingness"
"EVA1C",77.1812080536913,50,"Temporarily_Excluded_High_Missingness"
"GBP7",77.1812080536913,50,"Temporarily_Excluded_High_Missingness"
"GEN1",77.1812080536913,50,"Temporarily_Excluded_High_Missingness"
"GK5",77.1812080536913,50,"Temporarily_Excluded_High_Missingness"
"GPATCH2L",77.1812080536913,50,"Temporarily_Excluded_High_Missingness"
"KLHL20",77.1812080536913,50,"Temporarily_Excluded_High_Missingness"
"KRCC1",77.1812080536913,50,"Temporarily_Excluded_High_Missingness"
"LILRB4",77.1812080536913,50,"Temporarily_Excluded_High_Missingness"
"LRP6",77.1812080536913,50,"Temporarily_Excluded_High_Missingness"
"NDN",77.1812080536913,50,"Temporarily_Excluded_High_Missingness"
"PCMTD2",77.1812080536913,50,"Temporarily_Excluded_High_Missingness"
"PEAR1",77.1812080536913,50,"Temporarily_Excluded_High_Missingness"
"PIK3IP1",77.1812080536913,50,"Temporarily_Excluded_High_Missingness"
"PPP1R15B",77.1812080536913,50,"Temporarily_Excluded_High_Missingness"
"PRICKLE2",77.1812080536913,50,"Temporarily_Excluded_High_Missingness"
"PRSS22",77.1812080536913,50,"Temporarily_Excluded_High_Missingness"
"PSAPL1",77.1812080536913,50,"Temporarily_Excluded_High_Missingness"
"RCAN3",77.1812080536913,50,"Temporarily_Excluded_High_Missingness"
"RECQL4",77.1812080536913,50,"Temporarily_Excluded_High_Missingness"
"SLC15A3",77.1812080536913,50,"Temporarily_Excluded_High_Missingness"
"SLC66A3",77.1812080536913,50,"Temporarily_Excluded_High_Missingness"
"TLE2",77.1812080536913,50,"Temporarily_Excluded_High_Missingness"
"TMC6",77.1812080536913,50,"Temporarily_Excluded_High_Missingness"
"USB1",77.1812080536913,50,"Temporarily_Excluded_High_Missingness"
"ZNF317",77.1812080536913,50,"Temporarily_Excluded_High_Missingness"
"AGO4",76.510067114094,50,"Temporarily_Excluded_High_Missingness"
"B3GNT9",76.510067114094,50,"Temporarily_Excluded_High_Missingness"
"BAHD1",76.510067114094,50,"Temporarily_Excluded_High_Missingness"
"C20orf194",76.510067114094,50,"Temporarily_Excluded_High_Missingness"
"C2orf72",76.510067114094,50,"Temporarily_Excluded_High_Missingness"
"C6orf58",76.510067114094,50,"Temporarily_Excluded_High_Missingness"
"CBX7",76.510067114094,50,"Temporarily_Excluded_High_Missingness"
"CCRL2",76.510067114094,50,"Temporarily_Excluded_High_Missingness"
"CD72",76.510067114094,50,"Temporarily_Excluded_High_Missingness"
"CLSTN2",76.510067114094,50,"Temporarily_Excluded_High_Missingness"
"COQ10A",76.510067114094,50,"Temporarily_Excluded_High_Missingness"
"CSAD",76.510067114094,50,"Temporarily_Excluded_High_Missingness"
"EOMES",76.510067114094,50,"Temporarily_Excluded_High_Missingness"
"EXTL3",76.510067114094,50,"Temporarily_Excluded_High_Missingness"
"FRMD5",76.510067114094,50,"Temporarily_Excluded_High_Missingness"
"GLB1L2",76.510067114094,50,"Temporarily_Excluded_High_Missingness"
"HHEX",76.510067114094,50,"Temporarily_Excluded_High_Missingness"
"MLIP",76.510067114094,50,"Temporarily_Excluded_High_Missingness"
"N4BP2L1",76.510067114094,50,"Temporarily_Excluded_High_Missingness"
"NHLRC1",76.510067114094,50,"Temporarily_Excluded_High_Missingness"
"PCGF2",76.510067114094,50,"Temporarily_Excluded_High_Missingness"
"PRR5L",76.510067114094,50,"Temporarily_Excluded_High_Missingness"
"RAB36",76.510067114094,50,"Temporarily_Excluded_High_Missingness"
"RGL3",76.510067114094,50,"Temporarily_Excluded_High_Missingness"
"SLC35B1",76.510067114094,50,"Temporarily_Excluded_High_Missingness"
"SLC8B1",76.510067114094,50,"Temporarily_Excluded_High_Missingness"
"SMIM8",76.510067114094,50,"Temporarily_Excluded_High_Missingness"
"TMEM127",76.510067114094,50,"Temporarily_Excluded_High_Missingness"
"TMEM254",76.510067114094,50,"Temporarily_Excluded_High_Missingness"
"TSEN2",76.510067114094,50,"Temporarily_Excluded_High_Missingness"
"VWA3B",76.510067114094,50,"Temporarily_Excluded_High_Missingness"
"ZNF689",76.510067114094,50,"Temporarily_Excluded_High_Missingness"
"C1orf53",75.8389261744966,50,"Temporarily_Excluded_High_Missingness"
"CCDC107",75.8389261744966,50,"Temporarily_Excluded_High_Missingness"
"CCL24",75.8389261744966,50,"Temporarily_Excluded_High_Missingness"
"CLCN5",75.8389261744966,50,"Temporarily_Excluded_High_Missingness"
"CRY2",75.8389261744966,50,"Temporarily_Excluded_High_Missingness"
"DUSP27",75.8389261744966,50,"Temporarily_Excluded_High_Missingness"
"DYRK1B",75.8389261744966,50,"Temporarily_Excluded_High_Missingness"
"EGR1",75.8389261744966,50,"Temporarily_Excluded_High_Missingness"
"FBXL4",75.8389261744966,50,"Temporarily_Excluded_High_Missingness"
"GLRX2",75.8389261744966,50,"Temporarily_Excluded_High_Missingness"
"IGLV4.3",75.8389261744966,50,"Temporarily_Excluded_High_Missingness"
"LYPD2",75.8389261744966,50,"Temporarily_Excluded_High_Missingness"
"MARCHF6",75.8389261744966,50,"Temporarily_Excluded_High_Missingness"
"METTL2B",75.8389261744966,50,"Temporarily_Excluded_High_Missingness"
"MPPE1",75.8389261744966,50,"Temporarily_Excluded_High_Missingness"
"NACC2",75.8389261744966,50,"Temporarily_Excluded_High_Missingness"
"RFX7",75.8389261744966,50,"Temporarily_Excluded_High_Missingness"
"SPINDOC",75.8389261744966,50,"Temporarily_Excluded_High_Missingness"
"STAP1",75.8389261744966,50,"Temporarily_Excluded_High_Missingness"
"TMEM106A",75.8389261744966,50,"Temporarily_Excluded_High_Missingness"
"TRAJ61",75.8389261744966,50,"Temporarily_Excluded_High_Missingness"
"TRIM15",75.8389261744966,50,"Temporarily_Excluded_High_Missingness"
"UPK1B",75.8389261744966,50,"Temporarily_Excluded_High_Missingness"
"WDR76",75.8389261744966,50,"Temporarily_Excluded_High_Missingness"
"ZCCHC10",75.8389261744966,50,"Temporarily_Excluded_High_Missingness"
"ZNF568",75.8389261744966,50,"Temporarily_Excluded_High_Missingness"
"AATK",75.1677852348993,50,"Temporarily_Excluded_High_Missingness"
"ACD",75.1677852348993,50,"Temporarily_Excluded_High_Missingness"
"AK5",75.1677852348993,50,"Temporarily_Excluded_High_Missingness"
"ANO8",75.1677852348993,50,"Temporarily_Excluded_High_Missingness"
"ASF1B",75.1677852348993,50,"Temporarily_Excluded_High_Missingness"
"CETP",75.1677852348993,50,"Temporarily_Excluded_High_Missingness"
"CHSY3",75.1677852348993,50,"Temporarily_Excluded_High_Missingness"
"CLEC2B",75.1677852348993,50,"Temporarily_Excluded_High_Missingness"
"CROCC2",75.1677852348993,50,"Temporarily_Excluded_High_Missingness"
"E2F3",75.1677852348993,50,"Temporarily_Excluded_High_Missingness"
"F2RL1",75.1677852348993,50,"Temporarily_Excluded_High_Missingness"
"FAM180B",75.1677852348993,50,"Temporarily_Excluded_High_Missingness"
"FAM219B",75.1677852348993,50,"Temporarily_Excluded_High_Missingness"
"FOPNL",75.1677852348993,50,"Temporarily_Excluded_High_Missingness"
"FSD1",75.1677852348993,50,"Temporarily_Excluded_High_Missingness"
"GRPEL2",75.1677852348993,50,"Temporarily_Excluded_High_Missingness"
"GZMB",75.1677852348993,50,"Temporarily_Excluded_High_Missingness"
"JPH1",75.1677852348993,50,"Temporarily_Excluded_High_Missingness"
"KCNQ1",75.1677852348993,50,"Temporarily_Excluded_High_Missingness"
"KLHL13",75.1677852348993,50,"Temporarily_Excluded_High_Missingness"
"LHFPL6",75.1677852348993,50,"Temporarily_Excluded_High_Missingness"
"LRP5",75.1677852348993,50,"Temporarily_Excluded_High_Missingness"
"MAFK",75.1677852348993,50,"Temporarily_Excluded_High_Missingness"
"MBTD1",75.1677852348993,50,"Temporarily_Excluded_High_Missingness"
"MFSD4B",75.1677852348993,50,"Temporarily_Excluded_High_Missingness"
"MRM2",75.1677852348993,50,"Temporarily_Excluded_High_Missingness"
"MT.CO1",75.1677852348993,50,"Temporarily_Excluded_High_Missingness"
"MTF2",75.1677852348993,50,"Temporarily_Excluded_High_Missingness"
"MTRF1L",75.1677852348993,50,"Temporarily_Excluded_High_Missingness"
"MYL3",75.1677852348993,50,"Temporarily_Excluded_High_Missingness"
"PCOLCE2",75.1677852348993,50,"Temporarily_Excluded_High_Missingness"
"PLEKHN1",75.1677852348993,50,"Temporarily_Excluded_High_Missingness"
"POLL",75.1677852348993,50,"Temporarily_Excluded_High_Missingness"
"PRICKLE1",75.1677852348993,50,"Temporarily_Excluded_High_Missingness"
"PRR5",75.1677852348993,50,"Temporarily_Excluded_High_Missingness"
"PUSL1",75.1677852348993,50,"Temporarily_Excluded_High_Missingness"
"RBBP8NL",75.1677852348993,50,"Temporarily_Excluded_High_Missingness"
"RHOBTB3",75.1677852348993,50,"Temporarily_Excluded_High_Missingness"
"RNFT1",75.1677852348993,50,"Temporarily_Excluded_High_Missingness"
"SAC3D1",75.1677852348993,50,"Temporarily_Excluded_High_Missingness"
"SMURF1",75.1677852348993,50,"Temporarily_Excluded_High_Missingness"
"SNAPC5",75.1677852348993,50,"Temporarily_Excluded_High_Missingness"
"STAB2",75.1677852348993,50,"Temporarily_Excluded_High_Missingness"
"SYT1",75.1677852348993,50,"Temporarily_Excluded_High_Missingness"
"TENM2",75.1677852348993,50,"Temporarily_Excluded_High_Missingness"
"TIPIN",75.1677852348993,50,"Temporarily_Excluded_High_Missingness"
"ADAM12",74.496644295302,50,"Temporarily_Excluded_High_Missingness"
"BSN",74.496644295302,50,"Temporarily_Excluded_High_Missingness"
"CDK19",74.496644295302,50,"Temporarily_Excluded_High_Missingness"
"CPA4",74.496644295302,50,"Temporarily_Excluded_High_Missingness"
"CPLX1",74.496644295302,50,"Temporarily_Excluded_High_Missingness"
"DBP",74.496644295302,50,"Temporarily_Excluded_High_Missingness"
"DMPK",74.496644295302,50,"Temporarily_Excluded_High_Missingness"
"HMGXB3",74.496644295302,50,"Temporarily_Excluded_High_Missingness"
"KCNK1",74.496644295302,50,"Temporarily_Excluded_High_Missingness"
"LCA5",74.496644295302,50,"Temporarily_Excluded_High_Missingness"
"LYPD6B",74.496644295302,50,"Temporarily_Excluded_High_Missingness"
"MEP1B",74.496644295302,50,"Temporarily_Excluded_High_Missingness"
"MIGA2",74.496644295302,50,"Temporarily_Excluded_High_Missingness"
"MMACHC",74.496644295302,50,"Temporarily_Excluded_High_Missingness"
"NEIL1",74.496644295302,50,"Temporarily_Excluded_High_Missingness"
"NOXA1",74.496644295302,50,"Temporarily_Excluded_High_Missingness"
"PIAS3",74.496644295302,50,"Temporarily_Excluded_High_Missingness"
"POMT2",74.496644295302,50,"Temporarily_Excluded_High_Missingness"
"RESF1",74.496644295302,50,"Temporarily_Excluded_High_Missingness"
"RUSC2",74.496644295302,50,"Temporarily_Excluded_High_Missingness"
"SLC29A1",74.496644295302,50,"Temporarily_Excluded_High_Missingness"
"TCEAL8",74.496644295302,50,"Temporarily_Excluded_High_Missingness"
"TMEM131L",74.496644295302,50,"Temporarily_Excluded_High_Missingness"
"TNFSF13B",74.496644295302,50,"Temporarily_Excluded_High_Missingness"
"TRAK2",74.496644295302,50,"Temporarily_Excluded_High_Missingness"
"TYSND1",74.496644295302,50,"Temporarily_Excluded_High_Missingness"
"VSTM2L",74.496644295302,50,"Temporarily_Excluded_High_Missingness"
"WDCP",74.496644295302,50,"Temporarily_Excluded_High_Missingness"
"ZBTB12",74.496644295302,50,"Temporarily_Excluded_High_Missingness"
"ZNF845",74.496644295302,50,"Temporarily_Excluded_High_Missingness"
"ABCC2",73.8255033557047,50,"Temporarily_Excluded_High_Missingness"
"ADCK2",73.8255033557047,50,"Temporarily_Excluded_High_Missingness"
"ADHFE1",73.8255033557047,50,"Temporarily_Excluded_High_Missingness"
"ALPG",73.8255033557047,50,"Temporarily_Excluded_High_Missingness"
"AURKA",73.8255033557047,50,"Temporarily_Excluded_High_Missingness"
"BMPR2",73.8255033557047,50,"Temporarily_Excluded_High_Missingness"
"BRCA1",73.8255033557047,50,"Temporarily_Excluded_High_Missingness"
"C17orf100",73.8255033557047,50,"Temporarily_Excluded_High_Missingness"
"CHRDL2",73.8255033557047,50,"Temporarily_Excluded_High_Missingness"
"COL6A5",73.8255033557047,50,"Temporarily_Excluded_High_Missingness"
"CUX2",73.8255033557047,50,"Temporarily_Excluded_High_Missingness"
"CYB5A",73.8255033557047,50,"Temporarily_Excluded_High_Missingness"
"DEAF1",73.8255033557047,50,"Temporarily_Excluded_High_Missingness"
"ELOVL7",73.8255033557047,50,"Temporarily_Excluded_High_Missingness"
"FBXL19",73.8255033557047,50,"Temporarily_Excluded_High_Missingness"
"GAPDHS",73.8255033557047,50,"Temporarily_Excluded_High_Missingness"
"GTSE1",73.8255033557047,50,"Temporarily_Excluded_High_Missingness"
"HBM",73.8255033557047,50,"Temporarily_Excluded_High_Missingness"
"HHIPL1",73.8255033557047,50,"Temporarily_Excluded_High_Missingness"
"HIPK2",73.8255033557047,50,"Temporarily_Excluded_High_Missingness"
"JSRP1",73.8255033557047,50,"Temporarily_Excluded_High_Missingness"
"KIF14",73.8255033557047,50,"Temporarily_Excluded_High_Missingness"
"KLK8",73.8255033557047,50,"Temporarily_Excluded_High_Missingness"
"KMO",73.8255033557047,50,"Temporarily_Excluded_High_Missingness"
"MDGA1",73.8255033557047,50,"Temporarily_Excluded_High_Missingness"
"NAA11",73.8255033557047,50,"Temporarily_Excluded_High_Missingness"
"NIPAL2",73.8255033557047,50,"Temporarily_Excluded_High_Missingness"
"NUS1",73.8255033557047,50,"Temporarily_Excluded_High_Missingness"
"ORAI1",73.8255033557047,50,"Temporarily_Excluded_High_Missingness"
"PCGF6",73.8255033557047,50,"Temporarily_Excluded_High_Missingness"
"PODNL1",73.8255033557047,50,"Temporarily_Excluded_High_Missingness"
"RETREG1",73.8255033557047,50,"Temporarily_Excluded_High_Missingness"
"RFESD",73.8255033557047,50,"Temporarily_Excluded_High_Missingness"
"RIPOR2",73.8255033557047,50,"Temporarily_Excluded_High_Missingness"
"RPGRIP1L",73.8255033557047,50,"Temporarily_Excluded_High_Missingness"
"SNAPC3",73.8255033557047,50,"Temporarily_Excluded_High_Missingness"
"TCTN3",73.8255033557047,50,"Temporarily_Excluded_High_Missingness"
"TFPI2",73.8255033557047,50,"Temporarily_Excluded_High_Missingness"
"TMEM9",73.8255033557047,50,"Temporarily_Excluded_High_Missingness"
"TSNARE1",73.8255033557047,50,"Temporarily_Excluded_High_Missingness"
"TTC31",73.8255033557047,50,"Temporarily_Excluded_High_Missingness"
"ULK1",73.8255033557047,50,"Temporarily_Excluded_High_Missingness"
"ZNF280D",73.8255033557047,50,"Temporarily_Excluded_High_Missingness"
"ZNF865",73.8255033557047,50,"Temporarily_Excluded_High_Missingness"
"AGGF1",73.1543624161074,50,"Temporarily_Excluded_High_Missingness"
"CHAD",73.1543624161074,50,"Temporarily_Excluded_High_Missingness"
"CKAP2L",73.1543624161074,50,"Temporarily_Excluded_High_Missingness"
"COLEC10",73.1543624161074,50,"Temporarily_Excluded_High_Missingness"
"CXCL13",73.1543624161074,50,"Temporarily_Excluded_High_Missingness"
"DPYSL5",73.1543624161074,50,"Temporarily_Excluded_High_Missingness"
"FAM110C",73.1543624161074,50,"Temporarily_Excluded_High_Missingness"
"FAM111B",73.1543624161074,50,"Temporarily_Excluded_High_Missingness"
"FAM83F",73.1543624161074,50,"Temporarily_Excluded_High_Missingness"
"FAN1",73.1543624161074,50,"Temporarily_Excluded_High_Missingness"
"FBXL3",73.1543624161074,50,"Temporarily_Excluded_High_Missingness"
"GPC3",73.1543624161074,50,"Temporarily_Excluded_High_Missingness"
"GTSF1",73.1543624161074,50,"Temporarily_Excluded_High_Missingness"
"IYD",73.1543624161074,50,"Temporarily_Excluded_High_Missingness"
"KERA",73.1543624161074,50,"Temporarily_Excluded_High_Missingness"
"KLHDC8B",73.1543624161074,50,"Temporarily_Excluded_High_Missingness"
"LAPTM5",73.1543624161074,50,"Temporarily_Excluded_High_Missingness"
"LRIG3",73.1543624161074,50,"Temporarily_Excluded_High_Missingness"
"MEGF9",73.1543624161074,50,"Temporarily_Excluded_High_Missingness"
"MELK",73.1543624161074,50,"Temporarily_Excluded_High_Missingness"
"MEX3D",73.1543624161074,50,"Temporarily_Excluded_High_Missingness"
"MR1",73.1543624161074,50,"Temporarily_Excluded_High_Missingness"
"MTF1",73.1543624161074,50,"Temporarily_Excluded_High_Missingness"
"MYOC",73.1543624161074,50,"Temporarily_Excluded_High_Missingness"
"NCAPH2",73.1543624161074,50,"Temporarily_Excluded_High_Missingness"
"NLRC3",73.1543624161074,50,"Temporarily_Excluded_High_Missingness"
"PARP8",73.1543624161074,50,"Temporarily_Excluded_High_Missingness"
"PDE1C",73.1543624161074,50,"Temporarily_Excluded_High_Missingness"
"PITPNM2",73.1543624161074,50,"Temporarily_Excluded_High_Missingness"
"POLQ",73.1543624161074,50,"Temporarily_Excluded_High_Missingness"
"PPP1R14D",73.1543624161074,50,"Temporarily_Excluded_High_Missingness"
"PTPRB",73.1543624161074,50,"Temporarily_Excluded_High_Missingness"
"RBPMS2",73.1543624161074,50,"Temporarily_Excluded_High_Missingness"
"RFX2",73.1543624161074,50,"Temporarily_Excluded_High_Missingness"
"RYR3",73.1543624161074,50,"Temporarily_Excluded_High_Missingness"
"SLC12A8",73.1543624161074,50,"Temporarily_Excluded_High_Missingness"
"SLC6A6",73.1543624161074,50,"Temporarily_Excluded_High_Missingness"
"SYCE1",73.1543624161074,50,"Temporarily_Excluded_High_Missingness"
"TAF1C",73.1543624161074,50,"Temporarily_Excluded_High_Missingness"
"AKAP5",72.4832214765101,50,"Temporarily_Excluded_High_Missingness"
"AKR1C4",72.4832214765101,50,"Temporarily_Excluded_High_Missingness"
"APOL6",72.4832214765101,50,"Temporarily_Excluded_High_Missingness"
"ATAD5",72.4832214765101,50,"Temporarily_Excluded_High_Missingness"
"C3orf52",72.4832214765101,50,"Temporarily_Excluded_High_Missingness"
"CD27",72.4832214765101,50,"Temporarily_Excluded_High_Missingness"
"CDCA2",72.4832214765101,50,"Temporarily_Excluded_High_Missingness"
"CEND1",72.4832214765101,50,"Temporarily_Excluded_High_Missingness"
"CFAP61",72.4832214765101,50,"Temporarily_Excluded_High_Missingness"
"CXCL10",72.4832214765101,50,"Temporarily_Excluded_High_Missingness"
"DIAPH3",72.4832214765101,50,"Temporarily_Excluded_High_Missingness"
"DXO",72.4832214765101,50,"Temporarily_Excluded_High_Missingness"
"F8",72.4832214765101,50,"Temporarily_Excluded_High_Missingness"
"FAAP100",72.4832214765101,50,"Temporarily_Excluded_High_Missingness"
"FANCD2",72.4832214765101,50,"Temporarily_Excluded_High_Missingness"
"GBA3",72.4832214765101,50,"Temporarily_Excluded_High_Missingness"
"GKAP1",72.4832214765101,50,"Temporarily_Excluded_High_Missingness"
"GRB14",72.4832214765101,50,"Temporarily_Excluded_High_Missingness"
"HDAC11",72.4832214765101,50,"Temporarily_Excluded_High_Missingness"
"HROB",72.4832214765101,50,"Temporarily_Excluded_High_Missingness"
"KCP",72.4832214765101,50,"Temporarily_Excluded_High_Missingness"
"MAPK10",72.4832214765101,50,"Temporarily_Excluded_High_Missingness"
"PADI3",72.4832214765101,50,"Temporarily_Excluded_High_Missingness"
"PATZ1",72.4832214765101,50,"Temporarily_Excluded_High_Missingness"
"PCDH12",72.4832214765101,50,"Temporarily_Excluded_High_Missingness"
"PDE7A",72.4832214765101,50,"Temporarily_Excluded_High_Missingness"
"PEAK3",72.4832214765101,50,"Temporarily_Excluded_High_Missingness"
"PHLPP1",72.4832214765101,50,"Temporarily_Excluded_High_Missingness"
"POLR2F",72.4832214765101,50,"Temporarily_Excluded_High_Missingness"
"POU2F2",72.4832214765101,50,"Temporarily_Excluded_High_Missingness"
"PTPRCAP",72.4832214765101,50,"Temporarily_Excluded_High_Missingness"
"RHOH",72.4832214765101,50,"Temporarily_Excluded_High_Missingness"
"RNF6",72.4832214765101,50,"Temporarily_Excluded_High_Missingness"
"SLC25A29",72.4832214765101,50,"Temporarily_Excluded_High_Missingness"
"SPDL1",72.4832214765101,50,"Temporarily_Excluded_High_Missingness"
"SPRTN",72.4832214765101,50,"Temporarily_Excluded_High_Missingness"
"SPRY1",72.4832214765101,50,"Temporarily_Excluded_High_Missingness"
"SUMO4",72.4832214765101,50,"Temporarily_Excluded_High_Missingness"
"TCF7",72.4832214765101,50,"Temporarily_Excluded_High_Missingness"
"TMEM38B",72.4832214765101,50,"Temporarily_Excluded_High_Missingness"
"TRPC4AP",72.4832214765101,50,"Temporarily_Excluded_High_Missingness"
"ZBTB24",72.4832214765101,50,"Temporarily_Excluded_High_Missingness"
"ACBD7",71.8120805369127,50,"Temporarily_Excluded_High_Missingness"
"B3GALNT2",71.8120805369127,50,"Temporarily_Excluded_High_Missingness"
"BARD1",71.8120805369127,50,"Temporarily_Excluded_High_Missingness"
"CCDC57",71.8120805369127,50,"Temporarily_Excluded_High_Missingness"
"CCL16",71.8120805369127,50,"Temporarily_Excluded_High_Missingness"
"CD7",71.8120805369127,50,"Temporarily_Excluded_High_Missingness"
"CDK10",71.8120805369127,50,"Temporarily_Excluded_High_Missingness"
"CHPT1",71.8120805369127,50,"Temporarily_Excluded_High_Missingness"
"COL21A1",71.8120805369127,50,"Temporarily_Excluded_High_Missingness"
"DUSP14",71.8120805369127,50,"Temporarily_Excluded_High_Missingness"
"DUSP16",71.8120805369127,50,"Temporarily_Excluded_High_Missingness"
"ENPP6",71.8120805369127,50,"Temporarily_Excluded_High_Missingness"
"FAM104A",71.8120805369127,50,"Temporarily_Excluded_High_Missingness"
"GXYLT2",71.8120805369127,50,"Temporarily_Excluded_High_Missingness"
"IFI6",71.8120805369127,50,"Temporarily_Excluded_High_Missingness"
"IGHV3.20",71.8120805369127,50,"Temporarily_Excluded_High_Missingness"
"IGHV7.4.1",71.8120805369127,50,"Temporarily_Excluded_High_Missingness"
"KCTD1",71.8120805369127,50,"Temporarily_Excluded_High_Missingness"
"KLHL24",71.8120805369127,50,"Temporarily_Excluded_High_Missingness"
"L3MBTL2",71.8120805369127,50,"Temporarily_Excluded_High_Missingness"
"MAGI2",71.8120805369127,50,"Temporarily_Excluded_High_Missingness"
"PGAM4",71.8120805369127,50,"Temporarily_Excluded_High_Missingness"
"POC1B",71.8120805369127,50,"Temporarily_Excluded_High_Missingness"
"RAPGEF5",71.8120805369127,50,"Temporarily_Excluded_High_Missingness"
"SATB1",71.8120805369127,50,"Temporarily_Excluded_High_Missingness"
"SFMBT1",71.8120805369127,50,"Temporarily_Excluded_High_Missingness"
"SLCO4A1",71.8120805369127,50,"Temporarily_Excluded_High_Missingness"
"SPHK2",71.8120805369127,50,"Temporarily_Excluded_High_Missingness"
"TMEM219",71.8120805369127,50,"Temporarily_Excluded_High_Missingness"
"TREM1",71.8120805369127,50,"Temporarily_Excluded_High_Missingness"
"TUBE1",71.8120805369127,50,"Temporarily_Excluded_High_Missingness"
"ZBTB38",71.8120805369127,50,"Temporarily_Excluded_High_Missingness"
"ZBTB43",71.8120805369127,50,"Temporarily_Excluded_High_Missingness"
"ZBTB48",71.8120805369127,50,"Temporarily_Excluded_High_Missingness"
"ACOT6",71.1409395973154,50,"Temporarily_Excluded_High_Missingness"
"ADGRG3",71.1409395973154,50,"Temporarily_Excluded_High_Missingness"
"APLP1",71.1409395973154,50,"Temporarily_Excluded_High_Missingness"
"BMERB1",71.1409395973154,50,"Temporarily_Excluded_High_Missingness"
"CALML5",71.1409395973154,50,"Temporarily_Excluded_High_Missingness"
"CCDC71",71.1409395973154,50,"Temporarily_Excluded_High_Missingness"
"FGD1",71.1409395973154,50,"Temporarily_Excluded_High_Missingness"
"GLOD5",71.1409395973154,50,"Temporarily_Excluded_High_Missingness"
"GPM6B",71.1409395973154,50,"Temporarily_Excluded_High_Missingness"
"ICAM5",71.1409395973154,50,"Temporarily_Excluded_High_Missingness"
"IFFO2",71.1409395973154,50,"Temporarily_Excluded_High_Missingness"
"IGKV1D.16",71.1409395973154,50,"Temporarily_Excluded_High_Missingness"
"MDM4",71.1409395973154,50,"Temporarily_Excluded_High_Missingness"
"NEMP1",71.1409395973154,50,"Temporarily_Excluded_High_Missingness"
"PDE4A",71.1409395973154,50,"Temporarily_Excluded_High_Missingness"
"PEX10",71.1409395973154,50,"Temporarily_Excluded_High_Missingness"
"PMEPA1",71.1409395973154,50,"Temporarily_Excluded_High_Missingness"
"SHISA5",71.1409395973154,50,"Temporarily_Excluded_High_Missingness"
"SINHCAF",71.1409395973154,50,"Temporarily_Excluded_High_Missingness"
"SOWAHB",71.1409395973154,50,"Temporarily_Excluded_High_Missingness"
"SREBF1",71.1409395973154,50,"Temporarily_Excluded_High_Missingness"
"TEF",71.1409395973154,50,"Temporarily_Excluded_High_Missingness"
"TPGS2",71.1409395973154,50,"Temporarily_Excluded_High_Missingness"
"TRIQK",71.1409395973154,50,"Temporarily_Excluded_High_Missingness"
"ZNF277",71.1409395973154,50,"Temporarily_Excluded_High_Missingness"
"ZNF358",71.1409395973154,50,"Temporarily_Excluded_High_Missingness"
"ACVRL1",70.4697986577181,50,"Temporarily_Excluded_High_Missingness"
"AFAP1L1",70.4697986577181,50,"Temporarily_Excluded_High_Missingness"
"ARMCX5",70.4697986577181,50,"Temporarily_Excluded_High_Missingness"
"C1orf21",70.4697986577181,50,"Temporarily_Excluded_High_Missingness"
"CCDC68",70.4697986577181,50,"Temporarily_Excluded_High_Missingness"
"EFNA1",70.4697986577181,50,"Temporarily_Excluded_High_Missingness"
"ESCO1",70.4697986577181,50,"Temporarily_Excluded_High_Missingness"
"GINS4",70.4697986577181,50,"Temporarily_Excluded_High_Missingness"
"H3Y2",70.4697986577181,50,"Temporarily_Excluded_High_Missingness"
"IGKV2D.30",70.4697986577181,50,"Temporarily_Excluded_High_Missingness"
"IGLV5.48",70.4697986577181,50,"Temporarily_Excluded_High_Missingness"
"IL1RL2",70.4697986577181,50,"Temporarily_Excluded_High_Missingness"
"KIF22",70.4697986577181,50,"Temporarily_Excluded_High_Missingness"
"MAPK12",70.4697986577181,50,"Temporarily_Excluded_High_Missingness"
"MBD6",70.4697986577181,50,"Temporarily_Excluded_High_Missingness"
"PCDH18",70.4697986577181,50,"Temporarily_Excluded_High_Missingness"
"PDCD7",70.4697986577181,50,"Temporarily_Excluded_High_Missingness"
"PIGA",70.4697986577181,50,"Temporarily_Excluded_High_Missingness"
"PIGQ",70.4697986577181,50,"Temporarily_Excluded_High_Missingness"
"PPP1R3B",70.4697986577181,50,"Temporarily_Excluded_High_Missingness"
"RAB11A",70.4697986577181,50,"Temporarily_Excluded_High_Missingness"
"SBSN",70.4697986577181,50,"Temporarily_Excluded_High_Missingness"
"SENP3",70.4697986577181,50,"Temporarily_Excluded_High_Missingness"
"SHE",70.4697986577181,50,"Temporarily_Excluded_High_Missingness"
"SLC1A2",70.4697986577181,50,"Temporarily_Excluded_High_Missingness"
"SNPH",70.4697986577181,50,"Temporarily_Excluded_High_Missingness"
"TBP",70.4697986577181,50,"Temporarily_Excluded_High_Missingness"
"TMTC4",70.4697986577181,50,"Temporarily_Excluded_High_Missingness"
"TRUB2",70.4697986577181,50,"Temporarily_Excluded_High_Missingness"
"TWNK",70.4697986577181,50,"Temporarily_Excluded_High_Missingness"
"ZFP3",70.4697986577181,50,"Temporarily_Excluded_High_Missingness"
"ZNF410",70.4697986577181,50,"Temporarily_Excluded_High_Missingness"
"ABCG2",69.7986577181208,50,"Temporarily_Excluded_High_Missingness"
"ARL5A",69.7986577181208,50,"Temporarily_Excluded_High_Missingness"
"ARX",69.7986577181208,50,"Temporarily_Excluded_High_Missingness"
"CCND1",69.7986577181208,50,"Temporarily_Excluded_High_Missingness"
"FABP12",69.7986577181208,50,"Temporarily_Excluded_High_Missingness"
"FADS1",69.7986577181208,50,"Temporarily_Excluded_High_Missingness"
"FCRL5",69.7986577181208,50,"Temporarily_Excluded_High_Missingness"
"FICD",69.7986577181208,50,"Temporarily_Excluded_High_Missingness"
"FTCD",69.7986577181208,50,"Temporarily_Excluded_High_Missingness"
"FZD7",69.7986577181208,50,"Temporarily_Excluded_High_Missingness"
"GAST",69.7986577181208,50,"Temporarily_Excluded_High_Missingness"
"GMNN",69.7986577181208,50,"Temporarily_Excluded_High_Missingness"
"GUCY2C",69.7986577181208,50,"Temporarily_Excluded_High_Missingness"
"IGLJ6",69.7986577181208,50,"Temporarily_Excluded_High_Missingness"
"KIAA0753",69.7986577181208,50,"Temporarily_Excluded_High_Missingness"
"MYL1",69.7986577181208,50,"Temporarily_Excluded_High_Missingness"
"RIPK4",69.7986577181208,50,"Temporarily_Excluded_High_Missingness"
"SKA3",69.7986577181208,50,"Temporarily_Excluded_High_Missingness"
"SLC43A3",69.7986577181208,50,"Temporarily_Excluded_High_Missingness"
"SNAPC4",69.7986577181208,50,"Temporarily_Excluded_High_Missingness"
"TAF9",69.7986577181208,50,"Temporarily_Excluded_High_Missingness"
"TAF9B",69.7986577181208,50,"Temporarily_Excluded_High_Missingness"
"TSHZ1",69.7986577181208,50,"Temporarily_Excluded_High_Missingness"
"WDR25",69.7986577181208,50,"Temporarily_Excluded_High_Missingness"
"WDR62",69.7986577181208,50,"Temporarily_Excluded_High_Missingness"
"ACBD4",69.1275167785235,50,"Temporarily_Excluded_High_Missingness"
"ACTG2",69.1275167785235,50,"Temporarily_Excluded_High_Missingness"
"AP1AR",69.1275167785235,50,"Temporarily_Excluded_High_Missingness"
"ARHGEF26",69.1275167785235,50,"Temporarily_Excluded_High_Missingness"
"B9D2",69.1275167785235,50,"Temporarily_Excluded_High_Missingness"
"CASP8AP2",69.1275167785235,50,"Temporarily_Excluded_High_Missingness"
"CCNDBP1",69.1275167785235,50,"Temporarily_Excluded_High_Missingness"
"COQ4",69.1275167785235,50,"Temporarily_Excluded_High_Missingness"
"CPEB2",69.1275167785235,50,"Temporarily_Excluded_High_Missingness"
"CSGALNACT1",69.1275167785235,50,"Temporarily_Excluded_High_Missingness"
"CXCL16",69.1275167785235,50,"Temporarily_Excluded_High_Missingness"
"CYP3A4",69.1275167785235,50,"Temporarily_Excluded_High_Missingness"
"DOLPP1",69.1275167785235,50,"Temporarily_Excluded_High_Missingness"
"GFRA3",69.1275167785235,50,"Temporarily_Excluded_High_Missingness"
"GSTM1",69.1275167785235,50,"Temporarily_Excluded_High_Missingness"
"HMGCR",69.1275167785235,50,"Temporarily_Excluded_High_Missingness"
"HSD17B14",69.1275167785235,50,"Temporarily_Excluded_High_Missingness"
"IGSF3",69.1275167785235,50,"Temporarily_Excluded_High_Missingness"
"LNX2",69.1275167785235,50,"Temporarily_Excluded_High_Missingness"
"PLEKHH3",69.1275167785235,50,"Temporarily_Excluded_High_Missingness"
"POLA2",69.1275167785235,50,"Temporarily_Excluded_High_Missingness"
"RAB7B",69.1275167785235,50,"Temporarily_Excluded_High_Missingness"
"SAMD12",69.1275167785235,50,"Temporarily_Excluded_High_Missingness"
"SCAP",69.1275167785235,50,"Temporarily_Excluded_High_Missingness"
"SNAPC2",69.1275167785235,50,"Temporarily_Excluded_High_Missingness"
"SPATA2",69.1275167785235,50,"Temporarily_Excluded_High_Missingness"
"TBX2",69.1275167785235,50,"Temporarily_Excluded_High_Missingness"
"TMEM176B",69.1275167785235,50,"Temporarily_Excluded_High_Missingness"
"TRAF3IP2",69.1275167785235,50,"Temporarily_Excluded_High_Missingness"
"UBE2S",69.1275167785235,50,"Temporarily_Excluded_High_Missingness"
"ZMYM1",69.1275167785235,50,"Temporarily_Excluded_High_Missingness"
"ZNF146",69.1275167785235,50,"Temporarily_Excluded_High_Missingness"
"ADCK5",68.4563758389262,50,"Temporarily_Excluded_High_Missingness"
"APPBP2",68.4563758389262,50,"Temporarily_Excluded_High_Missingness"
"B4GALT5",68.4563758389262,50,"Temporarily_Excluded_High_Missingness"
"BRWD3",68.4563758389262,50,"Temporarily_Excluded_High_Missingness"
"C16orf86",68.4563758389262,50,"Temporarily_Excluded_High_Missingness"
"DOT1L",68.4563758389262,50,"Temporarily_Excluded_High_Missingness"
"DPY19L3",68.4563758389262,50,"Temporarily_Excluded_High_Missingness"
"F2R",68.4563758389262,50,"Temporarily_Excluded_High_Missingness"
"FLG",68.4563758389262,50,"Temporarily_Excluded_High_Missingness"
"FOXC1",68.4563758389262,50,"Temporarily_Excluded_High_Missingness"
"FSTL3",68.4563758389262,50,"Temporarily_Excluded_High_Missingness"
"HTD2",68.4563758389262,50,"Temporarily_Excluded_High_Missingness"
"IFI27L2",68.4563758389262,50,"Temporarily_Excluded_High_Missingness"
"IRF1",68.4563758389262,50,"Temporarily_Excluded_High_Missingness"
"MMP24OS",68.4563758389262,50,"Temporarily_Excluded_High_Missingness"
"MPND",68.4563758389262,50,"Temporarily_Excluded_High_Missingness"
"MSL2",68.4563758389262,50,"Temporarily_Excluded_High_Missingness"
"NRK",68.4563758389262,50,"Temporarily_Excluded_High_Missingness"
"P4HA3",68.4563758389262,50,"Temporarily_Excluded_High_Missingness"
"PROX1",68.4563758389262,50,"Temporarily_Excluded_High_Missingness"
"ROBO2",68.4563758389262,50,"Temporarily_Excluded_High_Missingness"
"SLC25A36",68.4563758389262,50,"Temporarily_Excluded_High_Missingness"
"SPATA18",68.4563758389262,50,"Temporarily_Excluded_High_Missingness"
"WEE1",68.4563758389262,50,"Temporarily_Excluded_High_Missingness"
"YIF1B",68.4563758389262,50,"Temporarily_Excluded_High_Missingness"
"ZBP1",68.4563758389262,50,"Temporarily_Excluded_High_Missingness"
"ZBTB17",68.4563758389262,50,"Temporarily_Excluded_High_Missingness"
"ZFHX4",68.4563758389262,50,"Temporarily_Excluded_High_Missingness"
"ZNF407",68.4563758389262,50,"Temporarily_Excluded_High_Missingness"
"AMER1",67.7852348993289,50,"Temporarily_Excluded_High_Missingness"
"BTN2A1",67.7852348993289,50,"Temporarily_Excluded_High_Missingness"
"CCDC130",67.7852348993289,50,"Temporarily_Excluded_High_Missingness"
"CCDC170",67.7852348993289,50,"Temporarily_Excluded_High_Missingness"
"CEP89",67.7852348993289,50,"Temporarily_Excluded_High_Missingness"
"CLDN23",67.7852348993289,50,"Temporarily_Excluded_High_Missingness"
"EEF1AKMT2",67.7852348993289,50,"Temporarily_Excluded_High_Missingness"
"ELOVL5",67.7852348993289,50,"Temporarily_Excluded_High_Missingness"
"EMC6",67.7852348993289,50,"Temporarily_Excluded_High_Missingness"
"EPHB6",67.7852348993289,50,"Temporarily_Excluded_High_Missingness"
"FUOM",67.7852348993289,50,"Temporarily_Excluded_High_Missingness"
"GABPB2",67.7852348993289,50,"Temporarily_Excluded_High_Missingness"
"HSPA6",67.7852348993289,50,"Temporarily_Excluded_High_Missingness"
"MACIR",67.7852348993289,50,"Temporarily_Excluded_High_Missingness"
"NPHP4",67.7852348993289,50,"Temporarily_Excluded_High_Missingness"
"OTUD5",67.7852348993289,50,"Temporarily_Excluded_High_Missingness"
"PLA2G4C",67.7852348993289,50,"Temporarily_Excluded_High_Missingness"
"POLE2",67.7852348993289,50,"Temporarily_Excluded_High_Missingness"
"SP140",67.7852348993289,50,"Temporarily_Excluded_High_Missingness"
"TMEM243",67.7852348993289,50,"Temporarily_Excluded_High_Missingness"
"USP35",67.7852348993289,50,"Temporarily_Excluded_High_Missingness"
"USP42",67.7852348993289,50,"Temporarily_Excluded_High_Missingness"
"ZBED8",67.7852348993289,50,"Temporarily_Excluded_High_Missingness"
"BNIP3L",67.1140939597315,50,"Temporarily_Excluded_High_Missingness"
"BNIP5",67.1140939597315,50,"Temporarily_Excluded_High_Missingness"
"EGFL7",67.1140939597315,50,"Temporarily_Excluded_High_Missingness"
"FNIP1",67.1140939597315,50,"Temporarily_Excluded_High_Missingness"
"GFOD1",67.1140939597315,50,"Temporarily_Excluded_High_Missingness"
"HNF4G",67.1140939597315,50,"Temporarily_Excluded_High_Missingness"
"KCTD20",67.1140939597315,50,"Temporarily_Excluded_High_Missingness"
"NDNF",67.1140939597315,50,"Temporarily_Excluded_High_Missingness"
"NLRP6",67.1140939597315,50,"Temporarily_Excluded_High_Missingness"
"NUDT11",67.1140939597315,50,"Temporarily_Excluded_High_Missingness"
"PLA2G6",67.1140939597315,50,"Temporarily_Excluded_High_Missingness"
"PLXDC1",67.1140939597315,50,"Temporarily_Excluded_High_Missingness"
"PRX",67.1140939597315,50,"Temporarily_Excluded_High_Missingness"
"SLC25A32",67.1140939597315,50,"Temporarily_Excluded_High_Missingness"
"TOGARAM1",67.1140939597315,50,"Temporarily_Excluded_High_Missingness"
"TRAK1",67.1140939597315,50,"Temporarily_Excluded_High_Missingness"
"TUB",67.1140939597315,50,"Temporarily_Excluded_High_Missingness"
"UBOX5",67.1140939597315,50,"Temporarily_Excluded_High_Missingness"
"ZBED5",67.1140939597315,50,"Temporarily_Excluded_High_Missingness"
"ZDHHC2",67.1140939597315,50,"Temporarily_Excluded_High_Missingness"
"ZNF623",67.1140939597315,50,"Temporarily_Excluded_High_Missingness"
"ZRSR2",67.1140939597315,50,"Temporarily_Excluded_High_Missingness"
"ADAMTS1",66.4429530201342,50,"Temporarily_Excluded_High_Missingness"
"ADGRF1",66.4429530201342,50,"Temporarily_Excluded_High_Missingness"
"CCDC69",66.4429530201342,50,"Temporarily_Excluded_High_Missingness"
"CCNB1",66.4429530201342,50,"Temporarily_Excluded_High_Missingness"
"EPB41L4A",66.4429530201342,50,"Temporarily_Excluded_High_Missingness"
"GLYCTK",66.4429530201342,50,"Temporarily_Excluded_High_Missingness"
"IRAK2",66.4429530201342,50,"Temporarily_Excluded_High_Missingness"
"ITPRIPL2",66.4429530201342,50,"Temporarily_Excluded_High_Missingness"
"JADE3",66.4429530201342,50,"Temporarily_Excluded_High_Missingness"
"MCRIP2",66.4429530201342,50,"Temporarily_Excluded_High_Missingness"
"MERTK",66.4429530201342,50,"Temporarily_Excluded_High_Missingness"
"PAEP",66.4429530201342,50,"Temporarily_Excluded_High_Missingness"
"PTAFR",66.4429530201342,50,"Temporarily_Excluded_High_Missingness"
"RAMAC",66.4429530201342,50,"Temporarily_Excluded_High_Missingness"
"SLC19A1",66.4429530201342,50,"Temporarily_Excluded_High_Missingness"
"TCEAL7",66.4429530201342,50,"Temporarily_Excluded_High_Missingness"
"TUSC1",66.4429530201342,50,"Temporarily_Excluded_High_Missingness"
"UBALD1",66.4429530201342,50,"Temporarily_Excluded_High_Missingness"
"ZNF267",66.4429530201342,50,"Temporarily_Excluded_High_Missingness"
"ZNF672",66.4429530201342,50,"Temporarily_Excluded_High_Missingness"
"CCDC85A",65.7718120805369,50,"Temporarily_Excluded_High_Missingness"
"CLK1",65.7718120805369,50,"Temporarily_Excluded_High_Missingness"
"CYP2J2",65.7718120805369,50,"Temporarily_Excluded_High_Missingness"
"DKK1",65.7718120805369,50,"Temporarily_Excluded_High_Missingness"
"ELF4",65.7718120805369,50,"Temporarily_Excluded_High_Missingness"
"ENKD1",65.7718120805369,50,"Temporarily_Excluded_High_Missingness"
"ERCC6L",65.7718120805369,50,"Temporarily_Excluded_High_Missingness"
"FUT4",65.7718120805369,50,"Temporarily_Excluded_High_Missingness"
"GLI1",65.7718120805369,50,"Temporarily_Excluded_High_Missingness"
"GNLY",65.7718120805369,50,"Temporarily_Excluded_High_Missingness"
"HECW2",65.7718120805369,50,"Temporarily_Excluded_High_Missingness"
"IGKV3OR2.268",65.7718120805369,50,"Temporarily_Excluded_High_Missingness"
"INCENP",65.7718120805369,50,"Temporarily_Excluded_High_Missingness"
"ITGA8",65.7718120805369,50,"Temporarily_Excluded_High_Missingness"
"ITGB7",65.7718120805369,50,"Temporarily_Excluded_High_Missingness"
"KIAA0040",65.7718120805369,50,"Temporarily_Excluded_High_Missingness"
"LYSMD3",65.7718120805369,50,"Temporarily_Excluded_High_Missingness"
"MAP10",65.7718120805369,50,"Temporarily_Excluded_High_Missingness"
"MLF1",65.7718120805369,50,"Temporarily_Excluded_High_Missingness"
"NABP1",65.7718120805369,50,"Temporarily_Excluded_High_Missingness"
"NOTCH4",65.7718120805369,50,"Temporarily_Excluded_High_Missingness"
"NR1H2",65.7718120805369,50,"Temporarily_Excluded_High_Missingness"
"NR4A1",65.7718120805369,50,"Temporarily_Excluded_High_Missingness"
"PLXNA3",65.7718120805369,50,"Temporarily_Excluded_High_Missingness"
"PNPLA7",65.7718120805369,50,"Temporarily_Excluded_High_Missingness"
"RPTN",65.7718120805369,50,"Temporarily_Excluded_High_Missingness"
"SHISA2",65.7718120805369,50,"Temporarily_Excluded_High_Missingness"
"SLC20A1",65.7718120805369,50,"Temporarily_Excluded_High_Missingness"
"SPNS2",65.7718120805369,50,"Temporarily_Excluded_High_Missingness"
"SUPT3H",65.7718120805369,50,"Temporarily_Excluded_High_Missingness"
"TCEA2",65.7718120805369,50,"Temporarily_Excluded_High_Missingness"
"TMEM126B",65.7718120805369,50,"Temporarily_Excluded_High_Missingness"
"TOMM7",65.7718120805369,50,"Temporarily_Excluded_High_Missingness"
"TRIM13",65.7718120805369,50,"Temporarily_Excluded_High_Missingness"
"APOA5",65.1006711409396,50,"Temporarily_Excluded_High_Missingness"
"CDC20",65.1006711409396,50,"Temporarily_Excluded_High_Missingness"
"CPEB3",65.1006711409396,50,"Temporarily_Excluded_High_Missingness"
"CYREN",65.1006711409396,50,"Temporarily_Excluded_High_Missingness"
"FAM135A",65.1006711409396,50,"Temporarily_Excluded_High_Missingness"
"FOXA1",65.1006711409396,50,"Temporarily_Excluded_High_Missingness"
"IGHE",65.1006711409396,50,"Temporarily_Excluded_High_Missingness"
"KAT2B",65.1006711409396,50,"Temporarily_Excluded_High_Missingness"
"MIER3",65.1006711409396,50,"Temporarily_Excluded_High_Missingness"
"NFKBIL1",65.1006711409396,50,"Temporarily_Excluded_High_Missingness"
"PDP2",65.1006711409396,50,"Temporarily_Excluded_High_Missingness"
"RASL12",65.1006711409396,50,"Temporarily_Excluded_High_Missingness"
"SC5D",65.1006711409396,50,"Temporarily_Excluded_High_Missingness"
"SCML2",65.1006711409396,50,"Temporarily_Excluded_High_Missingness"
"SLC1A1",65.1006711409396,50,"Temporarily_Excluded_High_Missingness"
"TCP11L2",65.1006711409396,50,"Temporarily_Excluded_High_Missingness"
"TENT4A",65.1006711409396,50,"Temporarily_Excluded_High_Missingness"
"TIMELESS",65.1006711409396,50,"Temporarily_Excluded_High_Missingness"
"TMA7",65.1006711409396,50,"Temporarily_Excluded_High_Missingness"
"TMEM163",65.1006711409396,50,"Temporarily_Excluded_High_Missingness"
"TRIM37",65.1006711409396,50,"Temporarily_Excluded_High_Missingness"
"USP31",65.1006711409396,50,"Temporarily_Excluded_High_Missingness"
"ZCCHC14",65.1006711409396,50,"Temporarily_Excluded_High_Missingness"
"ZNF395",65.1006711409396,50,"Temporarily_Excluded_High_Missingness"
"ALDOA",64.4295302013423,50,"Temporarily_Excluded_High_Missingness"
"C9orf152",64.4295302013423,50,"Temporarily_Excluded_High_Missingness"
"CLK2",64.4295302013423,50,"Temporarily_Excluded_High_Missingness"
"FAM219A",64.4295302013423,50,"Temporarily_Excluded_High_Missingness"
"IGFBP1",64.4295302013423,50,"Temporarily_Excluded_High_Missingness"
"KIF20A",64.4295302013423,50,"Temporarily_Excluded_High_Missingness"
"KLHDC7A",64.4295302013423,50,"Temporarily_Excluded_High_Missingness"
"MSRB1",64.4295302013423,50,"Temporarily_Excluded_High_Missingness"
"NCAM2",64.4295302013423,50,"Temporarily_Excluded_High_Missingness"
"NIPSNAP3B",64.4295302013423,50,"Temporarily_Excluded_High_Missingness"
"PEX2",64.4295302013423,50,"Temporarily_Excluded_High_Missingness"
"PIGX",64.4295302013423,50,"Temporarily_Excluded_High_Missingness"
"RNF128",64.4295302013423,50,"Temporarily_Excluded_High_Missingness"
"SH2B2",64.4295302013423,50,"Temporarily_Excluded_High_Missingness"
"SLC25A51",64.4295302013423,50,"Temporarily_Excluded_High_Missingness"
"TLE4",64.4295302013423,50,"Temporarily_Excluded_High_Missingness"
"TSTD2",64.4295302013423,50,"Temporarily_Excluded_High_Missingness"
"ZCCHC2",64.4295302013423,50,"Temporarily_Excluded_High_Missingness"
"ZNF18",64.4295302013423,50,"Temporarily_Excluded_High_Missingness"
"ZNF593",64.4295302013423,50,"Temporarily_Excluded_High_Missingness"
"ZNF792",64.4295302013423,50,"Temporarily_Excluded_High_Missingness"
"BCDIN3D",63.758389261745,50,"Temporarily_Excluded_High_Missingness"
"C2orf42",63.758389261745,50,"Temporarily_Excluded_High_Missingness"
"CADM3",63.758389261745,50,"Temporarily_Excluded_High_Missingness"
"CCR1",63.758389261745,50,"Temporarily_Excluded_High_Missingness"
"CDAN1",63.758389261745,50,"Temporarily_Excluded_High_Missingness"
"CREM",63.758389261745,50,"Temporarily_Excluded_High_Missingness"
"DLG2",63.758389261745,50,"Temporarily_Excluded_High_Missingness"
"EVC",63.758389261745,50,"Temporarily_Excluded_High_Missingness"
"FAM117A",63.758389261745,50,"Temporarily_Excluded_High_Missingness"
"GRHL1",63.758389261745,50,"Temporarily_Excluded_High_Missingness"
"HIPK1",63.758389261745,50,"Temporarily_Excluded_High_Missingness"
"HPS1",63.758389261745,50,"Temporarily_Excluded_High_Missingness"
"IL10RB",63.758389261745,50,"Temporarily_Excluded_High_Missingness"
"KAT6B",63.758389261745,50,"Temporarily_Excluded_High_Missingness"
"LIN7B",63.758389261745,50,"Temporarily_Excluded_High_Missingness"
"MMP15",63.758389261745,50,"Temporarily_Excluded_High_Missingness"
"MOB3C",63.758389261745,50,"Temporarily_Excluded_High_Missingness"
"MS4A1",63.758389261745,50,"Temporarily_Excluded_High_Missingness"
"MSL3",63.758389261745,50,"Temporarily_Excluded_High_Missingness"
"NINJ1",63.758389261745,50,"Temporarily_Excluded_High_Missingness"
"NTRK2",63.758389261745,50,"Temporarily_Excluded_High_Missingness"
"NUAK1",63.758389261745,50,"Temporarily_Excluded_High_Missingness"
"PLK1",63.758389261745,50,"Temporarily_Excluded_High_Missingness"
"PPFIA3",63.758389261745,50,"Temporarily_Excluded_High_Missingness"
"PRIMPOL",63.758389261745,50,"Temporarily_Excluded_High_Missingness"
"RNPEPL1",63.758389261745,50,"Temporarily_Excluded_High_Missingness"
"SETD5",63.758389261745,50,"Temporarily_Excluded_High_Missingness"
"SLC34A2",63.758389261745,50,"Temporarily_Excluded_High_Missingness"
"SLC41A3",63.758389261745,50,"Temporarily_Excluded_High_Missingness"
"SLC7A8",63.758389261745,50,"Temporarily_Excluded_High_Missingness"
"SNAP25",63.758389261745,50,"Temporarily_Excluded_High_Missingness"
"TIE1",63.758389261745,50,"Temporarily_Excluded_High_Missingness"
"TNFSF4",63.758389261745,50,"Temporarily_Excluded_High_Missingness"
"TTK",63.758389261745,50,"Temporarily_Excluded_High_Missingness"
"UGT2B7",63.758389261745,50,"Temporarily_Excluded_High_Missingness"
"ZBTB10",63.758389261745,50,"Temporarily_Excluded_High_Missingness"
"ZNF134",63.758389261745,50,"Temporarily_Excluded_High_Missingness"
"ABO",63.0872483221477,50,"Temporarily_Excluded_High_Missingness"
"ANKRD40",63.0872483221477,50,"Temporarily_Excluded_High_Missingness"
"ANKRD46",63.0872483221477,50,"Temporarily_Excluded_High_Missingness"
"BCO1",63.0872483221477,50,"Temporarily_Excluded_High_Missingness"
"C12orf73",63.0872483221477,50,"Temporarily_Excluded_High_Missingness"
"CEP152",63.0872483221477,50,"Temporarily_Excluded_High_Missingness"
"DDX11",63.0872483221477,50,"Temporarily_Excluded_High_Missingness"
"ENC1",63.0872483221477,50,"Temporarily_Excluded_High_Missingness"
"ERCC5",63.0872483221477,50,"Temporarily_Excluded_High_Missingness"
"FUT2",63.0872483221477,50,"Temporarily_Excluded_High_Missingness"
"GLB1L",63.0872483221477,50,"Temporarily_Excluded_High_Missingness"
"GLCCI1",63.0872483221477,50,"Temporarily_Excluded_High_Missingness"
"KCTD2",63.0872483221477,50,"Temporarily_Excluded_High_Missingness"
"KNL1",63.0872483221477,50,"Temporarily_Excluded_High_Missingness"
"LAMP5",63.0872483221477,50,"Temporarily_Excluded_High_Missingness"
"LILRB2",63.0872483221477,50,"Temporarily_Excluded_High_Missingness"
"LILRB3",63.0872483221477,50,"Temporarily_Excluded_High_Missingness"
"LIN9",63.0872483221477,50,"Temporarily_Excluded_High_Missingness"
"NDUFB2",63.0872483221477,50,"Temporarily_Excluded_High_Missingness"
"OLFM1",63.0872483221477,50,"Temporarily_Excluded_High_Missingness"
"PIP",63.0872483221477,50,"Temporarily_Excluded_High_Missingness"
"RAB37",63.0872483221477,50,"Temporarily_Excluded_High_Missingness"
"RCBTB1",63.0872483221477,50,"Temporarily_Excluded_High_Missingness"
"RNF4",63.0872483221477,50,"Temporarily_Excluded_High_Missingness"
"RWDD3",63.0872483221477,50,"Temporarily_Excluded_High_Missingness"
"SEC14L4",63.0872483221477,50,"Temporarily_Excluded_High_Missingness"
"SGSM2",63.0872483221477,50,"Temporarily_Excluded_High_Missingness"
"SLC52A2",63.0872483221477,50,"Temporarily_Excluded_High_Missingness"
"SNX25",63.0872483221477,50,"Temporarily_Excluded_High_Missingness"
"TBC1D31",63.0872483221477,50,"Temporarily_Excluded_High_Missingness"
"TEC",63.0872483221477,50,"Temporarily_Excluded_High_Missingness"
"TENT2",63.0872483221477,50,"Temporarily_Excluded_High_Missingness"
"TNFRSF11B",63.0872483221477,50,"Temporarily_Excluded_High_Missingness"
"TSPAN4",63.0872483221477,50,"Temporarily_Excluded_High_Missingness"
"AC099489.1",62.4161073825503,50,"Temporarily_Excluded_High_Missingness"
"ACSM6",62.4161073825503,50,"Temporarily_Excluded_High_Missingness"
"ADGRL3",62.4161073825503,50,"Temporarily_Excluded_High_Missingness"
"ANKS3",62.4161073825503,50,"Temporarily_Excluded_High_Missingness"
"ARHGEF15",62.4161073825503,50,"Temporarily_Excluded_High_Missingness"
"ARNTL",62.4161073825503,50,"Temporarily_Excluded_High_Missingness"
"BACE2",62.4161073825503,50,"Temporarily_Excluded_High_Missingness"
"C1orf131",62.4161073825503,50,"Temporarily_Excluded_High_Missingness"
"C3AR1",62.4161073825503,50,"Temporarily_Excluded_High_Missingness"
"ENPP5",62.4161073825503,50,"Temporarily_Excluded_High_Missingness"
"FBXO9",62.4161073825503,50,"Temporarily_Excluded_High_Missingness"
"HDAC9",62.4161073825503,50,"Temporarily_Excluded_High_Missingness"
"IL20RA",62.4161073825503,50,"Temporarily_Excluded_High_Missingness"
"KRT15",62.4161073825503,50,"Temporarily_Excluded_High_Missingness"
"LAMP3",62.4161073825503,50,"Temporarily_Excluded_High_Missingness"
"LAYN",62.4161073825503,50,"Temporarily_Excluded_High_Missingness"
"LPAR1",62.4161073825503,50,"Temporarily_Excluded_High_Missingness"
"MUC2",62.4161073825503,50,"Temporarily_Excluded_High_Missingness"
"MYSM1",62.4161073825503,50,"Temporarily_Excluded_High_Missingness"
"NCOA4",62.4161073825503,50,"Temporarily_Excluded_High_Missingness"
"PXMP2",62.4161073825503,50,"Temporarily_Excluded_High_Missingness"
"RNF141",62.4161073825503,50,"Temporarily_Excluded_High_Missingness"
"SAA2",62.4161073825503,50,"Temporarily_Excluded_High_Missingness"
"SENP5",62.4161073825503,50,"Temporarily_Excluded_High_Missingness"
"SLC36A1",62.4161073825503,50,"Temporarily_Excluded_High_Missingness"
"SNX19",62.4161073825503,50,"Temporarily_Excluded_High_Missingness"
"STK35",62.4161073825503,50,"Temporarily_Excluded_High_Missingness"
"U2AF1L4",62.4161073825503,50,"Temporarily_Excluded_High_Missingness"
"USP1",62.4161073825503,50,"Temporarily_Excluded_High_Missingness"
"USP12",62.4161073825503,50,"Temporarily_Excluded_High_Missingness"
"ABTB1",61.744966442953,50,"Temporarily_Excluded_High_Missingness"
"ANKHD1",61.744966442953,50,"Temporarily_Excluded_High_Missingness"
"C17orf49",61.744966442953,50,"Temporarily_Excluded_High_Missingness"
"CD3D",61.744966442953,50,"Temporarily_Excluded_High_Missingness"
"CDK8",61.744966442953,50,"Temporarily_Excluded_High_Missingness"
"CR1",61.744966442953,50,"Temporarily_Excluded_High_Missingness"
"DIPK2B",61.744966442953,50,"Temporarily_Excluded_High_Missingness"
"EGFLAM",61.744966442953,50,"Temporarily_Excluded_High_Missingness"
"EGR2",61.744966442953,50,"Temporarily_Excluded_High_Missingness"
"EMC9",61.744966442953,50,"Temporarily_Excluded_High_Missingness"
"FA2H",61.744966442953,50,"Temporarily_Excluded_High_Missingness"
"FUT6",61.744966442953,50,"Temporarily_Excluded_High_Missingness"
"HHLA2",61.744966442953,50,"Temporarily_Excluded_High_Missingness"
"KDM4C",61.744966442953,50,"Temporarily_Excluded_High_Missingness"
"KLHL9",61.744966442953,50,"Temporarily_Excluded_High_Missingness"
"MAML3",61.744966442953,50,"Temporarily_Excluded_High_Missingness"
"NDRG4",61.744966442953,50,"Temporarily_Excluded_High_Missingness"
"NR3C2",61.744966442953,50,"Temporarily_Excluded_High_Missingness"
"PHLDB3",61.744966442953,50,"Temporarily_Excluded_High_Missingness"
"RASSF7",61.744966442953,50,"Temporarily_Excluded_High_Missingness"
"RLIM",61.744966442953,50,"Temporarily_Excluded_High_Missingness"
"SMYD4",61.744966442953,50,"Temporarily_Excluded_High_Missingness"
"SNRNP48",61.744966442953,50,"Temporarily_Excluded_High_Missingness"
"TICAM1",61.744966442953,50,"Temporarily_Excluded_High_Missingness"
"UGCG",61.744966442953,50,"Temporarily_Excluded_High_Missingness"
"USP38",61.744966442953,50,"Temporarily_Excluded_High_Missingness"
"WASF1",61.744966442953,50,"Temporarily_Excluded_High_Missingness"
"ZNF362",61.744966442953,50,"Temporarily_Excluded_High_Missingness"
"ZNF526",61.744966442953,50,"Temporarily_Excluded_High_Missingness"
"BTBD11",61.0738255033557,50,"Temporarily_Excluded_High_Missingness"
"CCN4",61.0738255033557,50,"Temporarily_Excluded_High_Missingness"
"CLOCK",61.0738255033557,50,"Temporarily_Excluded_High_Missingness"
"CYP4X1",61.0738255033557,50,"Temporarily_Excluded_High_Missingness"
"DGCR2",61.0738255033557,50,"Temporarily_Excluded_High_Missingness"
"DGKD",61.0738255033557,50,"Temporarily_Excluded_High_Missingness"
"FPR1",61.0738255033557,50,"Temporarily_Excluded_High_Missingness"
"HAVCR2",61.0738255033557,50,"Temporarily_Excluded_High_Missingness"
"HMMR",61.0738255033557,50,"Temporarily_Excluded_High_Missingness"
"IGHV3.30",61.0738255033557,50,"Temporarily_Excluded_High_Missingness"
"KLF4",61.0738255033557,50,"Temporarily_Excluded_High_Missingness"
"LIN37",61.0738255033557,50,"Temporarily_Excluded_High_Missingness"
"LRRC58",61.0738255033557,50,"Temporarily_Excluded_High_Missingness"
"MCUB",61.0738255033557,50,"Temporarily_Excluded_High_Missingness"
"METTL25",61.0738255033557,50,"Temporarily_Excluded_High_Missingness"
"MGAT4B",61.0738255033557,50,"Temporarily_Excluded_High_Missingness"
"NAA80",61.0738255033557,50,"Temporarily_Excluded_High_Missingness"
"NACAD",61.0738255033557,50,"Temporarily_Excluded_High_Missingness"
"NPTXR",61.0738255033557,50,"Temporarily_Excluded_High_Missingness"
"RBM43",61.0738255033557,50,"Temporarily_Excluded_High_Missingness"
"RNF138",61.0738255033557,50,"Temporarily_Excluded_High_Missingness"
"SLC25A26",61.0738255033557,50,"Temporarily_Excluded_High_Missingness"
"SOX13",61.0738255033557,50,"Temporarily_Excluded_High_Missingness"
"SRGAP3",61.0738255033557,50,"Temporarily_Excluded_High_Missingness"
"STK16",61.0738255033557,50,"Temporarily_Excluded_High_Missingness"
"TEPSIN",61.0738255033557,50,"Temporarily_Excluded_High_Missingness"
"TLCD4",61.0738255033557,50,"Temporarily_Excluded_High_Missingness"
"TMEM184B",61.0738255033557,50,"Temporarily_Excluded_High_Missingness"
"TNFRSF14",61.0738255033557,50,"Temporarily_Excluded_High_Missingness"
"TYMS",61.0738255033557,50,"Temporarily_Excluded_High_Missingness"
"ZNF423",61.0738255033557,50,"Temporarily_Excluded_High_Missingness"
"ZNF521",61.0738255033557,50,"Temporarily_Excluded_High_Missingness"
"ASB6",60.4026845637584,50,"Temporarily_Excluded_High_Missingness"
"B3GNTL1",60.4026845637584,50,"Temporarily_Excluded_High_Missingness"
"BACE1",60.4026845637584,50,"Temporarily_Excluded_High_Missingness"
"C9orf40",60.4026845637584,50,"Temporarily_Excluded_High_Missingness"
"CASP14",60.4026845637584,50,"Temporarily_Excluded_High_Missingness"
"CD274",60.4026845637584,50,"Temporarily_Excluded_High_Missingness"
"CDC42SE1",60.4026845637584,50,"Temporarily_Excluded_High_Missingness"
"DBH",60.4026845637584,50,"Temporarily_Excluded_High_Missingness"
"EMP3",60.4026845637584,50,"Temporarily_Excluded_High_Missingness"
"ETAA1",60.4026845637584,50,"Temporarily_Excluded_High_Missingness"
"ETV3",60.4026845637584,50,"Temporarily_Excluded_High_Missingness"
"EZHIP",60.4026845637584,50,"Temporarily_Excluded_High_Missingness"
"FAM53B",60.4026845637584,50,"Temporarily_Excluded_High_Missingness"
"FAT2",60.4026845637584,50,"Temporarily_Excluded_High_Missingness"
"GNG4",60.4026845637584,50,"Temporarily_Excluded_High_Missingness"
"GRIP1",60.4026845637584,50,"Temporarily_Excluded_High_Missingness"
"HOXD9",60.4026845637584,50,"Temporarily_Excluded_High_Missingness"
"KIF18B",60.4026845637584,50,"Temporarily_Excluded_High_Missingness"
"LCT",60.4026845637584,50,"Temporarily_Excluded_High_Missingness"
"MGRN1",60.4026845637584,50,"Temporarily_Excluded_High_Missingness"
"MOCOS",60.4026845637584,50,"Temporarily_Excluded_High_Missingness"
"NLRP4",60.4026845637584,50,"Temporarily_Excluded_High_Missingness"
"PGR",60.4026845637584,50,"Temporarily_Excluded_High_Missingness"
"PLA2R1",60.4026845637584,50,"Temporarily_Excluded_High_Missingness"
"PPP1R35",60.4026845637584,50,"Temporarily_Excluded_High_Missingness"
"RCE1",60.4026845637584,50,"Temporarily_Excluded_High_Missingness"
"SENP2",60.4026845637584,50,"Temporarily_Excluded_High_Missingness"
"SLC38A9",60.4026845637584,50,"Temporarily_Excluded_High_Missingness"
"THUMPD2",60.4026845637584,50,"Temporarily_Excluded_High_Missingness"
"TUBB8",60.4026845637584,50,"Temporarily_Excluded_High_Missingness"
"VMAC",60.4026845637584,50,"Temporarily_Excluded_High_Missingness"
"ZNF639",60.4026845637584,50,"Temporarily_Excluded_High_Missingness"
"ZNF691",60.4026845637584,50,"Temporarily_Excluded_High_Missingness"
"BRCA2",59.7315436241611,50,"Temporarily_Excluded_High_Missingness"
"C6orf15",59.7315436241611,50,"Temporarily_Excluded_High_Missingness"
"CLSTN3",59.7315436241611,50,"Temporarily_Excluded_High_Missingness"
"FAM227B",59.7315436241611,50,"Temporarily_Excluded_High_Missingness"
"GRK3",59.7315436241611,50,"Temporarily_Excluded_High_Missingness"
"INHBC",59.7315436241611,50,"Temporarily_Excluded_High_Missingness"
"ITPKA",59.7315436241611,50,"Temporarily_Excluded_High_Missingness"
"KITLG",59.7315436241611,50,"Temporarily_Excluded_High_Missingness"
"KLF16",59.7315436241611,50,"Temporarily_Excluded_High_Missingness"
"METTL21A",59.7315436241611,50,"Temporarily_Excluded_High_Missingness"
"NDEL1",59.7315436241611,50,"Temporarily_Excluded_High_Missingness"
"NKPD1",59.7315436241611,50,"Temporarily_Excluded_High_Missingness"
"PABPC3",59.7315436241611,50,"Temporarily_Excluded_High_Missingness"
"PANX1",59.7315436241611,50,"Temporarily_Excluded_High_Missingness"
"PIAS2",59.7315436241611,50,"Temporarily_Excluded_High_Missingness"
"SLC2A2",59.7315436241611,50,"Temporarily_Excluded_High_Missingness"
"TCHP",59.7315436241611,50,"Temporarily_Excluded_High_Missingness"
"TEX30",59.7315436241611,50,"Temporarily_Excluded_High_Missingness"
"WDR87",59.7315436241611,50,"Temporarily_Excluded_High_Missingness"
"ALPI",59.0604026845638,50,"Temporarily_Excluded_High_Missingness"
"ANGPT2",59.0604026845638,50,"Temporarily_Excluded_High_Missingness"
"EHF",59.0604026845638,50,"Temporarily_Excluded_High_Missingness"
"GP5",59.0604026845638,50,"Temporarily_Excluded_High_Missingness"
"HOMEZ",59.0604026845638,50,"Temporarily_Excluded_High_Missingness"
"HS6ST1",59.0604026845638,50,"Temporarily_Excluded_High_Missingness"
"ICE2",59.0604026845638,50,"Temporarily_Excluded_High_Missingness"
"ITGAE",59.0604026845638,50,"Temporarily_Excluded_High_Missingness"
"KCNJ15",59.0604026845638,50,"Temporarily_Excluded_High_Missingness"
"KLHDC10",59.0604026845638,50,"Temporarily_Excluded_High_Missingness"
"KLHL29",59.0604026845638,50,"Temporarily_Excluded_High_Missingness"
"LILRB1",59.0604026845638,50,"Temporarily_Excluded_High_Missingness"
"MAP3K21",59.0604026845638,50,"Temporarily_Excluded_High_Missingness"
"MED17",59.0604026845638,50,"Temporarily_Excluded_High_Missingness"
"R3HCC1L",59.0604026845638,50,"Temporarily_Excluded_High_Missingness"
"RDH12",59.0604026845638,50,"Temporarily_Excluded_High_Missingness"
"RNF168",59.0604026845638,50,"Temporarily_Excluded_High_Missingness"
"SLC26A6",59.0604026845638,50,"Temporarily_Excluded_High_Missingness"
"STRA6",59.0604026845638,50,"Temporarily_Excluded_High_Missingness"
"TINAG",59.0604026845638,50,"Temporarily_Excluded_High_Missingness"
"ASDURF",58.3892617449664,50,"Temporarily_Excluded_High_Missingness"
"ATXN7",58.3892617449664,50,"Temporarily_Excluded_High_Missingness"
"C10orf88",58.3892617449664,50,"Temporarily_Excluded_High_Missingness"
"C5orf15",58.3892617449664,50,"Temporarily_Excluded_High_Missingness"
"CNTLN",58.3892617449664,50,"Temporarily_Excluded_High_Missingness"
"DNLZ",58.3892617449664,50,"Temporarily_Excluded_High_Missingness"
"FAM20A",58.3892617449664,50,"Temporarily_Excluded_High_Missingness"
"GNG10",58.3892617449664,50,"Temporarily_Excluded_High_Missingness"
"GSAP",58.3892617449664,50,"Temporarily_Excluded_High_Missingness"
"HBG2",58.3892617449664,50,"Temporarily_Excluded_High_Missingness"
"IGHV1.69.2",58.3892617449664,50,"Temporarily_Excluded_High_Missingness"
"ITGB3",58.3892617449664,50,"Temporarily_Excluded_High_Missingness"
"KLK14",58.3892617449664,50,"Temporarily_Excluded_High_Missingness"
"MIS18BP1",58.3892617449664,50,"Temporarily_Excluded_High_Missingness"
"OLR1",58.3892617449664,50,"Temporarily_Excluded_High_Missingness"
"PLCZ1",58.3892617449664,50,"Temporarily_Excluded_High_Missingness"
"POLR3H",58.3892617449664,50,"Temporarily_Excluded_High_Missingness"
"SELPLG",58.3892617449664,50,"Temporarily_Excluded_High_Missingness"
"SLC30A8",58.3892617449664,50,"Temporarily_Excluded_High_Missingness"
"SLITRK4",58.3892617449664,50,"Temporarily_Excluded_High_Missingness"
"SMDT1",58.3892617449664,50,"Temporarily_Excluded_High_Missingness"
"SPC24",58.3892617449664,50,"Temporarily_Excluded_High_Missingness"
"SSPN",58.3892617449664,50,"Temporarily_Excluded_High_Missingness"
"TNFRSF10C",58.3892617449664,50,"Temporarily_Excluded_High_Missingness"
"ZNF704",58.3892617449664,50,"Temporarily_Excluded_High_Missingness"
"ALS2CL",57.7181208053691,50,"Temporarily_Excluded_High_Missingness"
"AURKB",57.7181208053691,50,"Temporarily_Excluded_High_Missingness"
"BBIP1",57.7181208053691,50,"Temporarily_Excluded_High_Missingness"
"CEP95",57.7181208053691,50,"Temporarily_Excluded_High_Missingness"
"CHURC1",57.7181208053691,50,"Temporarily_Excluded_High_Missingness"
"CNEP1R1",57.7181208053691,50,"Temporarily_Excluded_High_Missingness"
"FBRS",57.7181208053691,50,"Temporarily_Excluded_High_Missingness"
"GALNT16",57.7181208053691,50,"Temporarily_Excluded_High_Missingness"
"GAREM1",57.7181208053691,50,"Temporarily_Excluded_High_Missingness"
"GET1",57.7181208053691,50,"Temporarily_Excluded_High_Missingness"
"GJB3",57.7181208053691,50,"Temporarily_Excluded_High_Missingness"
"IGLV3.12",57.7181208053691,50,"Temporarily_Excluded_High_Missingness"
"KCNN4",57.7181208053691,50,"Temporarily_Excluded_High_Missingness"
"MARCHF7",57.7181208053691,50,"Temporarily_Excluded_High_Missingness"
"MBD4",57.7181208053691,50,"Temporarily_Excluded_High_Missingness"
"MTERF3",57.7181208053691,50,"Temporarily_Excluded_High_Missingness"
"MYRIP",57.7181208053691,50,"Temporarily_Excluded_High_Missingness"
"PGS1",57.7181208053691,50,"Temporarily_Excluded_High_Missingness"
"PVALB",57.7181208053691,50,"Temporarily_Excluded_High_Missingness"
"REXO1",57.7181208053691,50,"Temporarily_Excluded_High_Missingness"
"RNF216",57.7181208053691,50,"Temporarily_Excluded_High_Missingness"
"SLC7A5",57.7181208053691,50,"Temporarily_Excluded_High_Missingness"
"TLR1",57.7181208053691,50,"Temporarily_Excluded_High_Missingness"
"TTL",57.7181208053691,50,"Temporarily_Excluded_High_Missingness"
"ZNF655",57.7181208053691,50,"Temporarily_Excluded_High_Missingness"
"ANGEL1",57.0469798657718,50,"Temporarily_Excluded_High_Missingness"
"BSCL2",57.0469798657718,50,"Temporarily_Excluded_High_Missingness"
"C2orf68",57.0469798657718,50,"Temporarily_Excluded_High_Missingness"
"CARTPT",57.0469798657718,50,"Temporarily_Excluded_High_Missingness"
"CCDC85B",57.0469798657718,50,"Temporarily_Excluded_High_Missingness"
"CEBPD",57.0469798657718,50,"Temporarily_Excluded_High_Missingness"
"CRH",57.0469798657718,50,"Temporarily_Excluded_High_Missingness"
"CXCL1",57.0469798657718,50,"Temporarily_Excluded_High_Missingness"
"ESRRA",57.0469798657718,50,"Temporarily_Excluded_High_Missingness"
"FAM122B",57.0469798657718,50,"Temporarily_Excluded_High_Missingness"
"FCGR2A",57.0469798657718,50,"Temporarily_Excluded_High_Missingness"
"FRMPD3",57.0469798657718,50,"Temporarily_Excluded_High_Missingness"
"HYAL2",57.0469798657718,50,"Temporarily_Excluded_High_Missingness"
"NIPA2",57.0469798657718,50,"Temporarily_Excluded_High_Missingness"
"NLRP1",57.0469798657718,50,"Temporarily_Excluded_High_Missingness"
"NUDT6",57.0469798657718,50,"Temporarily_Excluded_High_Missingness"
"PARP16",57.0469798657718,50,"Temporarily_Excluded_High_Missingness"
"PASK",57.0469798657718,50,"Temporarily_Excluded_High_Missingness"
"PELI2",57.0469798657718,50,"Temporarily_Excluded_High_Missingness"
"RAB11FIP3",57.0469798657718,50,"Temporarily_Excluded_High_Missingness"
"SIGMAR1",57.0469798657718,50,"Temporarily_Excluded_High_Missingness"
"SLC5A6",57.0469798657718,50,"Temporarily_Excluded_High_Missingness"
"TREM2",57.0469798657718,50,"Temporarily_Excluded_High_Missingness"
"VMA21",57.0469798657718,50,"Temporarily_Excluded_High_Missingness"
"ZMAT3",57.0469798657718,50,"Temporarily_Excluded_High_Missingness"
"ABHD3",56.3758389261745,50,"Temporarily_Excluded_High_Missingness"
"ANGPTL1",56.3758389261745,50,"Temporarily_Excluded_High_Missingness"
"ARV1",56.3758389261745,50,"Temporarily_Excluded_High_Missingness"
"ASH1L",56.3758389261745,50,"Temporarily_Excluded_High_Missingness"
"CCSER2",56.3758389261745,50,"Temporarily_Excluded_High_Missingness"
"CHAF1B",56.3758389261745,50,"Temporarily_Excluded_High_Missingness"
"DACT3",56.3758389261745,50,"Temporarily_Excluded_High_Missingness"
"FCGR3B",56.3758389261745,50,"Temporarily_Excluded_High_Missingness"
"GALNT9",56.3758389261745,50,"Temporarily_Excluded_High_Missingness"
"GPN2",56.3758389261745,50,"Temporarily_Excluded_High_Missingness"
"HMCN2",56.3758389261745,50,"Temporarily_Excluded_High_Missingness"
"HYAL1",56.3758389261745,50,"Temporarily_Excluded_High_Missingness"
"INAVA",56.3758389261745,50,"Temporarily_Excluded_High_Missingness"
"IPMK",56.3758389261745,50,"Temporarily_Excluded_High_Missingness"
"IQCB1",56.3758389261745,50,"Temporarily_Excluded_High_Missingness"
"MAP9",56.3758389261745,50,"Temporarily_Excluded_High_Missingness"
"NUF2",56.3758389261745,50,"Temporarily_Excluded_High_Missingness"
"PARD6G",56.3758389261745,50,"Temporarily_Excluded_High_Missingness"
"PRDM10",56.3758389261745,50,"Temporarily_Excluded_High_Missingness"
"S100PBP",56.3758389261745,50,"Temporarily_Excluded_High_Missingness"
"SH2D3C",56.3758389261745,50,"Temporarily_Excluded_High_Missingness"
"SS18L1",56.3758389261745,50,"Temporarily_Excluded_High_Missingness"
"SYT13",56.3758389261745,50,"Temporarily_Excluded_High_Missingness"
"TLR8",56.3758389261745,50,"Temporarily_Excluded_High_Missingness"
"TNKS",56.3758389261745,50,"Temporarily_Excluded_High_Missingness"
"UFSP1",56.3758389261745,50,"Temporarily_Excluded_High_Missingness"
"ZBTB41",56.3758389261745,50,"Temporarily_Excluded_High_Missingness"
"ZNF385A",56.3758389261745,50,"Temporarily_Excluded_High_Missingness"
"ACTA2",55.7046979865772,50,"Temporarily_Excluded_High_Missingness"
"ADGRG2",55.7046979865772,50,"Temporarily_Excluded_High_Missingness"
"AL022312.1",55.7046979865772,50,"Temporarily_Excluded_High_Missingness"
"AMOT",55.7046979865772,50,"Temporarily_Excluded_High_Missingness"
"ATP5MF",55.7046979865772,50,"Temporarily_Excluded_High_Missingness"
"BMX",55.7046979865772,50,"Temporarily_Excluded_High_Missingness"
"COLGALT2",55.7046979865772,50,"Temporarily_Excluded_High_Missingness"
"CTSW",55.7046979865772,50,"Temporarily_Excluded_High_Missingness"
"DNAJC24",55.7046979865772,50,"Temporarily_Excluded_High_Missingness"
"FBXL12",55.7046979865772,50,"Temporarily_Excluded_High_Missingness"
"IGFLR1",55.7046979865772,50,"Temporarily_Excluded_High_Missingness"
"MRGPRF",55.7046979865772,50,"Temporarily_Excluded_High_Missingness"
"PIPOX",55.7046979865772,50,"Temporarily_Excluded_High_Missingness"
"PRDM4",55.7046979865772,50,"Temporarily_Excluded_High_Missingness"
"PYHIN1",55.7046979865772,50,"Temporarily_Excluded_High_Missingness"
"RAC3",55.7046979865772,50,"Temporarily_Excluded_High_Missingness"
"RNF115",55.7046979865772,50,"Temporarily_Excluded_High_Missingness"
"SEMA4A",55.7046979865772,50,"Temporarily_Excluded_High_Missingness"
"SKA2",55.7046979865772,50,"Temporarily_Excluded_High_Missingness"
"SLC25A35",55.7046979865772,50,"Temporarily_Excluded_High_Missingness"
"TCEAL9",55.7046979865772,50,"Temporarily_Excluded_High_Missingness"
"TIMM17A",55.7046979865772,50,"Temporarily_Excluded_High_Missingness"
"ZNF688",55.7046979865772,50,"Temporarily_Excluded_High_Missingness"
"ANO9",55.0335570469799,50,"Temporarily_Excluded_High_Missingness"
"ARMCX4",55.0335570469799,50,"Temporarily_Excluded_High_Missingness"
"AURKAIP1",55.0335570469799,50,"Temporarily_Excluded_High_Missingness"
"C2CD3",55.0335570469799,50,"Temporarily_Excluded_High_Missingness"
"ELK3",55.0335570469799,50,"Temporarily_Excluded_High_Missingness"
"FEM1B",55.0335570469799,50,"Temporarily_Excluded_High_Missingness"
"MAML1",55.0335570469799,50,"Temporarily_Excluded_High_Missingness"
"MEF2A",55.0335570469799,50,"Temporarily_Excluded_High_Missingness"
"NEURL4",55.0335570469799,50,"Temporarily_Excluded_High_Missingness"
"NYNRIN",55.0335570469799,50,"Temporarily_Excluded_High_Missingness"
"PHC1",55.0335570469799,50,"Temporarily_Excluded_High_Missingness"
"PIGB",55.0335570469799,50,"Temporarily_Excluded_High_Missingness"
"PLEKHH2",55.0335570469799,50,"Temporarily_Excluded_High_Missingness"
"PLPP1",55.0335570469799,50,"Temporarily_Excluded_High_Missingness"
"PMF1",55.0335570469799,50,"Temporarily_Excluded_High_Missingness"
"PXYLP1",55.0335570469799,50,"Temporarily_Excluded_High_Missingness"
"RARA",55.0335570469799,50,"Temporarily_Excluded_High_Missingness"
"RNF19B",55.0335570469799,50,"Temporarily_Excluded_High_Missingness"
"SLC6A19",55.0335570469799,50,"Temporarily_Excluded_High_Missingness"
"SLFN13",55.0335570469799,50,"Temporarily_Excluded_High_Missingness"
"TM7SF3",55.0335570469799,50,"Temporarily_Excluded_High_Missingness"
"TSPYL1",55.0335570469799,50,"Temporarily_Excluded_High_Missingness"
"UBIAD1",55.0335570469799,50,"Temporarily_Excluded_High_Missingness"
"UBL3",55.0335570469799,50,"Temporarily_Excluded_High_Missingness"
"WRAP73",55.0335570469799,50,"Temporarily_Excluded_High_Missingness"
"ARHGAP23",54.3624161073826,50,"Temporarily_Excluded_High_Missingness"
"ASTE1",54.3624161073826,50,"Temporarily_Excluded_High_Missingness"
"ATF6",54.3624161073826,50,"Temporarily_Excluded_High_Missingness"
"CALCRL",54.3624161073826,50,"Temporarily_Excluded_High_Missingness"
"CEP78",54.3624161073826,50,"Temporarily_Excluded_High_Missingness"
"DHX34",54.3624161073826,50,"Temporarily_Excluded_High_Missingness"
"GJA1",54.3624161073826,50,"Temporarily_Excluded_High_Missingness"
"LILRA2",54.3624161073826,50,"Temporarily_Excluded_High_Missingness"
"METTL18",54.3624161073826,50,"Temporarily_Excluded_High_Missingness"
"PDCD2",54.3624161073826,50,"Temporarily_Excluded_High_Missingness"
"PHLDA2",54.3624161073826,50,"Temporarily_Excluded_High_Missingness"
"RMI1",54.3624161073826,50,"Temporarily_Excluded_High_Missingness"
"RNF139",54.3624161073826,50,"Temporarily_Excluded_High_Missingness"
"SEMA4C",54.3624161073826,50,"Temporarily_Excluded_High_Missingness"
"SLC9A8",54.3624161073826,50,"Temporarily_Excluded_High_Missingness"
"YIPF2",54.3624161073826,50,"Temporarily_Excluded_High_Missingness"
"CDHR5",53.6912751677852,50,"Temporarily_Excluded_High_Missingness"
"CKAP2",53.6912751677852,50,"Temporarily_Excluded_High_Missingness"
"COA1",53.6912751677852,50,"Temporarily_Excluded_High_Missingness"
"CSNK1G2",53.6912751677852,50,"Temporarily_Excluded_High_Missingness"
"EPM2A",53.6912751677852,50,"Temporarily_Excluded_High_Missingness"
"FAM50B",53.6912751677852,50,"Temporarily_Excluded_High_Missingness"
"FCAR",53.6912751677852,50,"Temporarily_Excluded_High_Missingness"
"HEMK1",53.6912751677852,50,"Temporarily_Excluded_High_Missingness"
"ICMT",53.6912751677852,50,"Temporarily_Excluded_High_Missingness"
"IGHV1.69D",53.6912751677852,50,"Temporarily_Excluded_High_Missingness"
"IVL",53.6912751677852,50,"Temporarily_Excluded_High_Missingness"
"KAT6A",53.6912751677852,50,"Temporarily_Excluded_High_Missingness"
"KIF4A",53.6912751677852,50,"Temporarily_Excluded_High_Missingness"
"MALSU1",53.6912751677852,50,"Temporarily_Excluded_High_Missingness"
"MEF2C",53.6912751677852,50,"Temporarily_Excluded_High_Missingness"
"MID2",53.6912751677852,50,"Temporarily_Excluded_High_Missingness"
"MTRF1",53.6912751677852,50,"Temporarily_Excluded_High_Missingness"
"PARM1",53.6912751677852,50,"Temporarily_Excluded_High_Missingness"
"POLM",53.6912751677852,50,"Temporarily_Excluded_High_Missingness"
"RCAN1",53.6912751677852,50,"Temporarily_Excluded_High_Missingness"
"SGSM1",53.6912751677852,50,"Temporarily_Excluded_High_Missingness"
"TM2D3",53.6912751677852,50,"Temporarily_Excluded_High_Missingness"
"UBTD2",53.6912751677852,50,"Temporarily_Excluded_High_Missingness"
"USP46",53.6912751677852,50,"Temporarily_Excluded_High_Missingness"
"WDYHV1",53.6912751677852,50,"Temporarily_Excluded_High_Missingness"
"ZNF469",53.6912751677852,50,"Temporarily_Excluded_High_Missingness"
"ZNF784",53.6912751677852,50,"Temporarily_Excluded_High_Missingness"
"AJUBA",53.0201342281879,50,"Temporarily_Excluded_High_Missingness"
"ALKBH7",53.0201342281879,50,"Temporarily_Excluded_High_Missingness"
"AMFR",53.0201342281879,50,"Temporarily_Excluded_High_Missingness"
"ARHGAP39",53.0201342281879,50,"Temporarily_Excluded_High_Missingness"
"B4GALT3",53.0201342281879,50,"Temporarily_Excluded_High_Missingness"
"BHLHE40",53.0201342281879,50,"Temporarily_Excluded_High_Missingness"
"CCDC59",53.0201342281879,50,"Temporarily_Excluded_High_Missingness"
"CENPM",53.0201342281879,50,"Temporarily_Excluded_High_Missingness"
"DRAM2",53.0201342281879,50,"Temporarily_Excluded_High_Missingness"
"EPHX4",53.0201342281879,50,"Temporarily_Excluded_High_Missingness"
"ERCC8",53.0201342281879,50,"Temporarily_Excluded_High_Missingness"
"EVA1B",53.0201342281879,50,"Temporarily_Excluded_High_Missingness"
"F7",53.0201342281879,50,"Temporarily_Excluded_High_Missingness"
"HS3ST1",53.0201342281879,50,"Temporarily_Excluded_High_Missingness"
"NR1D1",53.0201342281879,50,"Temporarily_Excluded_High_Missingness"
"PCDHGC3",53.0201342281879,50,"Temporarily_Excluded_High_Missingness"
"PRMT8",53.0201342281879,50,"Temporarily_Excluded_High_Missingness"
"PWWP3A",53.0201342281879,50,"Temporarily_Excluded_High_Missingness"
"RAB17",53.0201342281879,50,"Temporarily_Excluded_High_Missingness"
"RAB3A",53.0201342281879,50,"Temporarily_Excluded_High_Missingness"
"RIC1",53.0201342281879,50,"Temporarily_Excluded_High_Missingness"
"RIC8B",53.0201342281879,50,"Temporarily_Excluded_High_Missingness"
"SDC3",53.0201342281879,50,"Temporarily_Excluded_High_Missingness"
"SSBP2",53.0201342281879,50,"Temporarily_Excluded_High_Missingness"
"STMN2",53.0201342281879,50,"Temporarily_Excluded_High_Missingness"
"TBPL1",53.0201342281879,50,"Temporarily_Excluded_High_Missingness"
"TGFBR1",53.0201342281879,50,"Temporarily_Excluded_High_Missingness"
"TRIM68",53.0201342281879,50,"Temporarily_Excluded_High_Missingness"
"TRPM7",53.0201342281879,50,"Temporarily_Excluded_High_Missingness"
"TSHZ2",53.0201342281879,50,"Temporarily_Excluded_High_Missingness"
"UBXN11",53.0201342281879,50,"Temporarily_Excluded_High_Missingness"
"ZGPAT",53.0201342281879,50,"Temporarily_Excluded_High_Missingness"
"ZNF131",53.0201342281879,50,"Temporarily_Excluded_High_Missingness"
"ZNF184",53.0201342281879,50,"Temporarily_Excluded_High_Missingness"
"AC073111.4",52.3489932885906,50,"Temporarily_Excluded_High_Missingness"
"ADAT2",52.3489932885906,50,"Temporarily_Excluded_High_Missingness"
"ALPK1",52.3489932885906,50,"Temporarily_Excluded_High_Missingness"
"CFAP410",52.3489932885906,50,"Temporarily_Excluded_High_Missingness"
"CHEK1",52.3489932885906,50,"Temporarily_Excluded_High_Missingness"
"CMTM7",52.3489932885906,50,"Temporarily_Excluded_High_Missingness"
"DAGLA",52.3489932885906,50,"Temporarily_Excluded_High_Missingness"
"DSCC1",52.3489932885906,50,"Temporarily_Excluded_High_Missingness"
"FBXO44",52.3489932885906,50,"Temporarily_Excluded_High_Missingness"
"HOXA5",52.3489932885906,50,"Temporarily_Excluded_High_Missingness"
"HRC",52.3489932885906,50,"Temporarily_Excluded_High_Missingness"
"LCOR",52.3489932885906,50,"Temporarily_Excluded_High_Missingness"
"MIGA1",52.3489932885906,50,"Temporarily_Excluded_High_Missingness"
"MNX1",52.3489932885906,50,"Temporarily_Excluded_High_Missingness"
"MPP2",52.3489932885906,50,"Temporarily_Excluded_High_Missingness"
"MT1E",52.3489932885906,50,"Temporarily_Excluded_High_Missingness"
"PHETA1",52.3489932885906,50,"Temporarily_Excluded_High_Missingness"
"THNSL2",52.3489932885906,50,"Temporarily_Excluded_High_Missingness"
"WWC2",52.3489932885906,50,"Temporarily_Excluded_High_Missingness"
"ZNHIT1",52.3489932885906,50,"Temporarily_Excluded_High_Missingness"
"ADGRL4",51.6778523489933,50,"Temporarily_Excluded_High_Missingness"
"CCDC141",51.6778523489933,50,"Temporarily_Excluded_High_Missingness"
"CCL20",51.6778523489933,50,"Temporarily_Excluded_High_Missingness"
"CD207",51.6778523489933,50,"Temporarily_Excluded_High_Missingness"
"CFHR4",51.6778523489933,50,"Temporarily_Excluded_High_Missingness"
"CXCL6",51.6778523489933,50,"Temporarily_Excluded_High_Missingness"
"FAM20C",51.6778523489933,50,"Temporarily_Excluded_High_Missingness"
"ICE1",51.6778523489933,50,"Temporarily_Excluded_High_Missingness"
"IGKV3D.15",51.6778523489933,50,"Temporarily_Excluded_High_Missingness"
"KIAA1328",51.6778523489933,50,"Temporarily_Excluded_High_Missingness"
"KRT78",51.6778523489933,50,"Temporarily_Excluded_High_Missingness"
"MEIS1",51.6778523489933,50,"Temporarily_Excluded_High_Missingness"
"MRFAP1",51.6778523489933,50,"Temporarily_Excluded_High_Missingness"
"NTN1",51.6778523489933,50,"Temporarily_Excluded_High_Missingness"
"OTUD1",51.6778523489933,50,"Temporarily_Excluded_High_Missingness"
"PBK",51.6778523489933,50,"Temporarily_Excluded_High_Missingness"
"PPM1J",51.6778523489933,50,"Temporarily_Excluded_High_Missingness"
"PRF1",51.6778523489933,50,"Temporarily_Excluded_High_Missingness"
"RACGAP1",51.6778523489933,50,"Temporarily_Excluded_High_Missingness"
"SLC31A1",51.6778523489933,50,"Temporarily_Excluded_High_Missingness"
"STK17A",51.6778523489933,50,"Temporarily_Excluded_High_Missingness"
"TBC1D16",51.6778523489933,50,"Temporarily_Excluded_High_Missingness"
"THAP12",51.6778523489933,50,"Temporarily_Excluded_High_Missingness"
"TINF2",51.6778523489933,50,"Temporarily_Excluded_High_Missingness"
"TTF1",51.6778523489933,50,"Temporarily_Excluded_High_Missingness"
"ZNF8",51.6778523489933,50,"Temporarily_Excluded_High_Missingness"
"ABHD13",51.006711409396,50,"Temporarily_Excluded_High_Missingness"
"AGPAT4",51.006711409396,50,"Temporarily_Excluded_High_Missingness"
"ALPK3",51.006711409396,50,"Temporarily_Excluded_High_Missingness"
"BAIAP2L2",51.006711409396,50,"Temporarily_Excluded_High_Missingness"
"CMTM6",51.006711409396,50,"Temporarily_Excluded_High_Missingness"
"DEFB1",51.006711409396,50,"Temporarily_Excluded_High_Missingness"
"DSE",51.006711409396,50,"Temporarily_Excluded_High_Missingness"
"FBXW4",51.006711409396,50,"Temporarily_Excluded_High_Missingness"
"IGLV2.23",51.006711409396,50,"Temporarily_Excluded_High_Missingness"
"KLF5",51.006711409396,50,"Temporarily_Excluded_High_Missingness"
"MARK4",51.006711409396,50,"Temporarily_Excluded_High_Missingness"
"MEP1A",51.006711409396,50,"Temporarily_Excluded_High_Missingness"
"MGAT4A",51.006711409396,50,"Temporarily_Excluded_High_Missingness"
"MLLT10",51.006711409396,50,"Temporarily_Excluded_High_Missingness"
"MTMR7",51.006711409396,50,"Temporarily_Excluded_High_Missingness"
"NME4",51.006711409396,50,"Temporarily_Excluded_High_Missingness"
"PAGR1",51.006711409396,50,"Temporarily_Excluded_High_Missingness"
"RASSF3",51.006711409396,50,"Temporarily_Excluded_High_Missingness"
"TBC1D25",51.006711409396,50,"Temporarily_Excluded_High_Missingness"
"TGFBR3",51.006711409396,50,"Temporarily_Excluded_High_Missingness"
"ZBTB9",51.006711409396,50,"Temporarily_Excluded_High_Missingness"
"ZNF462",51.006711409396,50,"Temporarily_Excluded_High_Missingness"
"ARHGEF3",50.3355704697987,50,"Temporarily_Excluded_High_Missingness"
"BCORL1",50.3355704697987,50,"Temporarily_Excluded_High_Missingness"
"C15orf39",50.3355704697987,50,"Temporarily_Excluded_High_Missingness"
"C1orf210",50.3355704697987,50,"Temporarily_Excluded_High_Missingness"
"CTDNEP1",50.3355704697987,50,"Temporarily_Excluded_High_Missingness"
"DCX",50.3355704697987,50,"Temporarily_Excluded_High_Missingness"
"DESI2",50.3355704697987,50,"Temporarily_Excluded_High_Missingness"
"DNAJC14",50.3355704697987,50,"Temporarily_Excluded_High_Missingness"
"DNM3",50.3355704697987,50,"Temporarily_Excluded_High_Missingness"
"DPH3",50.3355704697987,50,"Temporarily_Excluded_High_Missingness"
"FRMD4A",50.3355704697987,50,"Temporarily_Excluded_High_Missingness"
"GPAT3",50.3355704697987,50,"Temporarily_Excluded_High_Missingness"
"IGHV3.74",50.3355704697987,50,"Temporarily_Excluded_High_Missingness"
"LRRK1",50.3355704697987,50,"Temporarily_Excluded_High_Missingness"
"LY75",50.3355704697987,50,"Temporarily_Excluded_High_Missingness"
"MANEA",50.3355704697987,50,"Temporarily_Excluded_High_Missingness"
"MYOZ1",50.3355704697987,50,"Temporarily_Excluded_High_Missingness"
"SLC25A25",50.3355704697987,50,"Temporarily_Excluded_High_Missingness"
"SMPX",50.3355704697987,50,"Temporarily_Excluded_High_Missingness"
"STC2",50.3355704697987,50,"Temporarily_Excluded_High_Missingness"
"TNK1",50.3355704697987,50,"Temporarily_Excluded_High_Missingness"
"VEGFA",50.3355704697987,50,"Temporarily_Excluded_High_Missingness"
"ZC3H6",50.3355704697987,50,"Temporarily_Excluded_High_Missingness"
"CD247",49.6644295302013,50,"Retained"
"CYTIP",49.6644295302013,50,"Retained"
"DNASE1",49.6644295302013,50,"Retained"
"ERN1",49.6644295302013,50,"Retained"
"HGSNAT",49.6644295302013,50,"Retained"
"KDF1",49.6644295302013,50,"Retained"
"KLHDC9",49.6644295302013,50,"Retained"
"LIAS",49.6644295302013,50,"Retained"
"MBNL3",49.6644295302013,50,"Retained"
"MTG2",49.6644295302013,50,"Retained"
"PRMT7",49.6644295302013,50,"Retained"
"PUS3",49.6644295302013,50,"Retained"
"RBIS",49.6644295302013,50,"Retained"
"RFTN2",49.6644295302013,50,"Retained"
"SLC35F5",49.6644295302013,50,"Retained"
"SLC37A1",49.6644295302013,50,"Retained"
"SLC8A1",49.6644295302013,50,"Retained"
"TP53INP2",49.6644295302013,50,"Retained"
"USP9Y",49.6644295302013,50,"Retained"
"ZBTB47",49.6644295302013,50,"Retained"
"ADCY6",48.993288590604,50,"Retained"
"BCL6",48.993288590604,50,"Retained"
"CLDN2",48.993288590604,50,"Retained"
"DSC3",48.993288590604,50,"Retained"
"EPHA4",48.993288590604,50,"Retained"
"FAM241B",48.993288590604,50,"Retained"
"GID4",48.993288590604,50,"Retained"
"GRAMD1B",48.993288590604,50,"Retained"
"GYPC",48.993288590604,50,"Retained"
"KANSL2",48.993288590604,50,"Retained"
"PDZD2",48.993288590604,50,"Retained"
"PEBP4",48.993288590604,50,"Retained"
"POMK",48.993288590604,50,"Retained"
"R3HDM2",48.993288590604,50,"Retained"
"RNPC3",48.993288590604,50,"Retained"
"RRAGB",48.993288590604,50,"Retained"
"SDHD",48.993288590604,50,"Retained"
"SLC30A2",48.993288590604,50,"Retained"
"SLC4A7",48.993288590604,50,"Retained"
"STX16",48.993288590604,50,"Retained"
"UNC5CL",48.993288590604,50,"Retained"
"ZFP90",48.993288590604,50,"Retained"
"ZFYVE27",48.993288590604,50,"Retained"
"ZNF608",48.993288590604,50,"Retained"
"ZNF723",48.993288590604,50,"Retained"
"ABCD4",48.3221476510067,50,"Retained"
"AMOTL2",48.3221476510067,50,"Retained"
"AP3B2",48.3221476510067,50,"Retained"
"BMF",48.3221476510067,50,"Retained"
"C12orf66",48.3221476510067,50,"Retained"
"DDO",48.3221476510067,50,"Retained"
"DROSHA",48.3221476510067,50,"Retained"
"GFAP",48.3221476510067,50,"Retained"
"GGT2",48.3221476510067,50,"Retained"
"GSDMA",48.3221476510067,50,"Retained"
"HERPUD2",48.3221476510067,50,"Retained"
"IGSF6",48.3221476510067,50,"Retained"
"MADCAM1",48.3221476510067,50,"Retained"
"MEGF8",48.3221476510067,50,"Retained"
"MMP25",48.3221476510067,50,"Retained"
"MPZ",48.3221476510067,50,"Retained"
"NCAPD3",48.3221476510067,50,"Retained"
"NOMO3",48.3221476510067,50,"Retained"
"NSD1",48.3221476510067,50,"Retained"
"NSD2",48.3221476510067,50,"Retained"
"OSMR",48.3221476510067,50,"Retained"
"PINX1",48.3221476510067,50,"Retained"
"PYGO2",48.3221476510067,50,"Retained"
"RAB30",48.3221476510067,50,"Retained"
"RC3H2",48.3221476510067,50,"Retained"
"SHROOM1",48.3221476510067,50,"Retained"
"SLC7A2",48.3221476510067,50,"Retained"
"SNX24",48.3221476510067,50,"Retained"
"ST3GAL5",48.3221476510067,50,"Retained"
"SULT2A1",48.3221476510067,50,"Retained"
"TMEM59",48.3221476510067,50,"Retained"
"ALKBH1",47.6510067114094,50,"Retained"
"ARHGEF4",47.6510067114094,50,"Retained"
"CDK2AP1",47.6510067114094,50,"Retained"
"CEP290",47.6510067114094,50,"Retained"
"CES3",47.6510067114094,50,"Retained"
"EZH2",47.6510067114094,50,"Retained"
"FAM83A",47.6510067114094,50,"Retained"
"FBXL8",47.6510067114094,50,"Retained"
"FUNDC1",47.6510067114094,50,"Retained"
"HERC6",47.6510067114094,50,"Retained"
"MAP3K11",47.6510067114094,50,"Retained"
"MMP23B",47.6510067114094,50,"Retained"
"NCCRP1",47.6510067114094,50,"Retained"
"NXT2",47.6510067114094,50,"Retained"
"RFFL",47.6510067114094,50,"Retained"
"RUSC1",47.6510067114094,50,"Retained"
"SASS6",47.6510067114094,50,"Retained"
"SCGB1D2",47.6510067114094,50,"Retained"
"TNK2",47.6510067114094,50,"Retained"
"UBE2T",47.6510067114094,50,"Retained"
"ZDHHC6",47.6510067114094,50,"Retained"
"ZNF3",47.6510067114094,50,"Retained"
"ACVR2A",46.9798657718121,50,"Retained"
"ARAP2",46.9798657718121,50,"Retained"
"C1orf226",46.9798657718121,50,"Retained"
"CASS4",46.9798657718121,50,"Retained"
"CEP63",46.9798657718121,50,"Retained"
"CPNE7",46.9798657718121,50,"Retained"
"DNAJC30",46.9798657718121,50,"Retained"
"EFCAB7",46.9798657718121,50,"Retained"
"FOXA3",46.9798657718121,50,"Retained"
"GP1BA",46.9798657718121,50,"Retained"
"GTPBP3",46.9798657718121,50,"Retained"
"HBG1",46.9798657718121,50,"Retained"
"ITM2C",46.9798657718121,50,"Retained"
"LRRC8D",46.9798657718121,50,"Retained"
"MINDY4",46.9798657718121,50,"Retained"
"MT.ND2",46.9798657718121,50,"Retained"
"NEFH",46.9798657718121,50,"Retained"
"NPM2",46.9798657718121,50,"Retained"
"PIGH",46.9798657718121,50,"Retained"
"RILPL2",46.9798657718121,50,"Retained"
"RLBP1",46.9798657718121,50,"Retained"
"SIRT7",46.9798657718121,50,"Retained"
"SLC46A3",46.9798657718121,50,"Retained"
"SPC25",46.9798657718121,50,"Retained"
"SYTL3",46.9798657718121,50,"Retained"
"TAF11",46.9798657718121,50,"Retained"
"TMPPE",46.9798657718121,50,"Retained"
"TNFAIP8L3",46.9798657718121,50,"Retained"
"TRMT44",46.9798657718121,50,"Retained"
"TUSC3",46.9798657718121,50,"Retained"
"ZNF436",46.9798657718121,50,"Retained"
"ZNF438",46.9798657718121,50,"Retained"
"ZNF654",46.9798657718121,50,"Retained"
"ASB1",46.3087248322148,50,"Retained"
"CCK",46.3087248322148,50,"Retained"
"CMTM4",46.3087248322148,50,"Retained"
"COL22A1",46.3087248322148,50,"Retained"
"DLGAP5",46.3087248322148,50,"Retained"
"E2F5",46.3087248322148,50,"Retained"
"EEF1AKMT1",46.3087248322148,50,"Retained"
"GCH1",46.3087248322148,50,"Retained"
"GPR84",46.3087248322148,50,"Retained"
"GTPBP8",46.3087248322148,50,"Retained"
"GZMM",46.3087248322148,50,"Retained"
"JPH2",46.3087248322148,50,"Retained"
"MFSD6",46.3087248322148,50,"Retained"
"MITD1",46.3087248322148,50,"Retained"
"PAPOLG",46.3087248322148,50,"Retained"
"PRMT6",46.3087248322148,50,"Retained"
"PRR14L",46.3087248322148,50,"Retained"
"PSEN2",46.3087248322148,50,"Retained"
"PTPN22",46.3087248322148,50,"Retained"
"RAB5IF",46.3087248322148,50,"Retained"
"RAP2A",46.3087248322148,50,"Retained"
"RASSF1",46.3087248322148,50,"Retained"
"SLBP",46.3087248322148,50,"Retained"
"SLC2A6",46.3087248322148,50,"Retained"
"SYDE2",46.3087248322148,50,"Retained"
"TMEM189",46.3087248322148,50,"Retained"
"WHAMM",46.3087248322148,50,"Retained"
"ZDHHC18",46.3087248322148,50,"Retained"
"ZNF446",46.3087248322148,50,"Retained"
"ZNF668",46.3087248322148,50,"Retained"
"ARHGEF25",45.6375838926174,50,"Retained"
"ARRDC2",45.6375838926174,50,"Retained"
"B9D1",45.6375838926174,50,"Retained"
"BTBD2",45.6375838926174,50,"Retained"
"CASP9",45.6375838926174,50,"Retained"
"CHCHD7",45.6375838926174,50,"Retained"
"CLEC5A",45.6375838926174,50,"Retained"
"CREBRF",45.6375838926174,50,"Retained"
"KCTD15",45.6375838926174,50,"Retained"
"METAP1D",45.6375838926174,50,"Retained"
"PCNX3",45.6375838926174,50,"Retained"
"PNMA1",45.6375838926174,50,"Retained"
"PREX2",45.6375838926174,50,"Retained"
"QPCTL",45.6375838926174,50,"Retained"
"RFX3",45.6375838926174,50,"Retained"
"SHROOM4",45.6375838926174,50,"Retained"
"SPPL2B",45.6375838926174,50,"Retained"
"SULT1A2",45.6375838926174,50,"Retained"
"SUPT7L",45.6375838926174,50,"Retained"
"TFDP2",45.6375838926174,50,"Retained"
"TMPRSS15",45.6375838926174,50,"Retained"
"UBE2V1",45.6375838926174,50,"Retained"
"CSNK1G3",44.9664429530201,50,"Retained"
"FAM133B",44.9664429530201,50,"Retained"
"HACD4",44.9664429530201,50,"Retained"
"KLHDC3",44.9664429530201,50,"Retained"
"LRCH2",44.9664429530201,50,"Retained"
"MBOAT1",44.9664429530201,50,"Retained"
"MID1IP1",44.9664429530201,50,"Retained"
"NYAP1",44.9664429530201,50,"Retained"
"PNPLA4",44.9664429530201,50,"Retained"
"RASEF",44.9664429530201,50,"Retained"
"RPF1",44.9664429530201,50,"Retained"
"RRAD",44.9664429530201,50,"Retained"
"SFR1",44.9664429530201,50,"Retained"
"SLC7A6OS",44.9664429530201,50,"Retained"
"SSBP4",44.9664429530201,50,"Retained"
"TTI2",44.9664429530201,50,"Retained"
"ZNF827",44.9664429530201,50,"Retained"
"AC118549.1",44.2953020134228,50,"Retained"
"ART4",44.2953020134228,50,"Retained"
"ATP12A",44.2953020134228,50,"Retained"
"CDYL2",44.2953020134228,50,"Retained"
"CEP85",44.2953020134228,50,"Retained"
"CFLAR",44.2953020134228,50,"Retained"
"CHD9",44.2953020134228,50,"Retained"
"CXCL17",44.2953020134228,50,"Retained"
"DAAM2",44.2953020134228,50,"Retained"
"DESI1",44.2953020134228,50,"Retained"
"FAM193B",44.2953020134228,50,"Retained"
"FIZ1",44.2953020134228,50,"Retained"
"GKN1",44.2953020134228,50,"Retained"
"GOLT1B",44.2953020134228,50,"Retained"
"MFSD1",44.2953020134228,50,"Retained"
"PEX13",44.2953020134228,50,"Retained"
"PI15",44.2953020134228,50,"Retained"
"PKIB",44.2953020134228,50,"Retained"
"POP5",44.2953020134228,50,"Retained"
"PPP1R16A",44.2953020134228,50,"Retained"
"SLC14A1",44.2953020134228,50,"Retained"
"STON1",44.2953020134228,50,"Retained"
"VMP1",44.2953020134228,50,"Retained"
"BICRA",43.6241610738255,50,"Retained"
"C11orf95",43.6241610738255,50,"Retained"
"CD6",43.6241610738255,50,"Retained"
"CENPE",43.6241610738255,50,"Retained"
"DIS3L",43.6241610738255,50,"Retained"
"DZIP3",43.6241610738255,50,"Retained"
"ERG",43.6241610738255,50,"Retained"
"FAM118A",43.6241610738255,50,"Retained"
"GIMAP2",43.6241610738255,50,"Retained"
"GTDC1",43.6241610738255,50,"Retained"
"KLHL42",43.6241610738255,50,"Retained"
"LAT2",43.6241610738255,50,"Retained"
"LTO1",43.6241610738255,50,"Retained"
"MAP3K3",43.6241610738255,50,"Retained"
"MARK1",43.6241610738255,50,"Retained"
"MCL1",43.6241610738255,50,"Retained"
"MVB12B",43.6241610738255,50,"Retained"
"PPM1M",43.6241610738255,50,"Retained"
"PTF1A",43.6241610738255,50,"Retained"
"RPUSD4",43.6241610738255,50,"Retained"
"SNX32",43.6241610738255,50,"Retained"
"TADA1",43.6241610738255,50,"Retained"
"TADA2B",43.6241610738255,50,"Retained"
"TAF1",43.6241610738255,50,"Retained"
"TENT5A",43.6241610738255,50,"Retained"
"TIAM1",43.6241610738255,50,"Retained"
"TRPV4",43.6241610738255,50,"Retained"
"VPS33B",43.6241610738255,50,"Retained"
"XYLT2",43.6241610738255,50,"Retained"
"ZNF549",43.6241610738255,50,"Retained"
"ANAPC13",42.9530201342282,50,"Retained"
"C2CD2",42.9530201342282,50,"Retained"
"CD101",42.9530201342282,50,"Retained"
"CDNF",42.9530201342282,50,"Retained"
"CTNNA2",42.9530201342282,50,"Retained"
"FAM83E",42.9530201342282,50,"Retained"
"FAM92B",42.9530201342282,50,"Retained"
"GIMAP6",42.9530201342282,50,"Retained"
"GNA15",42.9530201342282,50,"Retained"
"GON4L",42.9530201342282,50,"Retained"
"HIVEP3",42.9530201342282,50,"Retained"
"LIN52",42.9530201342282,50,"Retained"
"MANSC1",42.9530201342282,50,"Retained"
"MYPN",42.9530201342282,50,"Retained"
"PCP4",42.9530201342282,50,"Retained"
"PDE8A",42.9530201342282,50,"Retained"
"PLA2G10",42.9530201342282,50,"Retained"
"PLPP6",42.9530201342282,50,"Retained"
"RRN3",42.9530201342282,50,"Retained"
"SCLT1",42.9530201342282,50,"Retained"
"SHCBP1",42.9530201342282,50,"Retained"
"SLC11A2",42.9530201342282,50,"Retained"
"TP53",42.9530201342282,50,"Retained"
"ZBTB40",42.9530201342282,50,"Retained"
"ABCC10",42.2818791946309,50,"Retained"
"BNC2",42.2818791946309,50,"Retained"
"C17orf80",42.2818791946309,50,"Retained"
"C9orf16",42.2818791946309,50,"Retained"
"CALML3",42.2818791946309,50,"Retained"
"DTD2",42.2818791946309,50,"Retained"
"EPHA3",42.2818791946309,50,"Retained"
"MZT2B",42.2818791946309,50,"Retained"
"POLK",42.2818791946309,50,"Retained"
"PRC1",42.2818791946309,50,"Retained"
"SGIP1",42.2818791946309,50,"Retained"
"STEAP2",42.2818791946309,50,"Retained"
"TFAP4",42.2818791946309,50,"Retained"
"TMEM134",42.2818791946309,50,"Retained"
"TRIT1",42.2818791946309,50,"Retained"
"UGT1A6",42.2818791946309,50,"Retained"
"UVSSA",42.2818791946309,50,"Retained"
"ZBTB11",42.2818791946309,50,"Retained"
"AARSD1",41.6107382550336,50,"Retained"
"ABHD5",41.6107382550336,50,"Retained"
"ATXN7L3",41.6107382550336,50,"Retained"
"B4GALT7",41.6107382550336,50,"Retained"
"DAPK2",41.6107382550336,50,"Retained"
"DNAAF2",41.6107382550336,50,"Retained"
"ELAC1",41.6107382550336,50,"Retained"
"FAM168B",41.6107382550336,50,"Retained"
"FAM92A",41.6107382550336,50,"Retained"
"GNB5",41.6107382550336,50,"Retained"
"GPAM",41.6107382550336,50,"Retained"
"GPR39",41.6107382550336,50,"Retained"
"HLA.DQB2",41.6107382550336,50,"Retained"
"IKZF3",41.6107382550336,50,"Retained"
"N4BP2L2",41.6107382550336,50,"Retained"
"NAGPA",41.6107382550336,50,"Retained"
"POLG2",41.6107382550336,50,"Retained"
"POM121C",41.6107382550336,50,"Retained"
"PWWP2B",41.6107382550336,50,"Retained"
"RANGRF",41.6107382550336,50,"Retained"
"S100A7",41.6107382550336,50,"Retained"
"SLC35C1",41.6107382550336,50,"Retained"
"TNFRSF11A",41.6107382550336,50,"Retained"
"ATF7",40.9395973154362,50,"Retained"
"BCL11B",40.9395973154362,50,"Retained"
"CBLC",40.9395973154362,50,"Retained"
"CDK5RAP1",40.9395973154362,50,"Retained"
"CHTF18",40.9395973154362,50,"Retained"
"CTDSPL",40.9395973154362,50,"Retained"
"ECT2",40.9395973154362,50,"Retained"
"FOXP4",40.9395973154362,50,"Retained"
"GBP3",40.9395973154362,50,"Retained"
"HAUS1",40.9395973154362,50,"Retained"
"MAD2L1BP",40.9395973154362,50,"Retained"
"MBTPS1",40.9395973154362,50,"Retained"
"MPEG1",40.9395973154362,50,"Retained"
"MRPL12",40.9395973154362,50,"Retained"
"NAV2",40.9395973154362,50,"Retained"
"NEK3",40.9395973154362,50,"Retained"
"PHETA2",40.9395973154362,50,"Retained"
"PM20D1",40.9395973154362,50,"Retained"
"RAP2C",40.9395973154362,50,"Retained"
"SLC38A1",40.9395973154362,50,"Retained"
"SNX16",40.9395973154362,50,"Retained"
"YDJC",40.9395973154362,50,"Retained"
"ZFPM1",40.9395973154362,50,"Retained"
"ZG16B",40.9395973154362,50,"Retained"
"CEBPZOS",40.2684563758389,50,"Retained"
"CRYBB1",40.2684563758389,50,"Retained"
"FOS",40.2684563758389,50,"Retained"
"JAK3",40.2684563758389,50,"Retained"
"JOSD2",40.2684563758389,50,"Retained"
"KAT5",40.2684563758389,50,"Retained"
"KL",40.2684563758389,50,"Retained"
"LEF1",40.2684563758389,50,"Retained"
"NPAT",40.2684563758389,50,"Retained"
"PCLO",40.2684563758389,50,"Retained"
"PDE1B",40.2684563758389,50,"Retained"
"PRODH",40.2684563758389,50,"Retained"
"PRR36",40.2684563758389,50,"Retained"
"PTPN21",40.2684563758389,50,"Retained"
"PXDC1",40.2684563758389,50,"Retained"
"SDK1",40.2684563758389,50,"Retained"
"SIK2",40.2684563758389,50,"Retained"
"SLC25A21",40.2684563758389,50,"Retained"
"SLC25A45",40.2684563758389,50,"Retained"
"SLC35A5",40.2684563758389,50,"Retained"
"SLC39A4",40.2684563758389,50,"Retained"
"SLCO2B1",40.2684563758389,50,"Retained"
"STN1",40.2684563758389,50,"Retained"
"TMEM132A",40.2684563758389,50,"Retained"
"TRAM2",40.2684563758389,50,"Retained"
"TRIM36",40.2684563758389,50,"Retained"
"UNCX",40.2684563758389,50,"Retained"
"VEGFC",40.2684563758389,50,"Retained"
"ZDHHC4",40.2684563758389,50,"Retained"
"CCDC137",39.5973154362416,50,"Retained"
"CEP55",39.5973154362416,50,"Retained"
"CSNK1G1",39.5973154362416,50,"Retained"
"DENND5B",39.5973154362416,50,"Retained"
"DTWD1",39.5973154362416,50,"Retained"
"HAUS4",39.5973154362416,50,"Retained"
"HIVEP2",39.5973154362416,50,"Retained"
"HMBOX1",39.5973154362416,50,"Retained"
"KPTN",39.5973154362416,50,"Retained"
"LFNG",39.5973154362416,50,"Retained"
"MOB3B",39.5973154362416,50,"Retained"
"POLD4",39.5973154362416,50,"Retained"
"PRIM1",39.5973154362416,50,"Retained"
"RAD54L2",39.5973154362416,50,"Retained"
"RNF166",39.5973154362416,50,"Retained"
"SNAP47",39.5973154362416,50,"Retained"
"SPAG8",39.5973154362416,50,"Retained"
"SPRY4",39.5973154362416,50,"Retained"
"SYN2",39.5973154362416,50,"Retained"
"TBC1D14",39.5973154362416,50,"Retained"
"TM4SF4",39.5973154362416,50,"Retained"
"TMED7",39.5973154362416,50,"Retained"
"TMEM135",39.5973154362416,50,"Retained"
"TTC14",39.5973154362416,50,"Retained"
"ZBTB2",39.5973154362416,50,"Retained"
"ZNF629",39.5973154362416,50,"Retained"
"ADAMDEC1",38.9261744966443,50,"Retained"
"ALAS1",38.9261744966443,50,"Retained"
"ANKRD49",38.9261744966443,50,"Retained"
"ARMCX6",38.9261744966443,50,"Retained"
"C9orf72",38.9261744966443,50,"Retained"
"CHST11",38.9261744966443,50,"Retained"
"CRYM",38.9261744966443,50,"Retained"
"CUEDC1",38.9261744966443,50,"Retained"
"DIXDC1",38.9261744966443,50,"Retained"
"GPN3",38.9261744966443,50,"Retained"
"KIAA1211L",38.9261744966443,50,"Retained"
"KIF15",38.9261744966443,50,"Retained"
"KIFC1",38.9261744966443,50,"Retained"
"MIPOL1",38.9261744966443,50,"Retained"
"MUL1",38.9261744966443,50,"Retained"
"NDUFC1",38.9261744966443,50,"Retained"
"NKIRAS1",38.9261744966443,50,"Retained"
"OSBPL6",38.9261744966443,50,"Retained"
"PGAP4",38.9261744966443,50,"Retained"
"PLEKHB2",38.9261744966443,50,"Retained"
"PRKD3",38.9261744966443,50,"Retained"
"PYROXD2",38.9261744966443,50,"Retained"
"RFLNA",38.9261744966443,50,"Retained"
"SLC35A1",38.9261744966443,50,"Retained"
"SMIM24",38.9261744966443,50,"Retained"
"SUGCT",38.9261744966443,50,"Retained"
"TENM4",38.9261744966443,50,"Retained"
"TTC22",38.9261744966443,50,"Retained"
"TUT1",38.9261744966443,50,"Retained"
"UBXN2A",38.9261744966443,50,"Retained"
"ZMIZ2",38.9261744966443,50,"Retained"
"ZNF460",38.9261744966443,50,"Retained"
"ABHD17B",38.255033557047,50,"Retained"
"ADCYAP1",38.255033557047,50,"Retained"
"ANKRD16",38.255033557047,50,"Retained"
"CDKL5",38.255033557047,50,"Retained"
"CHAC2",38.255033557047,50,"Retained"
"CKS1B",38.255033557047,50,"Retained"
"CUEDC2",38.255033557047,50,"Retained"
"CYB561",38.255033557047,50,"Retained"
"DEF8",38.255033557047,50,"Retained"
"DENND11",38.255033557047,50,"Retained"
"EFS",38.255033557047,50,"Retained"
"FBXL6",38.255033557047,50,"Retained"
"HBZ",38.255033557047,50,"Retained"
"HIGD2A",38.255033557047,50,"Retained"
"IGLV2.14",38.255033557047,50,"Retained"
"KSR2",38.255033557047,50,"Retained"
"LRIG1",38.255033557047,50,"Retained"
"NBR1",38.255033557047,50,"Retained"
"NEK8",38.255033557047,50,"Retained"
"NKAP",38.255033557047,50,"Retained"
"POM121",38.255033557047,50,"Retained"
"PTDSS2",38.255033557047,50,"Retained"
"SNX13",38.255033557047,50,"Retained"
"ALG3",37.5838926174497,50,"Retained"
"AMZ2",37.5838926174497,50,"Retained"
"AUTS2",37.5838926174497,50,"Retained"
"C6orf120",37.5838926174497,50,"Retained"
"CAMK2A",37.5838926174497,50,"Retained"
"DSG3",37.5838926174497,50,"Retained"
"DUSP11",37.5838926174497,50,"Retained"
"FAM126B",37.5838926174497,50,"Retained"
"FCHO1",37.5838926174497,50,"Retained"
"GAS2L1",37.5838926174497,50,"Retained"
"GYPA",37.5838926174497,50,"Retained"
"IFRD1",37.5838926174497,50,"Retained"
"KIAA1324L",37.5838926174497,50,"Retained"
"MDM1",37.5838926174497,50,"Retained"
"PDGFA",37.5838926174497,50,"Retained"
"PGGHG",37.5838926174497,50,"Retained"
"PKIA",37.5838926174497,50,"Retained"
"RAB11FIP2",37.5838926174497,50,"Retained"
"SEMA3B",37.5838926174497,50,"Retained"
"ST3GAL6",37.5838926174497,50,"Retained"
"TAB3",37.5838926174497,50,"Retained"
"TCN2",37.5838926174497,50,"Retained"
"TNFAIP1",37.5838926174497,50,"Retained"
"USP30",37.5838926174497,50,"Retained"
"ZNF507",37.5838926174497,50,"Retained"
"APBA1",36.9127516778523,50,"Retained"
"ARPIN",36.9127516778523,50,"Retained"
"B3GNT3",36.9127516778523,50,"Retained"
"BICRAL",36.9127516778523,50,"Retained"
"CHST12",36.9127516778523,50,"Retained"
"CSNK2B",36.9127516778523,50,"Retained"
"CXXC5",36.9127516778523,50,"Retained"
"DSCAML1",36.9127516778523,50,"Retained"
"EAF1",36.9127516778523,50,"Retained"
"ERF",36.9127516778523,50,"Retained"
"FAM151B",36.9127516778523,50,"Retained"
"FGFBP1",36.9127516778523,50,"Retained"
"KCTD16",36.9127516778523,50,"Retained"
"KIAA0556",36.9127516778523,50,"Retained"
"LPL",36.9127516778523,50,"Retained"
"MUCL3",36.9127516778523,50,"Retained"
"OXLD1",36.9127516778523,50,"Retained"
"PIGN",36.9127516778523,50,"Retained"
"PROM2",36.9127516778523,50,"Retained"
"RBM18",36.9127516778523,50,"Retained"
"SURF2",36.9127516778523,50,"Retained"
"TDRP",36.9127516778523,50,"Retained"
"TNFRSF10B",36.9127516778523,50,"Retained"
"TULP3",36.9127516778523,50,"Retained"
"WWP1",36.9127516778523,50,"Retained"
"ADAT3",36.241610738255,50,"Retained"
"AP4B1",36.241610738255,50,"Retained"
"B3GALT6",36.241610738255,50,"Retained"
"C1orf109",36.241610738255,50,"Retained"
"C6orf89",36.241610738255,50,"Retained"
"C8orf37",36.241610738255,50,"Retained"
"CAPN8",36.241610738255,50,"Retained"
"CEP162",36.241610738255,50,"Retained"
"CHST3",36.241610738255,50,"Retained"
"CLK3",36.241610738255,50,"Retained"
"FADS2",36.241610738255,50,"Retained"
"GATA6",36.241610738255,50,"Retained"
"GIP",36.241610738255,50,"Retained"
"IGKV1.8",36.241610738255,50,"Retained"
"KIAA0586",36.241610738255,50,"Retained"
"LENG1",36.241610738255,50,"Retained"
"LRRC45",36.241610738255,50,"Retained"
"PCBP4",36.241610738255,50,"Retained"
"PLCL1",36.241610738255,50,"Retained"
"RHBDD1",36.241610738255,50,"Retained"
"SFRP5",36.241610738255,50,"Retained"
"SYNJ2BP",36.241610738255,50,"Retained"
"TMCC1",36.241610738255,50,"Retained"
"TSKU",36.241610738255,50,"Retained"
"VASH1",36.241610738255,50,"Retained"
"VSIG1",36.241610738255,50,"Retained"
"ZNF106",36.241610738255,50,"Retained"
"ADAMTS5",35.5704697986577,50,"Retained"
"AQP5",35.5704697986577,50,"Retained"
"CASR",35.5704697986577,50,"Retained"
"CSF1",35.5704697986577,50,"Retained"
"DCAF16",35.5704697986577,50,"Retained"
"GDPD1",35.5704697986577,50,"Retained"
"IGHV3.64",35.5704697986577,50,"Retained"
"JMJD7",35.5704697986577,50,"Retained"
"KRTCAP3",35.5704697986577,50,"Retained"
"LARP6",35.5704697986577,50,"Retained"
"MARVELD3",35.5704697986577,50,"Retained"
"POC5",35.5704697986577,50,"Retained"
"PTPN4",35.5704697986577,50,"Retained"
"RGS12",35.5704697986577,50,"Retained"
"RILP",35.5704697986577,50,"Retained"
"RPP14",35.5704697986577,50,"Retained"
"SELENOT",35.5704697986577,50,"Retained"
"SMCO3",35.5704697986577,50,"Retained"
"SPI1",35.5704697986577,50,"Retained"
"TRERF1",35.5704697986577,50,"Retained"
"TRIM41",35.5704697986577,50,"Retained"
"VANGL1",35.5704697986577,50,"Retained"
"ZNF768",35.5704697986577,50,"Retained"
"ACE2",34.8993288590604,50,"Retained"
"ARHGAP44",34.8993288590604,50,"Retained"
"BLZF1",34.8993288590604,50,"Retained"
"CCNL2",34.8993288590604,50,"Retained"
"CCNYL1",34.8993288590604,50,"Retained"
"CD209",34.8993288590604,50,"Retained"
"CHAF1A",34.8993288590604,50,"Retained"
"CNTNAP1",34.8993288590604,50,"Retained"
"EZH1",34.8993288590604,50,"Retained"
"FOLR1",34.8993288590604,50,"Retained"
"GAL3ST4",34.8993288590604,50,"Retained"
"GINS1",34.8993288590604,50,"Retained"
"HAUS5",34.8993288590604,50,"Retained"
"HSD3B7",34.8993288590604,50,"Retained"
"IGF2BP1",34.8993288590604,50,"Retained"
"IL32",34.8993288590604,50,"Retained"
"MAST2",34.8993288590604,50,"Retained"
"MBLAC1",34.8993288590604,50,"Retained"
"MEIOC",34.8993288590604,50,"Retained"
"MNT",34.8993288590604,50,"Retained"
"MYO7A",34.8993288590604,50,"Retained"
"RHAG",34.8993288590604,50,"Retained"
"RINL",34.8993288590604,50,"Retained"
"RNF10",34.8993288590604,50,"Retained"
"SELENON",34.8993288590604,50,"Retained"
"SH3GL2",34.8993288590604,50,"Retained"
"TCF7L2",34.8993288590604,50,"Retained"
"TMEM184C",34.8993288590604,50,"Retained"
"TMEM62",34.8993288590604,50,"Retained"
"ZNF217",34.8993288590604,50,"Retained"
"ABHD4",34.2281879194631,50,"Retained"
"ACTN2",34.2281879194631,50,"Retained"
"ATP13A2",34.2281879194631,50,"Retained"
"BEND3",34.2281879194631,50,"Retained"
"CR2",34.2281879194631,50,"Retained"
"CYP2U1",34.2281879194631,50,"Retained"
"CYP4F12",34.2281879194631,50,"Retained"
"GEMIN7",34.2281879194631,50,"Retained"
"GPATCH4",34.2281879194631,50,"Retained"
"JMJD8",34.2281879194631,50,"Retained"
"NDUFA4L2",34.2281879194631,50,"Retained"
"PNMA2",34.2281879194631,50,"Retained"
"S100G",34.2281879194631,50,"Retained"
"SDHAF4",34.2281879194631,50,"Retained"
"SECISBP2",34.2281879194631,50,"Retained"
"SGK2",34.2281879194631,50,"Retained"
"SHB",34.2281879194631,50,"Retained"
"SLC12A6",34.2281879194631,50,"Retained"
"SRSF6",34.2281879194631,50,"Retained"
"TMEM160",34.2281879194631,50,"Retained"
"TMEM63B",34.2281879194631,50,"Retained"
"AIG1",33.5570469798658,50,"Retained"
"ATAD2B",33.5570469798658,50,"Retained"
"BCL3",33.5570469798658,50,"Retained"
"CARD10",33.5570469798658,50,"Retained"
"CCNL1",33.5570469798658,50,"Retained"
"CCP110",33.5570469798658,50,"Retained"
"CREG1",33.5570469798658,50,"Retained"
"FAM193A",33.5570469798658,50,"Retained"
"FAR1",33.5570469798658,50,"Retained"
"HAUS2",33.5570469798658,50,"Retained"
"HYDIN",33.5570469798658,50,"Retained"
"LIN7A",33.5570469798658,50,"Retained"
"MAN2A2",33.5570469798658,50,"Retained"
"MBIP",33.5570469798658,50,"Retained"
"MRM1",33.5570469798658,50,"Retained"
"NPRL2",33.5570469798658,50,"Retained"
"RND3",33.5570469798658,50,"Retained"
"RSL24D1",33.5570469798658,50,"Retained"
"SFT2D2",33.5570469798658,50,"Retained"
"SLC25A16",33.5570469798658,50,"Retained"
"TDG",33.5570469798658,50,"Retained"
"USP20",33.5570469798658,50,"Retained"
"WWC1",33.5570469798658,50,"Retained"
"YBEY",33.5570469798658,50,"Retained"
"ADNP2",32.8859060402685,50,"Retained"
"BANF2",32.8859060402685,50,"Retained"
"BOLA1",32.8859060402685,50,"Retained"
"CDKN2B",32.8859060402685,50,"Retained"
"CEP164",32.8859060402685,50,"Retained"
"CYTH2",32.8859060402685,50,"Retained"
"DENND5A",32.8859060402685,50,"Retained"
"DGKE",32.8859060402685,50,"Retained"
"DIPK1A",32.8859060402685,50,"Retained"
"ESYT3",32.8859060402685,50,"Retained"
"EXTL2",32.8859060402685,50,"Retained"
"FBXW8",32.8859060402685,50,"Retained"
"FMC1",32.8859060402685,50,"Retained"
"GPRASP2",32.8859060402685,50,"Retained"
"HERPUD1",32.8859060402685,50,"Retained"
"KIAA0355",32.8859060402685,50,"Retained"
"LRRC17",32.8859060402685,50,"Retained"
"MYORG",32.8859060402685,50,"Retained"
"NDOR1",32.8859060402685,50,"Retained"
"PDGFD",32.8859060402685,50,"Retained"
"PER3",32.8859060402685,50,"Retained"
"PEX11A",32.8859060402685,50,"Retained"
"PROSER1",32.8859060402685,50,"Retained"
"SEZ6L2",32.8859060402685,50,"Retained"
"SPOCK2",32.8859060402685,50,"Retained"
"STARD3",32.8859060402685,50,"Retained"
"TMEM161A",32.8859060402685,50,"Retained"
"TTC8",32.8859060402685,50,"Retained"
"VPS54",32.8859060402685,50,"Retained"
"ZNF292",32.8859060402685,50,"Retained"
"ZNF316",32.8859060402685,50,"Retained"
"ANKRD26",32.2147651006711,50,"Retained"
"CHSY1",32.2147651006711,50,"Retained"
"DHRS13",32.2147651006711,50,"Retained"
"ENTPD7",32.2147651006711,50,"Retained"
"FAM122A",32.2147651006711,50,"Retained"
"FCGR1A",32.2147651006711,50,"Retained"
"FKBPL",32.2147651006711,50,"Retained"
"GABARAP",32.2147651006711,50,"Retained"
"HFE",32.2147651006711,50,"Retained"
"HSD11B2",32.2147651006711,50,"Retained"
"IGHV3.73",32.2147651006711,50,"Retained"
"METTL9",32.2147651006711,50,"Retained"
"NCAPG2",32.2147651006711,50,"Retained"
"NRM",32.2147651006711,50,"Retained"
"OSGEPL1",32.2147651006711,50,"Retained"
"PLA1A",32.2147651006711,50,"Retained"
"PRDM16",32.2147651006711,50,"Retained"
"RASGRF2",32.2147651006711,50,"Retained"
"SYT7",32.2147651006711,50,"Retained"
"TIFA",32.2147651006711,50,"Retained"
"ZC3H8",32.2147651006711,50,"Retained"
"ZNF516",32.2147651006711,50,"Retained"
"ZNRF1",32.2147651006711,50,"Retained"
"ABTB2",31.5436241610738,50,"Retained"
"CHFR",31.5436241610738,50,"Retained"
"EEF1E1",31.5436241610738,50,"Retained"
"ENTPD4",31.5436241610738,50,"Retained"
"LRRC25",31.5436241610738,50,"Retained"
"MAP3K8",31.5436241610738,50,"Retained"
"NEIL2",31.5436241610738,50,"Retained"
"OGFOD3",31.5436241610738,50,"Retained"
"PTPRU",31.5436241610738,50,"Retained"
"RASSF4",31.5436241610738,50,"Retained"
"SLC15A1",31.5436241610738,50,"Retained"
"ST3GAL4",31.5436241610738,50,"Retained"
"STC1",31.5436241610738,50,"Retained"
"TCF12",31.5436241610738,50,"Retained"
"TMEM258",31.5436241610738,50,"Retained"
"ZCCHC7",31.5436241610738,50,"Retained"
"ZDHHC7",31.5436241610738,50,"Retained"
"AMBRA1",30.8724832214765,50,"Retained"
"ANKS4B",30.8724832214765,50,"Retained"
"ATRAID",30.8724832214765,50,"Retained"
"C2CD2L",30.8724832214765,50,"Retained"
"CAMKMT",30.8724832214765,50,"Retained"
"CCDC85C",30.8724832214765,50,"Retained"
"CHD6",30.8724832214765,50,"Retained"
"DYNC2LI1",30.8724832214765,50,"Retained"
"EXT1",30.8724832214765,50,"Retained"
"FAM180A",30.8724832214765,50,"Retained"
"FAM221A",30.8724832214765,50,"Retained"
"FASTKD1",30.8724832214765,50,"Retained"
"FURIN",30.8724832214765,50,"Retained"
"HAUS6",30.8724832214765,50,"Retained"
"HELLS",30.8724832214765,50,"Retained"
"HEXD",30.8724832214765,50,"Retained"
"INO80C",30.8724832214765,50,"Retained"
"LATS1",30.8724832214765,50,"Retained"
"MED30",30.8724832214765,50,"Retained"
"MGAM",30.8724832214765,50,"Retained"
"NAA38",30.8724832214765,50,"Retained"
"NFKBIA",30.8724832214765,50,"Retained"
"NOCT",30.8724832214765,50,"Retained"
"PDE3B",30.8724832214765,50,"Retained"
"PEX16",30.8724832214765,50,"Retained"
"PTPN3",30.8724832214765,50,"Retained"
"RP9",30.8724832214765,50,"Retained"
"RPS6KB2",30.8724832214765,50,"Retained"
"SIGLEC10",30.8724832214765,50,"Retained"
"TM7SF2",30.8724832214765,50,"Retained"
"TMEM167A",30.8724832214765,50,"Retained"
"CCDC71L",30.2013422818792,50,"Retained"
"CD300A",30.2013422818792,50,"Retained"
"CD33",30.2013422818792,50,"Retained"
"FANCI",30.2013422818792,50,"Retained"
"GCNT1",30.2013422818792,50,"Retained"
"GEMIN6",30.2013422818792,50,"Retained"
"GINS3",30.2013422818792,50,"Retained"
"GLMP",30.2013422818792,50,"Retained"
"GP6",30.2013422818792,50,"Retained"
"MRPL35",30.2013422818792,50,"Retained"
"MT1A",30.2013422818792,50,"Retained"
"PDE2A",30.2013422818792,50,"Retained"
"PMS1",30.2013422818792,50,"Retained"
"POLRMT",30.2013422818792,50,"Retained"
"PRKN",30.2013422818792,50,"Retained"
"RPH3A",30.2013422818792,50,"Retained"
"RPUSD3",30.2013422818792,50,"Retained"
"SESN1",30.2013422818792,50,"Retained"
"SLC9A6",30.2013422818792,50,"Retained"
"SLIT1",30.2013422818792,50,"Retained"
"SSH2",30.2013422818792,50,"Retained"
"TDRKH",30.2013422818792,50,"Retained"
"TOMM6",30.2013422818792,50,"Retained"
"VDR",30.2013422818792,50,"Retained"
"XPO6",30.2013422818792,50,"Retained"
"ZHX1",30.2013422818792,50,"Retained"
"ABHD2",29.5302013422819,50,"Retained"
"ALKBH3",29.5302013422819,50,"Retained"
"ANKS6",29.5302013422819,50,"Retained"
"BANK1",29.5302013422819,50,"Retained"
"C1D",29.5302013422819,50,"Retained"
"C2orf88",29.5302013422819,50,"Retained"
"CADM4",29.5302013422819,50,"Retained"
"CLDND1",29.5302013422819,50,"Retained"
"CTSO",29.5302013422819,50,"Retained"
"FAM207A",29.5302013422819,50,"Retained"
"HACE1",29.5302013422819,50,"Retained"
"IFT46",29.5302013422819,50,"Retained"
"IGHV2.70D",29.5302013422819,50,"Retained"
"IGHV4.4",29.5302013422819,50,"Retained"
"IGLV3.27",29.5302013422819,50,"Retained"
"ITGB8",29.5302013422819,50,"Retained"
"ITLN2",29.5302013422819,50,"Retained"
"LRP10",29.5302013422819,50,"Retained"
"LY6E",29.5302013422819,50,"Retained"
"MARVELD1",29.5302013422819,50,"Retained"
"MTHFS",29.5302013422819,50,"Retained"
"NAF1",29.5302013422819,50,"Retained"
"NOA1",29.5302013422819,50,"Retained"
"OGFOD1",29.5302013422819,50,"Retained"
"PI3",29.5302013422819,50,"Retained"
"RAB26",29.5302013422819,50,"Retained"
"RFXAP",29.5302013422819,50,"Retained"
"RNF34",29.5302013422819,50,"Retained"
"RUNDC1",29.5302013422819,50,"Retained"
"SH3RF3",29.5302013422819,50,"Retained"
"SLC66A2",29.5302013422819,50,"Retained"
"TBC1D7",29.5302013422819,50,"Retained"
"TBC1D9",29.5302013422819,50,"Retained"
"TFAP2E",29.5302013422819,50,"Retained"
"TYW1",29.5302013422819,50,"Retained"
"USP53",29.5302013422819,50,"Retained"
"XIRP2",29.5302013422819,50,"Retained"
"ADCY9",28.8590604026846,50,"Retained"
"ATP7B",28.8590604026846,50,"Retained"
"C12orf43",28.8590604026846,50,"Retained"
"DCBLD2",28.8590604026846,50,"Retained"
"DCUN1D4",28.8590604026846,50,"Retained"
"DOP1A",28.8590604026846,50,"Retained"
"EIF1B",28.8590604026846,50,"Retained"
"FAM174A",28.8590604026846,50,"Retained"
"FNTB",28.8590604026846,50,"Retained"
"FREM1",28.8590604026846,50,"Retained"
"FRRS1",28.8590604026846,50,"Retained"
"FZR1",28.8590604026846,50,"Retained"
"GGNBP2",28.8590604026846,50,"Retained"
"ILRUN",28.8590604026846,50,"Retained"
"KLF3",28.8590604026846,50,"Retained"
"LGSN",28.8590604026846,50,"Retained"
"LTC4S",28.8590604026846,50,"Retained"
"OSBP2",28.8590604026846,50,"Retained"
"POLR3K",28.8590604026846,50,"Retained"
"PPP1R3F",28.8590604026846,50,"Retained"
"RPAP2",28.8590604026846,50,"Retained"
"SIPA1L2",28.8590604026846,50,"Retained"
"SIX5",28.8590604026846,50,"Retained"
"SYTL5",28.8590604026846,50,"Retained"
"TERF1",28.8590604026846,50,"Retained"
"TRIP13",28.8590604026846,50,"Retained"
"UGT2B17",28.8590604026846,50,"Retained"
"UQCC3",28.8590604026846,50,"Retained"
"BAP1",28.1879194630872,50,"Retained"
"BRWD1",28.1879194630872,50,"Retained"
"C12orf75",28.1879194630872,50,"Retained"
"CD79A",28.1879194630872,50,"Retained"
"CDH2",28.1879194630872,50,"Retained"
"CLDN1",28.1879194630872,50,"Retained"
"CLUAP1",28.1879194630872,50,"Retained"
"CTNND2",28.1879194630872,50,"Retained"
"EFCAB14",28.1879194630872,50,"Retained"
"ETS1",28.1879194630872,50,"Retained"
"FBN2",28.1879194630872,50,"Retained"
"GTF3A",28.1879194630872,50,"Retained"
"IGHV2.70",28.1879194630872,50,"Retained"
"KIF2C",28.1879194630872,50,"Retained"
"KIF7",28.1879194630872,50,"Retained"
"PCDHGC5",28.1879194630872,50,"Retained"
"PEX12",28.1879194630872,50,"Retained"
"PHKA1",28.1879194630872,50,"Retained"
"PRKCQ",28.1879194630872,50,"Retained"
"RBM23",28.1879194630872,50,"Retained"
"RNF151",28.1879194630872,50,"Retained"
"SLC20A2",28.1879194630872,50,"Retained"
"SLC38A5",28.1879194630872,50,"Retained"
"SNAP91",28.1879194630872,50,"Retained"
"SNRNP35",28.1879194630872,50,"Retained"
"SULT1E1",28.1879194630872,50,"Retained"
"ADAM8",27.5167785234899,50,"Retained"
"ADAT1",27.5167785234899,50,"Retained"
"C4orf3",27.5167785234899,50,"Retained"
"C5AR1",27.5167785234899,50,"Retained"
"CHRAC1",27.5167785234899,50,"Retained"
"CILP2",27.5167785234899,50,"Retained"
"DUOXA2",27.5167785234899,50,"Retained"
"FGFR1",27.5167785234899,50,"Retained"
"GAD2",27.5167785234899,50,"Retained"
"GNPTAB",27.5167785234899,50,"Retained"
"GTF2H3",27.5167785234899,50,"Retained"
"IFT43",27.5167785234899,50,"Retained"
"IFT80",27.5167785234899,50,"Retained"
"IGHV7.81",27.5167785234899,50,"Retained"
"KAT14",27.5167785234899,50,"Retained"
"MED31",27.5167785234899,50,"Retained"
"MRPS24",27.5167785234899,50,"Retained"
"NDC80",27.5167785234899,50,"Retained"
"NLRC4",27.5167785234899,50,"Retained"
"PLCE1",27.5167785234899,50,"Retained"
"PRIM2",27.5167785234899,50,"Retained"
"RALYL",27.5167785234899,50,"Retained"
"RHOQ",27.5167785234899,50,"Retained"
"RNF5",27.5167785234899,50,"Retained"
"SARNP",27.5167785234899,50,"Retained"
"SDHC",27.5167785234899,50,"Retained"
"SH2D3A",27.5167785234899,50,"Retained"
"SPINK4",27.5167785234899,50,"Retained"
"TCL1A",27.5167785234899,50,"Retained"
"TNFRSF1A",27.5167785234899,50,"Retained"
"TPST1",27.5167785234899,50,"Retained"
"WNT2",27.5167785234899,50,"Retained"
"ABITRAM",26.8456375838926,50,"Retained"
"ADAMTSL5",26.8456375838926,50,"Retained"
"ADGRF5",26.8456375838926,50,"Retained"
"ALG14",26.8456375838926,50,"Retained"
"AP5S1",26.8456375838926,50,"Retained"
"CEP104",26.8456375838926,50,"Retained"
"CST6",26.8456375838926,50,"Retained"
"DCD",26.8456375838926,50,"Retained"
"EIF4EBP3",26.8456375838926,50,"Retained"
"HSPBAP1",26.8456375838926,50,"Retained"
"MPZL2",26.8456375838926,50,"Retained"
"PILRA",26.8456375838926,50,"Retained"
"RAD1",26.8456375838926,50,"Retained"
"RUNX2",26.8456375838926,50,"Retained"
"SELENOI",26.8456375838926,50,"Retained"
"SMYD2",26.8456375838926,50,"Retained"
"TMUB2",26.8456375838926,50,"Retained"
"UBD",26.8456375838926,50,"Retained"
"VWA5B2",26.8456375838926,50,"Retained"
"ABCG1",26.1744966442953,50,"Retained"
"BBS4",26.1744966442953,50,"Retained"
"CYP4F3",26.1744966442953,50,"Retained"
"ENO3",26.1744966442953,50,"Retained"
"ERG28",26.1744966442953,50,"Retained"
"FITM2",26.1744966442953,50,"Retained"
"FST",26.1744966442953,50,"Retained"
"LURAP1L",26.1744966442953,50,"Retained"
"NUDT8",26.1744966442953,50,"Retained"
"P4HTM",26.1744966442953,50,"Retained"
"PRKAA2",26.1744966442953,50,"Retained"
"SCARF1",26.1744966442953,50,"Retained"
"SLC25A40",26.1744966442953,50,"Retained"
"TBC1D30",26.1744966442953,50,"Retained"
"TMEM208",26.1744966442953,50,"Retained"
"WDR60",26.1744966442953,50,"Retained"
"YIPF1",26.1744966442953,50,"Retained"
"ALG8",25.503355704698,50,"Retained"
"CARMIL2",25.503355704698,50,"Retained"
"CEP112",25.503355704698,50,"Retained"
"CWC25",25.503355704698,50,"Retained"
"DENND1B",25.503355704698,50,"Retained"
"G6PC3",25.503355704698,50,"Retained"
"LYRM1",25.503355704698,50,"Retained"
"MAML2",25.503355704698,50,"Retained"
"MED27",25.503355704698,50,"Retained"
"METRNL",25.503355704698,50,"Retained"
"MTO1",25.503355704698,50,"Retained"
"MTUS2",25.503355704698,50,"Retained"
"PDK4",25.503355704698,50,"Retained"
"PER1",25.503355704698,50,"Retained"
"RABL2B",25.503355704698,50,"Retained"
"RIT1",25.503355704698,50,"Retained"
"SERPINB7",25.503355704698,50,"Retained"
"SH3BP5",25.503355704698,50,"Retained"
"SLC2A3",25.503355704698,50,"Retained"
"SMIM22",25.503355704698,50,"Retained"
"TMEM128",25.503355704698,50,"Retained"
"TPX2",25.503355704698,50,"Retained"
"UBXN2B",25.503355704698,50,"Retained"
"VAMP4",25.503355704698,50,"Retained"
"WNT5A",25.503355704698,50,"Retained"
"XPA",25.503355704698,50,"Retained"
"ZFAND5",25.503355704698,50,"Retained"
"ACTR6",24.8322147651007,50,"Retained"
"ADAM22",24.8322147651007,50,"Retained"
"ARHGAP22",24.8322147651007,50,"Retained"
"ATG14",24.8322147651007,50,"Retained"
"BNIP3",24.8322147651007,50,"Retained"
"CAPN9",24.8322147651007,50,"Retained"
"CCDC82",24.8322147651007,50,"Retained"
"CHKA",24.8322147651007,50,"Retained"
"CHN1",24.8322147651007,50,"Retained"
"DNAJC6",24.8322147651007,50,"Retained"
"FGF1",24.8322147651007,50,"Retained"
"FLRT3",24.8322147651007,50,"Retained"
"GJB1",24.8322147651007,50,"Retained"
"GPATCH2",24.8322147651007,50,"Retained"
"HS2ST1",24.8322147651007,50,"Retained"
"HSF2BP",24.8322147651007,50,"Retained"
"IGHV1.24",24.8322147651007,50,"Retained"
"ING5",24.8322147651007,50,"Retained"
"JUN",24.8322147651007,50,"Retained"
"LDB1",24.8322147651007,50,"Retained"
"MED7",24.8322147651007,50,"Retained"
"MS4A6A",24.8322147651007,50,"Retained"
"NEK4",24.8322147651007,50,"Retained"
"NRGN",24.8322147651007,50,"Retained"
"OFD1",24.8322147651007,50,"Retained"
"OR4P4",24.8322147651007,50,"Retained"
"PIGBOS1",24.8322147651007,50,"Retained"
"PLSCR4",24.8322147651007,50,"Retained"
"PRUNE2",24.8322147651007,50,"Retained"
"PTPRH",24.8322147651007,50,"Retained"
"PTPRN",24.8322147651007,50,"Retained"
"RBMS3",24.8322147651007,50,"Retained"
"RPAIN",24.8322147651007,50,"Retained"
"SEPTIN3",24.8322147651007,50,"Retained"
"SMARCD3",24.8322147651007,50,"Retained"
"TM4SF1",24.8322147651007,50,"Retained"
"TMEM30B",24.8322147651007,50,"Retained"
"TOR2A",24.8322147651007,50,"Retained"
"TUSC2",24.8322147651007,50,"Retained"
"UBE2Q2",24.8322147651007,50,"Retained"
"UGT1A10",24.8322147651007,50,"Retained"
"ZDHHC17",24.8322147651007,50,"Retained"
"ZNF644",24.8322147651007,50,"Retained"
"BRSK2",24.1610738255034,50,"Retained"
"CD163L1",24.1610738255034,50,"Retained"
"CD3G",24.1610738255034,50,"Retained"
"CLEC14A",24.1610738255034,50,"Retained"
"CYTH4",24.1610738255034,50,"Retained"
"DAPP1",24.1610738255034,50,"Retained"
"DERL1",24.1610738255034,50,"Retained"
"EPC2",24.1610738255034,50,"Retained"
"EXPH5",24.1610738255034,50,"Retained"
"FBXW11",24.1610738255034,50,"Retained"
"FOLH1",24.1610738255034,50,"Retained"
"FOXA2",24.1610738255034,50,"Retained"
"HBQ1",24.1610738255034,50,"Retained"
"HNF1B",24.1610738255034,50,"Retained"
"IFITM2",24.1610738255034,50,"Retained"
"IGLV7.43",24.1610738255034,50,"Retained"
"ITGB1BP1",24.1610738255034,50,"Retained"
"KLF13",24.1610738255034,50,"Retained"
"NAT14",24.1610738255034,50,"Retained"
"PJA1",24.1610738255034,50,"Retained"
"POT1",24.1610738255034,50,"Retained"
"PTRH1",24.1610738255034,50,"Retained"
"QSER1",24.1610738255034,50,"Retained"
"RAVER2",24.1610738255034,50,"Retained"
"RGCC",24.1610738255034,50,"Retained"
"RNF170",24.1610738255034,50,"Retained"
"SPIDR",24.1610738255034,50,"Retained"
"SRSF8",24.1610738255034,50,"Retained"
"STAT4",24.1610738255034,50,"Retained"
"STX10",24.1610738255034,50,"Retained"
"TMEM199",24.1610738255034,50,"Retained"
"TRIM14",24.1610738255034,50,"Retained"
"ZNF414",24.1610738255034,50,"Retained"
"ABCA1",23.489932885906,50,"Retained"
"AKNA",23.489932885906,50,"Retained"
"ARID5B",23.489932885906,50,"Retained"
"DCAF10",23.489932885906,50,"Retained"
"DSTYK",23.489932885906,50,"Retained"
"FBXO5",23.489932885906,50,"Retained"
"FPGS",23.489932885906,50,"Retained"
"GNG11",23.489932885906,50,"Retained"
"GPBP1L1",23.489932885906,50,"Retained"
"HEG1",23.489932885906,50,"Retained"
"HOMER1",23.489932885906,50,"Retained"
"IGHV1.58",23.489932885906,50,"Retained"
"IGHV1OR15.9",23.489932885906,50,"Retained"
"IGHV4.31",23.489932885906,50,"Retained"
"KDM8",23.489932885906,50,"Retained"
"MMADHC",23.489932885906,50,"Retained"
"NECTIN4",23.489932885906,50,"Retained"
"NOS1AP",23.489932885906,50,"Retained"
"PDX1",23.489932885906,50,"Retained"
"PI4K2B",23.489932885906,50,"Retained"
"PIAS4",23.489932885906,50,"Retained"
"RAD17",23.489932885906,50,"Retained"
"RUNX3",23.489932885906,50,"Retained"
"SLC38A2",23.489932885906,50,"Retained"
"TMUB1",23.489932885906,50,"Retained"
"ZNF276",23.489932885906,50,"Retained"
"ANOS1",22.8187919463087,50,"Retained"
"C1orf52",22.8187919463087,50,"Retained"
"CCNY",22.8187919463087,50,"Retained"
"CD58",22.8187919463087,50,"Retained"
"COL5A3",22.8187919463087,50,"Retained"
"DEPDC5",22.8187919463087,50,"Retained"
"DGAT1",22.8187919463087,50,"Retained"
"DHX33",22.8187919463087,50,"Retained"
"DLC1",22.8187919463087,50,"Retained"
"ERICH1",22.8187919463087,50,"Retained"
"ERRFI1",22.8187919463087,50,"Retained"
"FAM210B",22.8187919463087,50,"Retained"
"GFOD2",22.8187919463087,50,"Retained"
"HMG20B",22.8187919463087,50,"Retained"
"HPSE",22.8187919463087,50,"Retained"
"IFNGR1",22.8187919463087,50,"Retained"
"IGHMBP2",22.8187919463087,50,"Retained"
"KIAA0408",22.8187919463087,50,"Retained"
"KLHL11",22.8187919463087,50,"Retained"
"KMT2E",22.8187919463087,50,"Retained"
"LACC1",22.8187919463087,50,"Retained"
"LYSMD1",22.8187919463087,50,"Retained"
"MEA1",22.8187919463087,50,"Retained"
"MOCS1",22.8187919463087,50,"Retained"
"NCBP2AS2",22.8187919463087,50,"Retained"
"NPY",22.8187919463087,50,"Retained"
"OLFML2B",22.8187919463087,50,"Retained"
"PET100",22.8187919463087,50,"Retained"
"ZFP64",22.8187919463087,50,"Retained"
"ZFYVE9",22.8187919463087,50,"Retained"
"ADH1A",22.1476510067114,50,"Retained"
"ATP6V1G2",22.1476510067114,50,"Retained"
"CALB1",22.1476510067114,50,"Retained"
"CEP76",22.1476510067114,50,"Retained"
"CNST",22.1476510067114,50,"Retained"
"CRIM1",22.1476510067114,50,"Retained"
"ESPN",22.1476510067114,50,"Retained"
"FBXW5",22.1476510067114,50,"Retained"
"GLS2",22.1476510067114,50,"Retained"
"HAUS3",22.1476510067114,50,"Retained"
"MAB21L4",22.1476510067114,50,"Retained"
"MAFG",22.1476510067114,50,"Retained"
"PDGFRA",22.1476510067114,50,"Retained"
"PDZK1IP1",22.1476510067114,50,"Retained"
"POLE",22.1476510067114,50,"Retained"
"PPDPF",22.1476510067114,50,"Retained"
"RNF149",22.1476510067114,50,"Retained"
"SLC30A7",22.1476510067114,50,"Retained"
"SP140L",22.1476510067114,50,"Retained"
"TOMM20",22.1476510067114,50,"Retained"
"TTC3",22.1476510067114,50,"Retained"
"UBE3B",22.1476510067114,50,"Retained"
"USP22",22.1476510067114,50,"Retained"
"WNT11",22.1476510067114,50,"Retained"
"ZFHX3",22.1476510067114,50,"Retained"
"AGAP2",21.4765100671141,50,"Retained"
"ANKRD12",21.4765100671141,50,"Retained"
"ATG101",21.4765100671141,50,"Retained"
"CD84",21.4765100671141,50,"Retained"
"CERS4",21.4765100671141,50,"Retained"
"CKMT2",21.4765100671141,50,"Retained"
"CSGALNACT2",21.4765100671141,50,"Retained"
"DAZAP2",21.4765100671141,50,"Retained"
"DNAJC12",21.4765100671141,50,"Retained"
"ETFRF1",21.4765100671141,50,"Retained"
"GBA2",21.4765100671141,50,"Retained"
"GDPD3",21.4765100671141,50,"Retained"
"GHITM",21.4765100671141,50,"Retained"
"GRP",21.4765100671141,50,"Retained"
"HPS4",21.4765100671141,50,"Retained"
"IL33",21.4765100671141,50,"Retained"
"IL6ST",21.4765100671141,50,"Retained"
"INO80E",21.4765100671141,50,"Retained"
"KIF23",21.4765100671141,50,"Retained"
"KTI12",21.4765100671141,50,"Retained"
"PGAM2",21.4765100671141,50,"Retained"
"PI4K2A",21.4765100671141,50,"Retained"
"PKIG",21.4765100671141,50,"Retained"
"PWWP2A",21.4765100671141,50,"Retained"
"RAB6B",21.4765100671141,50,"Retained"
"RALGPS2",21.4765100671141,50,"Retained"
"RNF167",21.4765100671141,50,"Retained"
"SAYSD1",21.4765100671141,50,"Retained"
"SEMG2",21.4765100671141,50,"Retained"
"SFXN5",21.4765100671141,50,"Retained"
"SLC26A2",21.4765100671141,50,"Retained"
"STON2",21.4765100671141,50,"Retained"
"TBC1D8",21.4765100671141,50,"Retained"
"TNN",21.4765100671141,50,"Retained"
"TOP3A",21.4765100671141,50,"Retained"
"TTI1",21.4765100671141,50,"Retained"
"UBE2L5",21.4765100671141,50,"Retained"
"YIPF6",21.4765100671141,50,"Retained"
"ANKRD11",20.8053691275168,50,"Retained"
"ATF1",20.8053691275168,50,"Retained"
"BCLAF3",20.8053691275168,50,"Retained"
"BTBD1",20.8053691275168,50,"Retained"
"CEP120",20.8053691275168,50,"Retained"
"CHCHD1",20.8053691275168,50,"Retained"
"CHML",20.8053691275168,50,"Retained"
"FZD6",20.8053691275168,50,"Retained"
"GDF15",20.8053691275168,50,"Retained"
"GLIPR1",20.8053691275168,50,"Retained"
"IL18BP",20.8053691275168,50,"Retained"
"ITGA9",20.8053691275168,50,"Retained"
"MGAM2",20.8053691275168,50,"Retained"
"MRAS",20.8053691275168,50,"Retained"
"PCSK9",20.8053691275168,50,"Retained"
"PDGFC",20.8053691275168,50,"Retained"
"PLAAT3",20.8053691275168,50,"Retained"
"PPM1L",20.8053691275168,50,"Retained"
"PPP1R3G",20.8053691275168,50,"Retained"
"SCAI",20.8053691275168,50,"Retained"
"SCOC",20.8053691275168,50,"Retained"
"SLC34A3",20.8053691275168,50,"Retained"
"STK33",20.8053691275168,50,"Retained"
"SYNGR1",20.8053691275168,50,"Retained"
"TAF8",20.8053691275168,50,"Retained"
"TMEM159",20.8053691275168,50,"Retained"
"TNFRSF21",20.8053691275168,50,"Retained"
"WIPF3",20.8053691275168,50,"Retained"
"ZNF532",20.8053691275168,50,"Retained"
"AKR1C2",20.1342281879195,50,"Retained"
"CCL21",20.1342281879195,50,"Retained"
"CTNNAL1",20.1342281879195,50,"Retained"
"DCDC2",20.1342281879195,50,"Retained"
"FAM83G",20.1342281879195,50,"Retained"
"FBXO11",20.1342281879195,50,"Retained"
"FCGR2B",20.1342281879195,50,"Retained"
"GATAD1",20.1342281879195,50,"Retained"
"GEMIN8",20.1342281879195,50,"Retained"
"GRAP",20.1342281879195,50,"Retained"
"HLA.DQA1",20.1342281879195,50,"Retained"
"IGHV3.13",20.1342281879195,50,"Retained"
"KDM5C",20.1342281879195,50,"Retained"
"LIN54",20.1342281879195,50,"Retained"
"LMBRD1",20.1342281879195,50,"Retained"
"MZT1",20.1342281879195,50,"Retained"
"NCOA1",20.1342281879195,50,"Retained"
"NDUFAF8",20.1342281879195,50,"Retained"
"NIN",20.1342281879195,50,"Retained"
"PDCD2L",20.1342281879195,50,"Retained"
"R3HDM1",20.1342281879195,50,"Retained"
"RBFA",20.1342281879195,50,"Retained"
"SLC6A14",20.1342281879195,50,"Retained"
"TMEM102",20.1342281879195,50,"Retained"
"TMEM147",20.1342281879195,50,"Retained"
"UBE2B",20.1342281879195,50,"Retained"
"UBE2E2",20.1342281879195,50,"Retained"
"ZC3H12A",20.1342281879195,50,"Retained"
"A2ML1",19.4630872483221,50,"Retained"
"ACVR1",19.4630872483221,50,"Retained"
"ANGEL2",19.4630872483221,50,"Retained"
"ANKRD10",19.4630872483221,50,"Retained"
"APBA3",19.4630872483221,50,"Retained"
"APC2",19.4630872483221,50,"Retained"
"CAMKK1",19.4630872483221,50,"Retained"
"CMTM3",19.4630872483221,50,"Retained"
"CNTROB",19.4630872483221,50,"Retained"
"DEFA4",19.4630872483221,50,"Retained"
"EIF1AY",19.4630872483221,50,"Retained"
"FBXO21",19.4630872483221,50,"Retained"
"LYPD3",19.4630872483221,50,"Retained"
"LZTS3",19.4630872483221,50,"Retained"
"MAPK8IP3",19.4630872483221,50,"Retained"
"MMP3",19.4630872483221,50,"Retained"
"NAPEPLD",19.4630872483221,50,"Retained"
"NEFM",19.4630872483221,50,"Retained"
"P3H2",19.4630872483221,50,"Retained"
"PLCXD3",19.4630872483221,50,"Retained"
"POP7",19.4630872483221,50,"Retained"
"PPFIA2",19.4630872483221,50,"Retained"
"PTP4A1",19.4630872483221,50,"Retained"
"RAD9A",19.4630872483221,50,"Retained"
"ROR1",19.4630872483221,50,"Retained"
"SFXN4",19.4630872483221,50,"Retained"
"SH3BP5L",19.4630872483221,50,"Retained"
"SMUG1",19.4630872483221,50,"Retained"
"TANGO6",19.4630872483221,50,"Retained"
"TFAP2A",19.4630872483221,50,"Retained"
"TRAPPC6A",19.4630872483221,50,"Retained"
"ZFC3H1",19.4630872483221,50,"Retained"
"ZNF740",19.4630872483221,50,"Retained"
"ZNHIT2",19.4630872483221,50,"Retained"
"ACTRT1",18.7919463087248,50,"Retained"
"BICDL2",18.7919463087248,50,"Retained"
"CCN3",18.7919463087248,50,"Retained"
"DNAJC16",18.7919463087248,50,"Retained"
"E2F4",18.7919463087248,50,"Retained"
"FAM185A",18.7919463087248,50,"Retained"
"FCF1",18.7919463087248,50,"Retained"
"FLI1",18.7919463087248,50,"Retained"
"GEMIN2",18.7919463087248,50,"Retained"
"GLT8D2",18.7919463087248,50,"Retained"
"GPA33",18.7919463087248,50,"Retained"
"GRAMD2B",18.7919463087248,50,"Retained"
"GSE1",18.7919463087248,50,"Retained"
"KLHL26",18.7919463087248,50,"Retained"
"MARVELD2",18.7919463087248,50,"Retained"
"MITF",18.7919463087248,50,"Retained"
"NDUFAF6",18.7919463087248,50,"Retained"
"NOP53",18.7919463087248,50,"Retained"
"NRBP2",18.7919463087248,50,"Retained"
"PABPN1",18.7919463087248,50,"Retained"
"PDSS2",18.7919463087248,50,"Retained"
"PPP1R14C",18.7919463087248,50,"Retained"
"PPTC7",18.7919463087248,50,"Retained"
"PRRX1",18.7919463087248,50,"Retained"
"RASSF6",18.7919463087248,50,"Retained"
"RCCD1",18.7919463087248,50,"Retained"
"RLF",18.7919463087248,50,"Retained"
"RNF2",18.7919463087248,50,"Retained"
"RRP36",18.7919463087248,50,"Retained"
"SLC25A10",18.7919463087248,50,"Retained"
"STRADA",18.7919463087248,50,"Retained"
"TEAD1",18.7919463087248,50,"Retained"
"TLR7",18.7919463087248,50,"Retained"
"TNFSF10",18.7919463087248,50,"Retained"
"TTC26",18.7919463087248,50,"Retained"
"VSIG2",18.7919463087248,50,"Retained"
"WDR54",18.7919463087248,50,"Retained"
"WDR73",18.7919463087248,50,"Retained"
"ZBTB21",18.7919463087248,50,"Retained"
"ACAP3",18.1208053691275,50,"Retained"
"ADAM19",18.1208053691275,50,"Retained"
"ADCK1",18.1208053691275,50,"Retained"
"ARL6IP6",18.1208053691275,50,"Retained"
"B3GNT2",18.1208053691275,50,"Retained"
"BCOR",18.1208053691275,50,"Retained"
"C14orf119",18.1208053691275,50,"Retained"
"CCDC117",18.1208053691275,50,"Retained"
"CHPF",18.1208053691275,50,"Retained"
"COCH",18.1208053691275,50,"Retained"
"CTNNBIP1",18.1208053691275,50,"Retained"
"DCBLD1",18.1208053691275,50,"Retained"
"DPAGT1",18.1208053691275,50,"Retained"
"FABP6",18.1208053691275,50,"Retained"
"GYG2",18.1208053691275,50,"Retained"
"JMY",18.1208053691275,50,"Retained"
"KBTBD4",18.1208053691275,50,"Retained"
"MFSD11",18.1208053691275,50,"Retained"
"NXT1",18.1208053691275,50,"Retained"
"PLA2G7",18.1208053691275,50,"Retained"
"PNMA8B",18.1208053691275,50,"Retained"
"RFLNB",18.1208053691275,50,"Retained"
"SERPINI1",18.1208053691275,50,"Retained"
"SKAP1",18.1208053691275,50,"Retained"
"SREK1IP1",18.1208053691275,50,"Retained"
"TBC1D20",18.1208053691275,50,"Retained"
"TENT5C",18.1208053691275,50,"Retained"
"TIMM17B",18.1208053691275,50,"Retained"
"TNRC6A",18.1208053691275,50,"Retained"
"UCK1",18.1208053691275,50,"Retained"
"UTP23",18.1208053691275,50,"Retained"
"VAV3",18.1208053691275,50,"Retained"
"VWA2",18.1208053691275,50,"Retained"
"WNT4",18.1208053691275,50,"Retained"
"ALOX15B",17.4496644295302,50,"Retained"
"CD3E",17.4496644295302,50,"Retained"
"CXCL5",17.4496644295302,50,"Retained"
"DERL3",17.4496644295302,50,"Retained"
"DGKH",17.4496644295302,50,"Retained"
"DTX2",17.4496644295302,50,"Retained"
"DVL1",17.4496644295302,50,"Retained"
"ESAM",17.4496644295302,50,"Retained"
"FAM210A",17.4496644295302,50,"Retained"
"FCN2",17.4496644295302,50,"Retained"
"GRAMD1A",17.4496644295302,50,"Retained"
"IFT57",17.4496644295302,50,"Retained"
"IGHV2.26",17.4496644295302,50,"Retained"
"IKBKE",17.4496644295302,50,"Retained"
"JAM3",17.4496644295302,50,"Retained"
"KIF21B",17.4496644295302,50,"Retained"
"KIF5C",17.4496644295302,50,"Retained"
"KIFC3",17.4496644295302,50,"Retained"
"LCK",17.4496644295302,50,"Retained"
"LRRC8A",17.4496644295302,50,"Retained"
"MASP2",17.4496644295302,50,"Retained"
"MED9",17.4496644295302,50,"Retained"
"MSANTD2",17.4496644295302,50,"Retained"
"MT1G",17.4496644295302,50,"Retained"
"NAPB",17.4496644295302,50,"Retained"
"NFYA",17.4496644295302,50,"Retained"
"PPP2R5B",17.4496644295302,50,"Retained"
"PRR15L",17.4496644295302,50,"Retained"
"SDS",17.4496644295302,50,"Retained"
"SERPINB4",17.4496644295302,50,"Retained"
"SOGA1",17.4496644295302,50,"Retained"
"SPP2",17.4496644295302,50,"Retained"
"SRD5A3",17.4496644295302,50,"Retained"
"TCEAL1",17.4496644295302,50,"Retained"
"THAP4",17.4496644295302,50,"Retained"
"TIMM22",17.4496644295302,50,"Retained"
"TMEM65",17.4496644295302,50,"Retained"
"TSR3",17.4496644295302,50,"Retained"
"ULK3",17.4496644295302,50,"Retained"
"UNC119",17.4496644295302,50,"Retained"
"UNC5B",17.4496644295302,50,"Retained"
"USP32",17.4496644295302,50,"Retained"
"ADGRE2",16.7785234899329,50,"Retained"
"ADRA2A",16.7785234899329,50,"Retained"
"AP4M1",16.7785234899329,50,"Retained"
"ATP1A3",16.7785234899329,50,"Retained"
"C19orf47",16.7785234899329,50,"Retained"
"C19orf53",16.7785234899329,50,"Retained"
"CDC42SE2",16.7785234899329,50,"Retained"
"CHRDL1",16.7785234899329,50,"Retained"
"CLASRP",16.7785234899329,50,"Retained"
"DDR2",16.7785234899329,50,"Retained"
"DENND1C",16.7785234899329,50,"Retained"
"ECHDC2",16.7785234899329,50,"Retained"
"EIF5A2",16.7785234899329,50,"Retained"
"FSD1L",16.7785234899329,50,"Retained"
"IGLV7.46",16.7785234899329,50,"Retained"
"KCTD5",16.7785234899329,50,"Retained"
"MAFF",16.7785234899329,50,"Retained"
"MINDY2",16.7785234899329,50,"Retained"
"NCOA3",16.7785234899329,50,"Retained"
"PAK3",16.7785234899329,50,"Retained"
"PKNOX1",16.7785234899329,50,"Retained"
"PRPF18",16.7785234899329,50,"Retained"
"RBM4B",16.7785234899329,50,"Retained"
"RBPJL",16.7785234899329,50,"Retained"
"SHF",16.7785234899329,50,"Retained"
"SLC16A10",16.7785234899329,50,"Retained"
"SUPT20H",16.7785234899329,50,"Retained"
"TAF5L",16.7785234899329,50,"Retained"
"TNFRSF12A",16.7785234899329,50,"Retained"
"TOR3A",16.7785234899329,50,"Retained"
"TUBB2B",16.7785234899329,50,"Retained"
"ANKRD35",16.1073825503356,50,"Retained"
"ATP9B",16.1073825503356,50,"Retained"
"AVIL",16.1073825503356,50,"Retained"
"BBS9",16.1073825503356,50,"Retained"
"BCL9",16.1073825503356,50,"Retained"
"BRD1",16.1073825503356,50,"Retained"
"CA8",16.1073825503356,50,"Retained"
"CIT",16.1073825503356,50,"Retained"
"COP1",16.1073825503356,50,"Retained"
"CRACR2B",16.1073825503356,50,"Retained"
"DNAL4",16.1073825503356,50,"Retained"
"DPM3",16.1073825503356,50,"Retained"
"GPSM1",16.1073825503356,50,"Retained"
"GZMH",16.1073825503356,50,"Retained"
"HERC5",16.1073825503356,50,"Retained"
"IFI44",16.1073825503356,50,"Retained"
"IGHV4.34",16.1073825503356,50,"Retained"
"IGLV1.36",16.1073825503356,50,"Retained"
"METTL15",16.1073825503356,50,"Retained"
"MUC3A",16.1073825503356,50,"Retained"
"NOL4L",16.1073825503356,50,"Retained"
"PNO1",16.1073825503356,50,"Retained"
"RARRES1",16.1073825503356,50,"Retained"
"REEP4",16.1073825503356,50,"Retained"
"RHBDF2",16.1073825503356,50,"Retained"
"SLC9A7",16.1073825503356,50,"Retained"
"SLCO4C1",16.1073825503356,50,"Retained"
"SMIM12",16.1073825503356,50,"Retained"
"STX2",16.1073825503356,50,"Retained"
"TMEM168",16.1073825503356,50,"Retained"
"TMPRSS2",16.1073825503356,50,"Retained"
"TUBGCP5",16.1073825503356,50,"Retained"
"UPF3A",16.1073825503356,50,"Retained"
"ZNF706",16.1073825503356,50,"Retained"
"ARID3A",15.4362416107383,50,"Retained"
"AXL",15.4362416107383,50,"Retained"
"BAZ2A",15.4362416107383,50,"Retained"
"CD200",15.4362416107383,50,"Retained"
"CENPF",15.4362416107383,50,"Retained"
"CNDP1",15.4362416107383,50,"Retained"
"CTDSP1",15.4362416107383,50,"Retained"
"DHFR",15.4362416107383,50,"Retained"
"ERBB3",15.4362416107383,50,"Retained"
"ERN2",15.4362416107383,50,"Retained"
"FAM241A",15.4362416107383,50,"Retained"
"FUT3",15.4362416107383,50,"Retained"
"GIPC3",15.4362416107383,50,"Retained"
"GK",15.4362416107383,50,"Retained"
"GNA12",15.4362416107383,50,"Retained"
"IDO1",15.4362416107383,50,"Retained"
"MRPS18C",15.4362416107383,50,"Retained"
"NAB1",15.4362416107383,50,"Retained"
"NDUFA11",15.4362416107383,50,"Retained"
"NOS1",15.4362416107383,50,"Retained"
"NSMCE1",15.4362416107383,50,"Retained"
"PDF",15.4362416107383,50,"Retained"
"PEX7",15.4362416107383,50,"Retained"
"PLD4",15.4362416107383,50,"Retained"
"PLEKHA3",15.4362416107383,50,"Retained"
"PLSCR3",15.4362416107383,50,"Retained"
"POLA1",15.4362416107383,50,"Retained"
"POLI",15.4362416107383,50,"Retained"
"RAB19",15.4362416107383,50,"Retained"
"RAB3IP",15.4362416107383,50,"Retained"
"RCBTB2",15.4362416107383,50,"Retained"
"RFXANK",15.4362416107383,50,"Retained"
"RRP7A",15.4362416107383,50,"Retained"
"RTN2",15.4362416107383,50,"Retained"
"SIGLEC7",15.4362416107383,50,"Retained"
"SPN",15.4362416107383,50,"Retained"
"SVIP",15.4362416107383,50,"Retained"
"THBD",15.4362416107383,50,"Retained"
"TRAF3",15.4362416107383,50,"Retained"
"XPR1",15.4362416107383,50,"Retained"
"YPEL5",15.4362416107383,50,"Retained"
"ABCA6",14.7651006711409,50,"Retained"
"ADAM15",14.7651006711409,50,"Retained"
"ARL5B",14.7651006711409,50,"Retained"
"BTBD8",14.7651006711409,50,"Retained"
"CASZ1",14.7651006711409,50,"Retained"
"CDC34",14.7651006711409,50,"Retained"
"CDHR2",14.7651006711409,50,"Retained"
"ELF3",14.7651006711409,50,"Retained"
"EMB",14.7651006711409,50,"Retained"
"EPC1",14.7651006711409,50,"Retained"
"HAUS8",14.7651006711409,50,"Retained"
"HVCN1",14.7651006711409,50,"Retained"
"IAPP",14.7651006711409,50,"Retained"
"LNX1",14.7651006711409,50,"Retained"
"PLD2",14.7651006711409,50,"Retained"
"POMGNT1",14.7651006711409,50,"Retained"
"PTK6",14.7651006711409,50,"Retained"
"SHKBP1",14.7651006711409,50,"Retained"
"SNX14",14.7651006711409,50,"Retained"
"SOS2",14.7651006711409,50,"Retained"
"SRR",14.7651006711409,50,"Retained"
"ST7",14.7651006711409,50,"Retained"
"TAF3",14.7651006711409,50,"Retained"
"TCF3",14.7651006711409,50,"Retained"
"TRAF4",14.7651006711409,50,"Retained"
"TRMT13",14.7651006711409,50,"Retained"
"YOD1",14.7651006711409,50,"Retained"
"ZG16",14.7651006711409,50,"Retained"
"ARHGAP29",14.0939597315436,50,"Retained"
"C7orf50",14.0939597315436,50,"Retained"
"CCNH",14.0939597315436,50,"Retained"
"CEP128",14.0939597315436,50,"Retained"
"DMAC1",14.0939597315436,50,"Retained"
"DNAJB5",14.0939597315436,50,"Retained"
"DNMT3A",14.0939597315436,50,"Retained"
"ECD",14.0939597315436,50,"Retained"
"EPN3",14.0939597315436,50,"Retained"
"EYA3",14.0939597315436,50,"Retained"
"FMO1",14.0939597315436,50,"Retained"
"HLA.DQB1",14.0939597315436,50,"Retained"
"HNF4A",14.0939597315436,50,"Retained"
"IFT22",14.0939597315436,50,"Retained"
"IRF4",14.0939597315436,50,"Retained"
"ITPRIP",14.0939597315436,50,"Retained"
"JAK2",14.0939597315436,50,"Retained"
"KCTD9",14.0939597315436,50,"Retained"
"KLK11",14.0939597315436,50,"Retained"
"MAL2",14.0939597315436,50,"Retained"
"MBOAT2",14.0939597315436,50,"Retained"
"MED13",14.0939597315436,50,"Retained"
"MMP10",14.0939597315436,50,"Retained"
"MTURN",14.0939597315436,50,"Retained"
"NAP1L5",14.0939597315436,50,"Retained"
"NCKAP5L",14.0939597315436,50,"Retained"
"NDST1",14.0939597315436,50,"Retained"
"PDE1A",14.0939597315436,50,"Retained"
"PRMT2",14.0939597315436,50,"Retained"
"RHBDD3",14.0939597315436,50,"Retained"
"SIAH1",14.0939597315436,50,"Retained"
"SMAD1",14.0939597315436,50,"Retained"
"STK32C",14.0939597315436,50,"Retained"
"SVBP",14.0939597315436,50,"Retained"
"THEMIS",14.0939597315436,50,"Retained"
"TOPBP1",14.0939597315436,50,"Retained"
"ABT1",13.4228187919463,50,"Retained"
"ACOX2",13.4228187919463,50,"Retained"
"ACP3",13.4228187919463,50,"Retained"
"ADAMTSL1",13.4228187919463,50,"Retained"
"ALMS1",13.4228187919463,50,"Retained"
"ALOX15",13.4228187919463,50,"Retained"
"BAG4",13.4228187919463,50,"Retained"
"BLOC1S5",13.4228187919463,50,"Retained"
"BLOC1S6",13.4228187919463,50,"Retained"
"BUD23",13.4228187919463,50,"Retained"
"CAND2",13.4228187919463,50,"Retained"
"CDK11A",13.4228187919463,50,"Retained"
"CMSS1",13.4228187919463,50,"Retained"
"DDX60L",13.4228187919463,50,"Retained"
"DENND6A",13.4228187919463,50,"Retained"
"ENTPD3",13.4228187919463,50,"Retained"
"FAM111A",13.4228187919463,50,"Retained"
"FAM171A1",13.4228187919463,50,"Retained"
"FAM76A",13.4228187919463,50,"Retained"
"GXYLT1",13.4228187919463,50,"Retained"
"IGLV1.40",13.4228187919463,50,"Retained"
"IP6K1",13.4228187919463,50,"Retained"
"LYRM7",13.4228187919463,50,"Retained"
"MAN1C1",13.4228187919463,50,"Retained"
"MED13L",13.4228187919463,50,"Retained"
"MMP28",13.4228187919463,50,"Retained"
"MSMO1",13.4228187919463,50,"Retained"
"MT1F",13.4228187919463,50,"Retained"
"MYO15B",13.4228187919463,50,"Retained"
"NABP2",13.4228187919463,50,"Retained"
"NDUFB1",13.4228187919463,50,"Retained"
"NKAPD1",13.4228187919463,50,"Retained"
"NOTCH1",13.4228187919463,50,"Retained"
"OGFRL1",13.4228187919463,50,"Retained"
"PDZRN3",13.4228187919463,50,"Retained"
"RELL1",13.4228187919463,50,"Retained"
"ROMO1",13.4228187919463,50,"Retained"
"SGCB",13.4228187919463,50,"Retained"
"SH3TC1",13.4228187919463,50,"Retained"
"SLC2A5",13.4228187919463,50,"Retained"
"SLC7A1",13.4228187919463,50,"Retained"
"SSBP3",13.4228187919463,50,"Retained"
"SULT2B1",13.4228187919463,50,"Retained"
"TBC1D22B",13.4228187919463,50,"Retained"
"TENM3",13.4228187919463,50,"Retained"
"TPCN1",13.4228187919463,50,"Retained"
"TRAF3IP1",13.4228187919463,50,"Retained"
"USP33",13.4228187919463,50,"Retained"
"ZDHHC20",13.4228187919463,50,"Retained"
"ALS2",12.751677852349,50,"Retained"
"ATP6V1B1",12.751677852349,50,"Retained"
"ATR",12.751677852349,50,"Retained"
"BCL7A",12.751677852349,50,"Retained"
"C1GALT1C1",12.751677852349,50,"Retained"
"CABLES1",12.751677852349,50,"Retained"
"CD5",12.751677852349,50,"Retained"
"CNTRL",12.751677852349,50,"Retained"
"DPH7",12.751677852349,50,"Retained"
"ELL",12.751677852349,50,"Retained"
"FOXO3",12.751677852349,50,"Retained"
"IDNK",12.751677852349,50,"Retained"
"IGKV6.21",12.751677852349,50,"Retained"
"KDELR3",12.751677852349,50,"Retained"
"KDM2B",12.751677852349,50,"Retained"
"LIME1",12.751677852349,50,"Retained"
"LRRC14",12.751677852349,50,"Retained"
"MAP4K1",12.751677852349,50,"Retained"
"MCRS1",12.751677852349,50,"Retained"
"MTRES1",12.751677852349,50,"Retained"
"MTSS1",12.751677852349,50,"Retained"
"NCS1",12.751677852349,50,"Retained"
"PFKFB4",12.751677852349,50,"Retained"
"PIGU",12.751677852349,50,"Retained"
"PPP1R13B",12.751677852349,50,"Retained"
"PPP4R3B",12.751677852349,50,"Retained"
"PRKAG2",12.751677852349,50,"Retained"
"PUS7L",12.751677852349,50,"Retained"
"SCUBE2",12.751677852349,50,"Retained"
"SEMA4D",12.751677852349,50,"Retained"
"SPNS1",12.751677852349,50,"Retained"
"TENT4B",12.751677852349,50,"Retained"
"TMEM201",12.751677852349,50,"Retained"
"TNS4",12.751677852349,50,"Retained"
"TRAF7",12.751677852349,50,"Retained"
"TRANK1",12.751677852349,50,"Retained"
"TRIM11",12.751677852349,50,"Retained"
"YEATS2",12.751677852349,50,"Retained"
"ZFAND3",12.751677852349,50,"Retained"
"ZNF428",12.751677852349,50,"Retained"
"ADAM28",12.0805369127517,50,"Retained"
"ALKBH4",12.0805369127517,50,"Retained"
"AMACR",12.0805369127517,50,"Retained"
"ANGPTL4",12.0805369127517,50,"Retained"
"ANKRD52",12.0805369127517,50,"Retained"
"AOAH",12.0805369127517,50,"Retained"
"ARL14EP",12.0805369127517,50,"Retained"
"BCAR3",12.0805369127517,50,"Retained"
"C2orf76",12.0805369127517,50,"Retained"
"CARD9",12.0805369127517,50,"Retained"
"CENPH",12.0805369127517,50,"Retained"
"CFAP97",12.0805369127517,50,"Retained"
"CRADD",12.0805369127517,50,"Retained"
"CTU1",12.0805369127517,50,"Retained"
"DDHD1",12.0805369127517,50,"Retained"
"DNASE1L1",12.0805369127517,50,"Retained"
"EIF2AK3",12.0805369127517,50,"Retained"
"ETNK1",12.0805369127517,50,"Retained"
"FAM117B",12.0805369127517,50,"Retained"
"FAM234A",12.0805369127517,50,"Retained"
"FER1L6",12.0805369127517,50,"Retained"
"FRA10AC1",12.0805369127517,50,"Retained"
"GPBP1",12.0805369127517,50,"Retained"
"HMGXB4",12.0805369127517,50,"Retained"
"HSH2D",12.0805369127517,50,"Retained"
"IGHV1.2",12.0805369127517,50,"Retained"
"ING4",12.0805369127517,50,"Retained"
"MTMR11",12.0805369127517,50,"Retained"
"NHS",12.0805369127517,50,"Retained"
"NR1D2",12.0805369127517,50,"Retained"
"NSMCE4A",12.0805369127517,50,"Retained"
"OTULINL",12.0805369127517,50,"Retained"
"PEG10",12.0805369127517,50,"Retained"
"S100A3",12.0805369127517,50,"Retained"
"SLF1",12.0805369127517,50,"Retained"
"SOX4",12.0805369127517,50,"Retained"
"SRGN",12.0805369127517,50,"Retained"
"TFDP1",12.0805369127517,50,"Retained"
"TNFRSF6B",12.0805369127517,50,"Retained"
"TNIP2",12.0805369127517,50,"Retained"
"TSEN15",12.0805369127517,50,"Retained"
"UGT2A3",12.0805369127517,50,"Retained"
"ZBTB33",12.0805369127517,50,"Retained"
"ZNHIT6",12.0805369127517,50,"Retained"
"ABLIM3",11.4093959731544,50,"Retained"
"ANLN",11.4093959731544,50,"Retained"
"CBLL1",11.4093959731544,50,"Retained"
"CCDC51",11.4093959731544,50,"Retained"
"CHPF2",11.4093959731544,50,"Retained"
"COX7A1",11.4093959731544,50,"Retained"
"CPLX2",11.4093959731544,50,"Retained"
"CRYBG2",11.4093959731544,50,"Retained"
"CYP3A5",11.4093959731544,50,"Retained"
"DDX28",11.4093959731544,50,"Retained"
"DGKQ",11.4093959731544,50,"Retained"
"DHRS2",11.4093959731544,50,"Retained"
"DUSP19",11.4093959731544,50,"Retained"
"FBXL17",11.4093959731544,50,"Retained"
"GABARAPL1",11.4093959731544,50,"Retained"
"GTF2H5",11.4093959731544,50,"Retained"
"HMGA2",11.4093959731544,50,"Retained"
"IGHV3.23",11.4093959731544,50,"Retained"
"IQSEC2",11.4093959731544,50,"Retained"
"KIRREL1",11.4093959731544,50,"Retained"
"KLHDC2",11.4093959731544,50,"Retained"
"LCAT",11.4093959731544,50,"Retained"
"LOXL4",11.4093959731544,50,"Retained"
"MLLT6",11.4093959731544,50,"Retained"
"MT.ND1",11.4093959731544,50,"Retained"
"MTERF4",11.4093959731544,50,"Retained"
"NFASC",11.4093959731544,50,"Retained"
"NRF1",11.4093959731544,50,"Retained"
"NUDT18",11.4093959731544,50,"Retained"
"PCDH7",11.4093959731544,50,"Retained"
"PCGF5",11.4093959731544,50,"Retained"
"PCK1",11.4093959731544,50,"Retained"
"PHRF1",11.4093959731544,50,"Retained"
"PON3",11.4093959731544,50,"Retained"
"POP4",11.4093959731544,50,"Retained"
"PSMG4",11.4093959731544,50,"Retained"
"RETREG2",11.4093959731544,50,"Retained"
"SEC14L1",11.4093959731544,50,"Retained"
"SEC22A",11.4093959731544,50,"Retained"
"SHPRH",11.4093959731544,50,"Retained"
"SLC30A6",11.4093959731544,50,"Retained"
"SLC35B3",11.4093959731544,50,"Retained"
"STX1A",11.4093959731544,50,"Retained"
"TAF12",11.4093959731544,50,"Retained"
"TLNRD1",11.4093959731544,50,"Retained"
"TMEM19",11.4093959731544,50,"Retained"
"TONSL",11.4093959731544,50,"Retained"
"TOP2A",11.4093959731544,50,"Retained"
"USP54",11.4093959731544,50,"Retained"
"WDFY2",11.4093959731544,50,"Retained"
"ZNF22",11.4093959731544,50,"Retained"
"ZWILCH",11.4093959731544,50,"Retained"
"ADAP2",10.738255033557,50,"Retained"
"ANKRD13D",10.738255033557,50,"Retained"
"APOBEC3F",10.738255033557,50,"Retained"
"ARHGAP42",10.738255033557,50,"Retained"
"ARVCF",10.738255033557,50,"Retained"
"BICD1",10.738255033557,50,"Retained"
"C1QTNF6",10.738255033557,50,"Retained"
"CHCHD10",10.738255033557,50,"Retained"
"CHRD",10.738255033557,50,"Retained"
"CNKSR1",10.738255033557,50,"Retained"
"CPM",10.738255033557,50,"Retained"
"DPH6",10.738255033557,50,"Retained"
"DYNC1I1",10.738255033557,50,"Retained"
"FAIM",10.738255033557,50,"Retained"
"FAM174B",10.738255033557,50,"Retained"
"FGR",10.738255033557,50,"Retained"
"FOXJ3",10.738255033557,50,"Retained"
"IGF1R",10.738255033557,50,"Retained"
"IGKV1.5",10.738255033557,50,"Retained"
"IRAK1",10.738255033557,50,"Retained"
"MAF1",10.738255033557,50,"Retained"
"MLX",10.738255033557,50,"Retained"
"MRPL57",10.738255033557,50,"Retained"
"MSI1",10.738255033557,50,"Retained"
"NOMO2",10.738255033557,50,"Retained"
"OSBPL5",10.738255033557,50,"Retained"
"OSTC",10.738255033557,50,"Retained"
"PACSIN1",10.738255033557,50,"Retained"
"PARG",10.738255033557,50,"Retained"
"PCSK5",10.738255033557,50,"Retained"
"PIK3R6",10.738255033557,50,"Retained"
"PRKRIP1",10.738255033557,50,"Retained"
"RAB11FIP4",10.738255033557,50,"Retained"
"RNF135",10.738255033557,50,"Retained"
"SCARB1",10.738255033557,50,"Retained"
"SMPD2",10.738255033557,50,"Retained"
"SMYD3",10.738255033557,50,"Retained"
"SNX11",10.738255033557,50,"Retained"
"SPRR1A",10.738255033557,50,"Retained"
"SRF",10.738255033557,50,"Retained"
"STARD5",10.738255033557,50,"Retained"
"SYF2",10.738255033557,50,"Retained"
"TMEM120B",10.738255033557,50,"Retained"
"TMEM222",10.738255033557,50,"Retained"
"TNRC6C",10.738255033557,50,"Retained"
"TRPS1",10.738255033557,50,"Retained"
"UGT8",10.738255033557,50,"Retained"
"ZC3H3",10.738255033557,50,"Retained"
"ZNF280C",10.738255033557,50,"Retained"
"ZNF48",10.738255033557,50,"Retained"
"ZNF652",10.738255033557,50,"Retained"
"ACACB",10.0671140939597,50,"Retained"
"ADH7",10.0671140939597,50,"Retained"
"APBB1",10.0671140939597,50,"Retained"
"ARHGAP6",10.0671140939597,50,"Retained"
"BAK1",10.0671140939597,50,"Retained"
"C19orf12",10.0671140939597,50,"Retained"
"CALHM5",10.0671140939597,50,"Retained"
"CCDC149",10.0671140939597,50,"Retained"
"CEP57",10.0671140939597,50,"Retained"
"DHX35",10.0671140939597,50,"Retained"
"EVI5L",10.0671140939597,50,"Retained"
"FAM169A",10.0671140939597,50,"Retained"
"FAM3A",10.0671140939597,50,"Retained"
"FAM89B",10.0671140939597,50,"Retained"
"FBLL1",10.0671140939597,50,"Retained"
"FCGR3A",10.0671140939597,50,"Retained"
"FOSL2",10.0671140939597,50,"Retained"
"FOXO1",10.0671140939597,50,"Retained"
"FRY",10.0671140939597,50,"Retained"
"GALNT10",10.0671140939597,50,"Retained"
"GFRA1",10.0671140939597,50,"Retained"
"GGCX",10.0671140939597,50,"Retained"
"HDAC5",10.0671140939597,50,"Retained"
"IGHV1.46",10.0671140939597,50,"Retained"
"IGLV6.57",10.0671140939597,50,"Retained"
"IKZF1",10.0671140939597,50,"Retained"
"KCTD18",10.0671140939597,50,"Retained"
"LMO4",10.0671140939597,50,"Retained"
"MRTFA",10.0671140939597,50,"Retained"
"MT1X",10.0671140939597,50,"Retained"
"MYLK2",10.0671140939597,50,"Retained"
"MYO9A",10.0671140939597,50,"Retained"
"NACC1",10.0671140939597,50,"Retained"
"NLRP2",10.0671140939597,50,"Retained"
"NME6",10.0671140939597,50,"Retained"
"POMGNT2",10.0671140939597,50,"Retained"
"PPM1B",10.0671140939597,50,"Retained"
"RAB3C",10.0671140939597,50,"Retained"
"RNLS",10.0671140939597,50,"Retained"
"SAV1",10.0671140939597,50,"Retained"
"SEL1L2",10.0671140939597,50,"Retained"
"SHANK2",10.0671140939597,50,"Retained"
"SMG6",10.0671140939597,50,"Retained"
"STIM2",10.0671140939597,50,"Retained"
"STX11",10.0671140939597,50,"Retained"
"TAF10",10.0671140939597,50,"Retained"
"TASP1",10.0671140939597,50,"Retained"
"TLE1",10.0671140939597,50,"Retained"
"TMPRSS4",10.0671140939597,50,"Retained"
"URM1",10.0671140939597,50,"Retained"
"VEZT",10.0671140939597,50,"Retained"
"ZBTB14",10.0671140939597,50,"Retained"
"ZCRB1",10.0671140939597,50,"Retained"
"ZNF280B",10.0671140939597,50,"Retained"
"ADGRG6",9.39597315436242,50,"Retained"
"AGTRAP",9.39597315436242,50,"Retained"
"ALB",9.39597315436242,50,"Retained"
"ALKBH8",9.39597315436242,50,"Retained"
"ANAPC2",9.39597315436242,50,"Retained"
"APLF",9.39597315436242,50,"Retained"
"ASF1A",9.39597315436242,50,"Retained"
"ATP13A3",9.39597315436242,50,"Retained"
"B3GALT5",9.39597315436242,50,"Retained"
"BHLHA15",9.39597315436242,50,"Retained"
"CDH6",9.39597315436242,50,"Retained"
"CDK16",9.39597315436242,50,"Retained"
"CDK17",9.39597315436242,50,"Retained"
"CDS1",9.39597315436242,50,"Retained"
"CEP192",9.39597315436242,50,"Retained"
"CHCHD5",9.39597315436242,50,"Retained"
"CNIH4",9.39597315436242,50,"Retained"
"COX11",9.39597315436242,50,"Retained"
"CWF19L2",9.39597315436242,50,"Retained"
"CYP4F11",9.39597315436242,50,"Retained"
"GATB",9.39597315436242,50,"Retained"
"GRK5",9.39597315436242,50,"Retained"
"GTF2E1",9.39597315436242,50,"Retained"
"IGHV1.3",9.39597315436242,50,"Retained"
"IGSF8",9.39597315436242,50,"Retained"
"INIP",9.39597315436242,50,"Retained"
"JADE2",9.39597315436242,50,"Retained"
"JMJD6",9.39597315436242,50,"Retained"
"KIDINS220",9.39597315436242,50,"Retained"
"MAP11",9.39597315436242,50,"Retained"
"MED18",9.39597315436242,50,"Retained"
"METTL5",9.39597315436242,50,"Retained"
"NAA40",9.39597315436242,50,"Retained"
"NPTX2",9.39597315436242,50,"Retained"
"OBI1",9.39597315436242,50,"Retained"
"PDCL",9.39597315436242,50,"Retained"
"PHF20L1",9.39597315436242,50,"Retained"
"PHLDA3",9.39597315436242,50,"Retained"
"PLP2",9.39597315436242,50,"Retained"
"PPP3CC",9.39597315436242,50,"Retained"
"PPP3R1",9.39597315436242,50,"Retained"
"RAB28",9.39597315436242,50,"Retained"
"RC3H1",9.39597315436242,50,"Retained"
"RCL1",9.39597315436242,50,"Retained"
"RHBDD2",9.39597315436242,50,"Retained"
"RNF126",9.39597315436242,50,"Retained"
"RPP25L",9.39597315436242,50,"Retained"
"SDHAF3",9.39597315436242,50,"Retained"
"SEC16B",9.39597315436242,50,"Retained"
"SERAC1",9.39597315436242,50,"Retained"
"SH2B1",9.39597315436242,50,"Retained"
"SIRPA",9.39597315436242,50,"Retained"
"STK11",9.39597315436242,50,"Retained"
"SUCO",9.39597315436242,50,"Retained"
"TARBP2",9.39597315436242,50,"Retained"
"TIMM29",9.39597315436242,50,"Retained"
"TLK2",9.39597315436242,50,"Retained"
"TMCC3",9.39597315436242,50,"Retained"
"TPBG",9.39597315436242,50,"Retained"
"TRAF5",9.39597315436242,50,"Retained"
"TRIM27",9.39597315436242,50,"Retained"
"UBE2F",9.39597315436242,50,"Retained"
"UHRF1",9.39597315436242,50,"Retained"
"VRK3",9.39597315436242,50,"Retained"
"WDR83",9.39597315436242,50,"Retained"
"XAF1",9.39597315436242,50,"Retained"
"ZBTB7B",9.39597315436242,50,"Retained"
"ZCCHC17",9.39597315436242,50,"Retained"
"ZHX3",9.39597315436242,50,"Retained"
"AADAC",8.7248322147651,50,"Retained"
"ACAN",8.7248322147651,50,"Retained"
"ANKRD54",8.7248322147651,50,"Retained"
"ARL4C",8.7248322147651,50,"Retained"
"ATAD3B",8.7248322147651,50,"Retained"
"AZI2",8.7248322147651,50,"Retained"
"BBS7",8.7248322147651,50,"Retained"
"BOLA3",8.7248322147651,50,"Retained"
"C1QTNF3",8.7248322147651,50,"Retained"
"CD3EAP",8.7248322147651,50,"Retained"
"CDH3",8.7248322147651,50,"Retained"
"CEPT1",8.7248322147651,50,"Retained"
"CPEB4",8.7248322147651,50,"Retained"
"CYTH1",8.7248322147651,50,"Retained"
"D2HGDH",8.7248322147651,50,"Retained"
"DCUN1D3",8.7248322147651,50,"Retained"
"DEGS1",8.7248322147651,50,"Retained"
"DUS2",8.7248322147651,50,"Retained"
"FNIP2",8.7248322147651,50,"Retained"
"FREM2",8.7248322147651,50,"Retained"
"GZMK",8.7248322147651,50,"Retained"
"H1.1",8.7248322147651,50,"Retained"
"HAUS7",8.7248322147651,50,"Retained"
"HBP1",8.7248322147651,50,"Retained"
"HUS1",8.7248322147651,50,"Retained"
"IFT172",8.7248322147651,50,"Retained"
"IGHV1.18",8.7248322147651,50,"Retained"
"IGLV3.10",8.7248322147651,50,"Retained"
"IGLV5.45",8.7248322147651,50,"Retained"
"ITGA2B",8.7248322147651,50,"Retained"
"JAG1",8.7248322147651,50,"Retained"
"KBTBD2",8.7248322147651,50,"Retained"
"KDM4B",8.7248322147651,50,"Retained"
"KDM5B",8.7248322147651,50,"Retained"
"KHDC4",8.7248322147651,50,"Retained"
"KLC3",8.7248322147651,50,"Retained"
"KNOP1",8.7248322147651,50,"Retained"
"LAMTOR4",8.7248322147651,50,"Retained"
"LTBR",8.7248322147651,50,"Retained"
"MAPKBP1",8.7248322147651,50,"Retained"
"MED25",8.7248322147651,50,"Retained"
"MKLN1",8.7248322147651,50,"Retained"
"MRPL51",8.7248322147651,50,"Retained"
"MTFMT",8.7248322147651,50,"Retained"
"MTMR14",8.7248322147651,50,"Retained"
"NECTIN3",8.7248322147651,50,"Retained"
"NGRN",8.7248322147651,50,"Retained"
"PANK2",8.7248322147651,50,"Retained"
"PI16",8.7248322147651,50,"Retained"
"PIAS1",8.7248322147651,50,"Retained"
"PKLR",8.7248322147651,50,"Retained"
"POLR2L",8.7248322147651,50,"Retained"
"PRKCH",8.7248322147651,50,"Retained"
"PTPRM",8.7248322147651,50,"Retained"
"PYURF",8.7248322147651,50,"Retained"
"RHOF",8.7248322147651,50,"Retained"
"RNF169",8.7248322147651,50,"Retained"
"RYBP",8.7248322147651,50,"Retained"
"SAMD1",8.7248322147651,50,"Retained"
"SDHAF2",8.7248322147651,50,"Retained"
"SPECC1L",8.7248322147651,50,"Retained"
"TBC1D10C",8.7248322147651,50,"Retained"
"TMCO3",8.7248322147651,50,"Retained"
"TRAF1",8.7248322147651,50,"Retained"
"TRMT10A",8.7248322147651,50,"Retained"
"TSEN54",8.7248322147651,50,"Retained"
"TUBA8",8.7248322147651,50,"Retained"
"VAMP5",8.7248322147651,50,"Retained"
"VLDLR",8.7248322147651,50,"Retained"
"XXYLT1",8.7248322147651,50,"Retained"
"YAF2",8.7248322147651,50,"Retained"
"AATF",8.05369127516778,50,"Retained"
"ANAPC16",8.05369127516778,50,"Retained"
"ARNT",8.05369127516778,50,"Retained"
"ATAD2",8.05369127516778,50,"Retained"
"ATG2A",8.05369127516778,50,"Retained"
"BCL2L1",8.05369127516778,50,"Retained"
"BOD1",8.05369127516778,50,"Retained"
"C15orf40",8.05369127516778,50,"Retained"
"CAPN6",8.05369127516778,50,"Retained"
"CCDC102B",8.05369127516778,50,"Retained"
"CCDC32",8.05369127516778,50,"Retained"
"CD177",8.05369127516778,50,"Retained"
"CDK18",8.05369127516778,50,"Retained"
"CEP68",8.05369127516778,50,"Retained"
"CHMP4C",8.05369127516778,50,"Retained"
"CHST14",8.05369127516778,50,"Retained"
"CHST4",8.05369127516778,50,"Retained"
"CUL9",8.05369127516778,50,"Retained"
"CYHR1",8.05369127516778,50,"Retained"
"DCHS1",8.05369127516778,50,"Retained"
"DDX49",8.05369127516778,50,"Retained"
"ELOVL1",8.05369127516778,50,"Retained"
"EPSTI1",8.05369127516778,50,"Retained"
"ERCC6",8.05369127516778,50,"Retained"
"FAT4",8.05369127516778,50,"Retained"
"FIBIN",8.05369127516778,50,"Retained"
"FKBP1B",8.05369127516778,50,"Retained"
"H2BC1",8.05369127516778,50,"Retained"
"IFI44L",8.05369127516778,50,"Retained"
"IGKV1D.13",8.05369127516778,50,"Retained"
"ING3",8.05369127516778,50,"Retained"
"KLK6",8.05369127516778,50,"Retained"
"KLK7",8.05369127516778,50,"Retained"
"KMT2B",8.05369127516778,50,"Retained"
"LILRB5",8.05369127516778,50,"Retained"
"MAP2K5",8.05369127516778,50,"Retained"
"MON1A",8.05369127516778,50,"Retained"
"MRPS14",8.05369127516778,50,"Retained"
"MUC4",8.05369127516778,50,"Retained"
"NANP",8.05369127516778,50,"Retained"
"NFYB",8.05369127516778,50,"Retained"
"NOS3",8.05369127516778,50,"Retained"
"NPDC1",8.05369127516778,50,"Retained"
"NRIP2",8.05369127516778,50,"Retained"
"OSCP1",8.05369127516778,50,"Retained"
"PHF12",8.05369127516778,50,"Retained"
"PJA2",8.05369127516778,50,"Retained"
"PLEKHA4",8.05369127516778,50,"Retained"
"PSCA",8.05369127516778,50,"Retained"
"R3HCC1",8.05369127516778,50,"Retained"
"RASSF8",8.05369127516778,50,"Retained"
"RGP1",8.05369127516778,50,"Retained"
"RGS19",8.05369127516778,50,"Retained"
"RPH3AL",8.05369127516778,50,"Retained"
"SAA1",8.05369127516778,50,"Retained"
"SAP30L",8.05369127516778,50,"Retained"
"SEC61G",8.05369127516778,50,"Retained"
"SFT2D3",8.05369127516778,50,"Retained"
"SLC25A15",8.05369127516778,50,"Retained"
"SMOC1",8.05369127516778,50,"Retained"
"ST3GAL1",8.05369127516778,50,"Retained"
"TGS1",8.05369127516778,50,"Retained"
"TMCO4",8.05369127516778,50,"Retained"
"TMEM9B",8.05369127516778,50,"Retained"
"TUBB4A",8.05369127516778,50,"Retained"
"TYROBP",8.05369127516778,50,"Retained"
"UBE2E3",8.05369127516778,50,"Retained"
"USP36",8.05369127516778,50,"Retained"
"ZMIZ1",8.05369127516778,50,"Retained"
"ACAD11",7.38255033557047,50,"Retained"
"AHDC1",7.38255033557047,50,"Retained"
"ALDH1A2",7.38255033557047,50,"Retained"
"ANXA8",7.38255033557047,50,"Retained"
"ARAP3",7.38255033557047,50,"Retained"
"ATAT1",7.38255033557047,50,"Retained"
"ATRIP",7.38255033557047,50,"Retained"
"B3GNT7",7.38255033557047,50,"Retained"
"BBS2",7.38255033557047,50,"Retained"
"BORCS8",7.38255033557047,50,"Retained"
"CETN3",7.38255033557047,50,"Retained"
"CLDN10",7.38255033557047,50,"Retained"
"DGCR8",7.38255033557047,50,"Retained"
"DNAL1",7.38255033557047,50,"Retained"
"FBH1",7.38255033557047,50,"Retained"
"GDPGP1",7.38255033557047,50,"Retained"
"HEATR6",7.38255033557047,50,"Retained"
"HLA.DMB",7.38255033557047,50,"Retained"
"HPGDS",7.38255033557047,50,"Retained"
"IGLV3.16",7.38255033557047,50,"Retained"
"IPO13",7.38255033557047,50,"Retained"
"IRF8",7.38255033557047,50,"Retained"
"KANSL1",7.38255033557047,50,"Retained"
"KANSL3",7.38255033557047,50,"Retained"
"KDM4A",7.38255033557047,50,"Retained"
"KIF11",7.38255033557047,50,"Retained"
"MANBAL",7.38255033557047,50,"Retained"
"MARCO",7.38255033557047,50,"Retained"
"MMP19",7.38255033557047,50,"Retained"
"MORF4L2",7.38255033557047,50,"Retained"
"MPC2",7.38255033557047,50,"Retained"
"MTARC1",7.38255033557047,50,"Retained"
"MUC16",7.38255033557047,50,"Retained"
"N6AMT1",7.38255033557047,50,"Retained"
"NCAPG",7.38255033557047,50,"Retained"
"NUPR1",7.38255033557047,50,"Retained"
"PIP4P2",7.38255033557047,50,"Retained"
"PLEKHG2",7.38255033557047,50,"Retained"
"PTGS2",7.38255033557047,50,"Retained"
"PYROXD1",7.38255033557047,50,"Retained"
"RHOB",7.38255033557047,50,"Retained"
"RPS6KB1",7.38255033557047,50,"Retained"
"RPUSD2",7.38255033557047,50,"Retained"
"RRM2",7.38255033557047,50,"Retained"
"RUBCN",7.38255033557047,50,"Retained"
"SACS",7.38255033557047,50,"Retained"
"SEL1L3",7.38255033557047,50,"Retained"
"SEMA7A",7.38255033557047,50,"Retained"
"SLC22A18",7.38255033557047,50,"Retained"
"SLC39A6",7.38255033557047,50,"Retained"
"SSH1",7.38255033557047,50,"Retained"
"TLR2",7.38255033557047,50,"Retained"
"TMEM167B",7.38255033557047,50,"Retained"
"TMEM177",7.38255033557047,50,"Retained"
"TMEM223",7.38255033557047,50,"Retained"
"TMEM51",7.38255033557047,50,"Retained"
"TMEM68",7.38255033557047,50,"Retained"
"UNC93B1",7.38255033557047,50,"Retained"
"VPS13B",7.38255033557047,50,"Retained"
"ZNF618",7.38255033557047,50,"Retained"
"ADH4",6.71140939597315,50,"Retained"
"ADH6",6.71140939597315,50,"Retained"
"ASXL2",6.71140939597315,50,"Retained"
"CBX6",6.71140939597315,50,"Retained"
"CEACAM8",6.71140939597315,50,"Retained"
"CRPPA",6.71140939597315,50,"Retained"
"GEM",6.71140939597315,50,"Retained"
"KIT",6.71140939597315,50,"Retained"
"L3MBTL3",6.71140939597315,50,"Retained"
"LRRC32",6.71140939597315,50,"Retained"
"MACROD2",6.71140939597315,50,"Retained"
"NAA20",6.71140939597315,50,"Retained"
"PAMR1",6.71140939597315,50,"Retained"
"PHF21A",6.71140939597315,50,"Retained"
"RAB44",6.71140939597315,50,"Retained"
"RBM27",6.71140939597315,50,"Retained"
"RNF144A",6.71140939597315,50,"Retained"
"SH3YL1",6.71140939597315,50,"Retained"
"SLC35A2",6.71140939597315,50,"Retained"
"SLC3A1",6.71140939597315,50,"Retained"
"SNTA1",6.71140939597315,50,"Retained"
"SPRR1B",6.71140939597315,50,"Retained"
"TSPAN3",6.71140939597315,50,"Retained"
"UNKL",6.71140939597315,50,"Retained"
"UPRT",6.71140939597315,50,"Retained"
"USP28",6.71140939597315,50,"Retained"
"ADGRL2",6.04026845637584,50,"Retained"
"AFMID",6.04026845637584,50,"Retained"
"AK6",6.04026845637584,50,"Retained"
"AMOTL1",6.04026845637584,50,"Retained"
"ANKHD1.EIF4EBP3",6.04026845637584,50,"Retained"
"ARF1",6.04026845637584,50,"Retained"
"ARMC5",6.04026845637584,50,"Retained"
"ATG4A",6.04026845637584,50,"Retained"
"C11orf52",6.04026845637584,50,"Retained"
"C18orf25",6.04026845637584,50,"Retained"
"C7orf26",6.04026845637584,50,"Retained"
"CACNA2D2",6.04026845637584,50,"Retained"
"CARNMT1",6.04026845637584,50,"Retained"
"CAV2",6.04026845637584,50,"Retained"
"CD40",6.04026845637584,50,"Retained"
"CDKN2C",6.04026845637584,50,"Retained"
"CDR2",6.04026845637584,50,"Retained"
"CDR2L",6.04026845637584,50,"Retained"
"COX15",6.04026845637584,50,"Retained"
"DCLK2",6.04026845637584,50,"Retained"
"EBAG9",6.04026845637584,50,"Retained"
"GTF3C6",6.04026845637584,50,"Retained"
"JTB",6.04026845637584,50,"Retained"
"KANK3",6.04026845637584,50,"Retained"
"KLK10",6.04026845637584,50,"Retained"
"KRT71",6.04026845637584,50,"Retained"
"LITAF",6.04026845637584,50,"Retained"
"MACC1",6.04026845637584,50,"Retained"
"MECOM",6.04026845637584,50,"Retained"
"MOB3A",6.04026845637584,50,"Retained"
"MPV17",6.04026845637584,50,"Retained"
"MRPL42",6.04026845637584,50,"Retained"
"MRPS21",6.04026845637584,50,"Retained"
"MTCL1",6.04026845637584,50,"Retained"
"MYO19",6.04026845637584,50,"Retained"
"NDUFA13",6.04026845637584,50,"Retained"
"OGFOD2",6.04026845637584,50,"Retained"
"PIGG",6.04026845637584,50,"Retained"
"PRR15",6.04026845637584,50,"Retained"
"PTPN7",6.04026845637584,50,"Retained"
"RNF185",6.04026845637584,50,"Retained"
"SCD5",6.04026845637584,50,"Retained"
"SIRT1",6.04026845637584,50,"Retained"
"SLC2A13",6.04026845637584,50,"Retained"
"SLC43A2",6.04026845637584,50,"Retained"
"SOX9",6.04026845637584,50,"Retained"
"SSNA1",6.04026845637584,50,"Retained"
"SUFU",6.04026845637584,50,"Retained"
"SUMO3",6.04026845637584,50,"Retained"
"TMEM230",6.04026845637584,50,"Retained"
"TNRC18",6.04026845637584,50,"Retained"
"TYW3",6.04026845637584,50,"Retained"
"TYW5",6.04026845637584,50,"Retained"
"UBL7",6.04026845637584,50,"Retained"
"YIPF4",6.04026845637584,50,"Retained"
"ZNF579",6.04026845637584,50,"Retained"
"ABCC4",5.36912751677852,50,"Retained"
"ADAL",5.36912751677852,50,"Retained"
"AFG1L",5.36912751677852,50,"Retained"
"AP1S3",5.36912751677852,50,"Retained"
"APOBEC3G",5.36912751677852,50,"Retained"
"APOC4",5.36912751677852,50,"Retained"
"ARHGAP24",5.36912751677852,50,"Retained"
"ATG9A",5.36912751677852,50,"Retained"
"ATP6V0A2",5.36912751677852,50,"Retained"
"ATP8B1",5.36912751677852,50,"Retained"
"BNIP2",5.36912751677852,50,"Retained"
"CA12",5.36912751677852,50,"Retained"
"CARD8",5.36912751677852,50,"Retained"
"CERCAM",5.36912751677852,50,"Retained"
"CIR1",5.36912751677852,50,"Retained"
"CMC1",5.36912751677852,50,"Retained"
"CNOT8",5.36912751677852,50,"Retained"
"COX20",5.36912751677852,50,"Retained"
"CSNK2A1",5.36912751677852,50,"Retained"
"DCAF11",5.36912751677852,50,"Retained"
"DIPK2A",5.36912751677852,50,"Retained"
"DNAJB9",5.36912751677852,50,"Retained"
"DYNC2H1",5.36912751677852,50,"Retained"
"EAPP",5.36912751677852,50,"Retained"
"EDEM2",5.36912751677852,50,"Retained"
"ELOF1",5.36912751677852,50,"Retained"
"EPB41L4B",5.36912751677852,50,"Retained"
"ERCC1",5.36912751677852,50,"Retained"
"FAAH",5.36912751677852,50,"Retained"
"FAM20B",5.36912751677852,50,"Retained"
"FAS",5.36912751677852,50,"Retained"
"FBXO30",5.36912751677852,50,"Retained"
"FDX2",5.36912751677852,50,"Retained"
"FGF2",5.36912751677852,50,"Retained"
"FGFR1OP2",5.36912751677852,50,"Retained"
"FGL1",5.36912751677852,50,"Retained"
"FOXRED1",5.36912751677852,50,"Retained"
"GDE1",5.36912751677852,50,"Retained"
"GPAT4",5.36912751677852,50,"Retained"
"GPATCH11",5.36912751677852,50,"Retained"
"GSKIP",5.36912751677852,50,"Retained"
"GSTM4",5.36912751677852,50,"Retained"
"HOMER2",5.36912751677852,50,"Retained"
"HSCB",5.36912751677852,50,"Retained"
"IGHV5.10.1",5.36912751677852,50,"Retained"
"IGLV3.1",5.36912751677852,50,"Retained"
"IGLV9.49",5.36912751677852,50,"Retained"
"INMT",5.36912751677852,50,"Retained"
"INPP5B",5.36912751677852,50,"Retained"
"KAT8",5.36912751677852,50,"Retained"
"KCNJ5",5.36912751677852,50,"Retained"
"KMT2C",5.36912751677852,50,"Retained"
"LLPH",5.36912751677852,50,"Retained"
"LRRC15",5.36912751677852,50,"Retained"
"LZTS2",5.36912751677852,50,"Retained"
"MAD2L1",5.36912751677852,50,"Retained"
"MED22",5.36912751677852,50,"Retained"
"MED24",5.36912751677852,50,"Retained"
"MED6",5.36912751677852,50,"Retained"
"MRPL23",5.36912751677852,50,"Retained"
"MRPS2",5.36912751677852,50,"Retained"
"MRPS28",5.36912751677852,50,"Retained"
"MTG1",5.36912751677852,50,"Retained"
"MTRR",5.36912751677852,50,"Retained"
"NADK",5.36912751677852,50,"Retained"
"NFRKB",5.36912751677852,50,"Retained"
"NGFR",5.36912751677852,50,"Retained"
"NKTR",5.36912751677852,50,"Retained"
"PAG1",5.36912751677852,50,"Retained"
"PGLYRP1",5.36912751677852,50,"Retained"
"PHAX",5.36912751677852,50,"Retained"
"PIEZO1",5.36912751677852,50,"Retained"
"PLCD3",5.36912751677852,50,"Retained"
"PLEKHM1",5.36912751677852,50,"Retained"
"PPP1R1A",5.36912751677852,50,"Retained"
"PRMT3",5.36912751677852,50,"Retained"
"PROCR",5.36912751677852,50,"Retained"
"PROZ",5.36912751677852,50,"Retained"
"PRSS8",5.36912751677852,50,"Retained"
"PTPN13",5.36912751677852,50,"Retained"
"RASSF5",5.36912751677852,50,"Retained"
"RFK",5.36912751677852,50,"Retained"
"RFT1",5.36912751677852,50,"Retained"
"RMND1",5.36912751677852,50,"Retained"
"RPAP1",5.36912751677852,50,"Retained"
"RPP40",5.36912751677852,50,"Retained"
"RWDD2B",5.36912751677852,50,"Retained"
"SASH1",5.36912751677852,50,"Retained"
"SENP6",5.36912751677852,50,"Retained"
"SIKE1",5.36912751677852,50,"Retained"
"SLC43A1",5.36912751677852,50,"Retained"
"SMG5",5.36912751677852,50,"Retained"
"SMIM15",5.36912751677852,50,"Retained"
"SPRYD3",5.36912751677852,50,"Retained"
"SPTY2D1",5.36912751677852,50,"Retained"
"STBD1",5.36912751677852,50,"Retained"
"SUDS3",5.36912751677852,50,"Retained"
"SYNE3",5.36912751677852,50,"Retained"
"TBC1D10A",5.36912751677852,50,"Retained"
"TC2N",5.36912751677852,50,"Retained"
"TDP1",5.36912751677852,50,"Retained"
"TFB1M",5.36912751677852,50,"Retained"
"THAP11",5.36912751677852,50,"Retained"
"TLK1",5.36912751677852,50,"Retained"
"TRNAU1AP",5.36912751677852,50,"Retained"
"TTC17",5.36912751677852,50,"Retained"
"TTC33",5.36912751677852,50,"Retained"
"TTF2",5.36912751677852,50,"Retained"
"TTPAL",5.36912751677852,50,"Retained"
"TXNL4B",5.36912751677852,50,"Retained"
"UBE2A",5.36912751677852,50,"Retained"
"UBE2G2",5.36912751677852,50,"Retained"
"USF2",5.36912751677852,50,"Retained"
"USP34",5.36912751677852,50,"Retained"
"UTP6",5.36912751677852,50,"Retained"
"VPS33A",5.36912751677852,50,"Retained"
"WRN",5.36912751677852,50,"Retained"
"ZBTB8OS",5.36912751677852,50,"Retained"
"ZFAND2B",5.36912751677852,50,"Retained"
"ZNF574",5.36912751677852,50,"Retained"
"ADAMTS2",4.69798657718121,50,"Retained"
"ADGRA2",4.69798657718121,50,"Retained"
"AFF1",4.69798657718121,50,"Retained"
"ANKRD50",4.69798657718121,50,"Retained"
"ANXA8L1",4.69798657718121,50,"Retained"
"ATG4C",4.69798657718121,50,"Retained"
"BPIFB1",4.69798657718121,50,"Retained"
"BRD9",4.69798657718121,50,"Retained"
"BRMS1",4.69798657718121,50,"Retained"
"CCNT2",4.69798657718121,50,"Retained"
"CDC42EP3",4.69798657718121,50,"Retained"
"CDK14",4.69798657718121,50,"Retained"
"CDKN2AIPNL",4.69798657718121,50,"Retained"
"CELSR1",4.69798657718121,50,"Retained"
"CGAS",4.69798657718121,50,"Retained"
"CLN5",4.69798657718121,50,"Retained"
"CXXC1",4.69798657718121,50,"Retained"
"CYTH3",4.69798657718121,50,"Retained"
"DHX58",4.69798657718121,50,"Retained"
"DPYSL4",4.69798657718121,50,"Retained"
"DUOX2",4.69798657718121,50,"Retained"
"ELN",4.69798657718121,50,"Retained"
"ENGASE",4.69798657718121,50,"Retained"
"EPHA2",4.69798657718121,50,"Retained"
"EPHB4",4.69798657718121,50,"Retained"
"FAM160A1",4.69798657718121,50,"Retained"
"FLRT2",4.69798657718121,50,"Retained"
"FOXJ2",4.69798657718121,50,"Retained"
"HIC1",4.69798657718121,50,"Retained"
"IFT52",4.69798657718121,50,"Retained"
"IGFBP6",4.69798657718121,50,"Retained"
"IGKV1OR2.108",4.69798657718121,50,"Retained"
"IL1RAP",4.69798657718121,50,"Retained"
"IRAK3",4.69798657718121,50,"Retained"
"KATNB1",4.69798657718121,50,"Retained"
"KCTD3",4.69798657718121,50,"Retained"
"KRT23",4.69798657718121,50,"Retained"
"KSR1",4.69798657718121,50,"Retained"
"LPIN3",4.69798657718121,50,"Retained"
"LSM3",4.69798657718121,50,"Retained"
"MAP3K2",4.69798657718121,50,"Retained"
"MASP1",4.69798657718121,50,"Retained"
"MBD3",4.69798657718121,50,"Retained"
"MBL2",4.69798657718121,50,"Retained"
"MED28",4.69798657718121,50,"Retained"
"MEST",4.69798657718121,50,"Retained"
"MILR1",4.69798657718121,50,"Retained"
"MRGBP",4.69798657718121,50,"Retained"
"MXRA8",4.69798657718121,50,"Retained"
"MYL4",4.69798657718121,50,"Retained"
"NAALADL2",4.69798657718121,50,"Retained"
"NECTIN1",4.69798657718121,50,"Retained"
"NEDD9",4.69798657718121,50,"Retained"
"NPR3",4.69798657718121,50,"Retained"
"NT5DC2",4.69798657718121,50,"Retained"
"NTM",4.69798657718121,50,"Retained"
"OAF",4.69798657718121,50,"Retained"
"OSTM1",4.69798657718121,50,"Retained"
"PAN3",4.69798657718121,50,"Retained"
"PCBP3",4.69798657718121,50,"Retained"
"PKP1",4.69798657718121,50,"Retained"
"PLXNA1",4.69798657718121,50,"Retained"
"PPP1R14B",4.69798657718121,50,"Retained"
"PPP1R37",4.69798657718121,50,"Retained"
"PRDM2",4.69798657718121,50,"Retained"
"RNF13",4.69798657718121,50,"Retained"
"ROBO1",4.69798657718121,50,"Retained"
"RPS19BP1",4.69798657718121,50,"Retained"
"SAMD4A",4.69798657718121,50,"Retained"
"SCAPER",4.69798657718121,50,"Retained"
"SECISBP2L",4.69798657718121,50,"Retained"
"SEMA3C",4.69798657718121,50,"Retained"
"SENP1",4.69798657718121,50,"Retained"
"SH3BP2",4.69798657718121,50,"Retained"
"SPRR3",4.69798657718121,50,"Retained"
"SRGAP1",4.69798657718121,50,"Retained"
"STARD13",4.69798657718121,50,"Retained"
"STEAP4",4.69798657718121,50,"Retained"
"SUPT4H1",4.69798657718121,50,"Retained"
"TAGLN3",4.69798657718121,50,"Retained"
"TAPBPL",4.69798657718121,50,"Retained"
"TFPI",4.69798657718121,50,"Retained"
"THSD7A",4.69798657718121,50,"Retained"
"XYLT1",4.69798657718121,50,"Retained"
"ABCB1",4.02684563758389,50,"Retained"
"ACTN3",4.02684563758389,50,"Retained"
"AGA",4.02684563758389,50,"Retained"
"AGTPBP1",4.02684563758389,50,"Retained"
"AMPH",4.02684563758389,50,"Retained"
"AP4S1",4.02684563758389,50,"Retained"
"ARHGEF18",4.02684563758389,50,"Retained"
"ARSL",4.02684563758389,50,"Retained"
"ASB9",4.02684563758389,50,"Retained"
"ATP5MG",4.02684563758389,50,"Retained"
"BANP",4.02684563758389,50,"Retained"
"BLOC1S1",4.02684563758389,50,"Retained"
"C12orf45",4.02684563758389,50,"Retained"
"C5orf22",4.02684563758389,50,"Retained"
"CABIN1",4.02684563758389,50,"Retained"
"CAMK2B",4.02684563758389,50,"Retained"
"CAMK4",4.02684563758389,50,"Retained"
"CD2",4.02684563758389,50,"Retained"
"CD38",4.02684563758389,50,"Retained"
"CD4",4.02684563758389,50,"Retained"
"CD8A",4.02684563758389,50,"Retained"
"CDC42BPG",4.02684563758389,50,"Retained"
"CFI",4.02684563758389,50,"Retained"
"CHD8",4.02684563758389,50,"Retained"
"CIP2A",4.02684563758389,50,"Retained"
"CNOT6L",4.02684563758389,50,"Retained"
"COMMD3",4.02684563758389,50,"Retained"
"COPRS",4.02684563758389,50,"Retained"
"COX19",4.02684563758389,50,"Retained"
"CYB5R4",4.02684563758389,50,"Retained"
"CYSTM1",4.02684563758389,50,"Retained"
"DDC",4.02684563758389,50,"Retained"
"DERPC",4.02684563758389,50,"Retained"
"DLG5",4.02684563758389,50,"Retained"
"DNAJC25",4.02684563758389,50,"Retained"
"DPP8",4.02684563758389,50,"Retained"
"DTNB",4.02684563758389,50,"Retained"
"DTWD2",4.02684563758389,50,"Retained"
"EIF1AD",4.02684563758389,50,"Retained"
"EMC10",4.02684563758389,50,"Retained"
"EMCN",4.02684563758389,50,"Retained"
"EPHB3",4.02684563758389,50,"Retained"
"ESRP2",4.02684563758389,50,"Retained"
"EXOC3L2",4.02684563758389,50,"Retained"
"FAM126A",4.02684563758389,50,"Retained"
"FAM160A2",4.02684563758389,50,"Retained"
"FAM168A",4.02684563758389,50,"Retained"
"FAM76B",4.02684563758389,50,"Retained"
"FEZ2",4.02684563758389,50,"Retained"
"FILIP1",4.02684563758389,50,"Retained"
"FZD1",4.02684563758389,50,"Retained"
"GLMN",4.02684563758389,50,"Retained"
"GNG7",4.02684563758389,50,"Retained"
"GPN1",4.02684563758389,50,"Retained"
"GPS2",4.02684563758389,50,"Retained"
"GRHL2",4.02684563758389,50,"Retained"
"H3.2",4.02684563758389,50,"Retained"
"HAPLN1",4.02684563758389,50,"Retained"
"HIF1AN",4.02684563758389,50,"Retained"
"HLCS",4.02684563758389,50,"Retained"
"HPS5",4.02684563758389,50,"Retained"
"IGHV3OR15.7",4.02684563758389,50,"Retained"
"IGLV3.9",4.02684563758389,50,"Retained"
"INO80",4.02684563758389,50,"Retained"
"INPP5K",4.02684563758389,50,"Retained"
"KATNAL1",4.02684563758389,50,"Retained"
"KDM1B",4.02684563758389,50,"Retained"
"KDM3A",4.02684563758389,50,"Retained"
"KIAA0930",4.02684563758389,50,"Retained"
"KIAA1109",4.02684563758389,50,"Retained"
"KLHL36",4.02684563758389,50,"Retained"
"KRT14",4.02684563758389,50,"Retained"
"KRT3",4.02684563758389,50,"Retained"
"KRT4",4.02684563758389,50,"Retained"
"KRT76",4.02684563758389,50,"Retained"
"LETMD1",4.02684563758389,50,"Retained"
"LZTR1",4.02684563758389,50,"Retained"
"MAP4K2",4.02684563758389,50,"Retained"
"MAP4K3",4.02684563758389,50,"Retained"
"MCTP2",4.02684563758389,50,"Retained"
"METTL1",4.02684563758389,50,"Retained"
"MLF2",4.02684563758389,50,"Retained"
"MPHOSPH6",4.02684563758389,50,"Retained"
"MRPL18",4.02684563758389,50,"Retained"
"MRPL20",4.02684563758389,50,"Retained"
"MRPL28",4.02684563758389,50,"Retained"
"MRPS11",4.02684563758389,50,"Retained"
"MTMR3",4.02684563758389,50,"Retained"
"NCALD",4.02684563758389,50,"Retained"
"NFATC3",4.02684563758389,50,"Retained"
"NHSL1",4.02684563758389,50,"Retained"
"NOM1",4.02684563758389,50,"Retained"
"NOVA2",4.02684563758389,50,"Retained"
"NRDE2",4.02684563758389,50,"Retained"
"NSD3",4.02684563758389,50,"Retained"
"NSMCE2",4.02684563758389,50,"Retained"
"NSUN5",4.02684563758389,50,"Retained"
"NSUN6",4.02684563758389,50,"Retained"
"OPA3",4.02684563758389,50,"Retained"
"PCBD2",4.02684563758389,50,"Retained"
"PGAP1",4.02684563758389,50,"Retained"
"PHF1",4.02684563758389,50,"Retained"
"PHF11",4.02684563758389,50,"Retained"
"PIBF1",4.02684563758389,50,"Retained"
"PLXNB1",4.02684563758389,50,"Retained"
"PNPLA2",4.02684563758389,50,"Retained"
"POLE3",4.02684563758389,50,"Retained"
"PRMT9",4.02684563758389,50,"Retained"
"PTPMT1",4.02684563758389,50,"Retained"
"PTPN14",4.02684563758389,50,"Retained"
"RABIF",4.02684563758389,50,"Retained"
"RASGRP2",4.02684563758389,50,"Retained"
"RBL2",4.02684563758389,50,"Retained"
"RBM34",4.02684563758389,50,"Retained"
"RCHY1",4.02684563758389,50,"Retained"
"RERG",4.02684563758389,50,"Retained"
"RNF41",4.02684563758389,50,"Retained"
"RPL3L",4.02684563758389,50,"Retained"
"RPS6KC1",4.02684563758389,50,"Retained"
"SCAMP4",4.02684563758389,50,"Retained"
"SCD",4.02684563758389,50,"Retained"
"SERPINB10",4.02684563758389,50,"Retained"
"SGPP1",4.02684563758389,50,"Retained"
"SLC15A4",4.02684563758389,50,"Retained"
"SLC35A4",4.02684563758389,50,"Retained"
"SLC35E1",4.02684563758389,50,"Retained"
"SLC39A10",4.02684563758389,50,"Retained"
"SLC5A1",4.02684563758389,50,"Retained"
"SNIP1",4.02684563758389,50,"Retained"
"SORCS2",4.02684563758389,50,"Retained"
"SPOUT1",4.02684563758389,50,"Retained"
"SRXN1",4.02684563758389,50,"Retained"
"ST6GALNAC1",4.02684563758389,50,"Retained"
"STARD7",4.02684563758389,50,"Retained"
"TAF6L",4.02684563758389,50,"Retained"
"TAPT1",4.02684563758389,50,"Retained"
"TBL1X",4.02684563758389,50,"Retained"
"TELO2",4.02684563758389,50,"Retained"
"TGFBR2",4.02684563758389,50,"Retained"
"TIMM23",4.02684563758389,50,"Retained"
"TMEM131",4.02684563758389,50,"Retained"
"TMEM179B",4.02684563758389,50,"Retained"
"TMEM41A",4.02684563758389,50,"Retained"
"TOE1",4.02684563758389,50,"Retained"
"TOR4A",4.02684563758389,50,"Retained"
"TSPAN31",4.02684563758389,50,"Retained"
"TTC7A",4.02684563758389,50,"Retained"
"UBAC2",4.02684563758389,50,"Retained"
"UBN1",4.02684563758389,50,"Retained"
"UBN2",4.02684563758389,50,"Retained"
"UCK2",4.02684563758389,50,"Retained"
"UCN3",4.02684563758389,50,"Retained"
"USH1C",4.02684563758389,50,"Retained"
"UTP25",4.02684563758389,50,"Retained"
"WDR24",4.02684563758389,50,"Retained"
"WDR89",4.02684563758389,50,"Retained"
"WDSUB1",4.02684563758389,50,"Retained"
"WRAP53",4.02684563758389,50,"Retained"
"WWP2",4.02684563758389,50,"Retained"
"YJU2",4.02684563758389,50,"Retained"
"ZBTB1",4.02684563758389,50,"Retained"
"ZDHHC5",4.02684563758389,50,"Retained"
"ZER1",4.02684563758389,50,"Retained"
"ZNF384",4.02684563758389,50,"Retained"
"ZNF609",4.02684563758389,50,"Retained"
"ZNF800",4.02684563758389,50,"Retained"
"ZNRF2",4.02684563758389,50,"Retained"
"ABHD17C",3.35570469798658,50,"Retained"
"ACTR8",3.35570469798658,50,"Retained"
"ACY3",3.35570469798658,50,"Retained"
"ACYP2",3.35570469798658,50,"Retained"
"ALG6",3.35570469798658,50,"Retained"
"AP5B1",3.35570469798658,50,"Retained"
"AP5M1",3.35570469798658,50,"Retained"
"ARPC4",3.35570469798658,50,"Retained"
"ATG13",3.35570469798658,50,"Retained"
"ATXN1L",3.35570469798658,50,"Retained"
"B3GAT3",3.35570469798658,50,"Retained"
"B4GAT1",3.35570469798658,50,"Retained"
"BRD7",3.35570469798658,50,"Retained"
"BTN3A3",3.35570469798658,50,"Retained"
"BUD13",3.35570469798658,50,"Retained"
"C11orf98",3.35570469798658,50,"Retained"
"C17orf97",3.35570469798658,50,"Retained"
"CAMKK2",3.35570469798658,50,"Retained"
"CBLB",3.35570469798658,50,"Retained"
"CCDC174",3.35570469798658,50,"Retained"
"CCDC92",3.35570469798658,50,"Retained"
"CCL5",3.35570469798658,50,"Retained"
"CD180",3.35570469798658,50,"Retained"
"CFAP298",3.35570469798658,50,"Retained"
"CLN6",3.35570469798658,50,"Retained"
"CORO7",3.35570469798658,50,"Retained"
"CTSF",3.35570469798658,50,"Retained"
"CXCL12",3.35570469798658,50,"Retained"
"DCAF6",3.35570469798658,50,"Retained"
"DDX51",3.35570469798658,50,"Retained"
"DEFA3",3.35570469798658,50,"Retained"
"DKK3",3.35570469798658,50,"Retained"
"DUS1L",3.35570469798658,50,"Retained"
"FAM102B",3.35570469798658,50,"Retained"
"FAM13A",3.35570469798658,50,"Retained"
"FBXL15",3.35570469798658,50,"Retained"
"FBXW9",3.35570469798658,50,"Retained"
"FGD2",3.35570469798658,50,"Retained"
"FLCN",3.35570469798658,50,"Retained"
"FUT11",3.35570469798658,50,"Retained"
"FYN",3.35570469798658,50,"Retained"
"GCAT",3.35570469798658,50,"Retained"
"GCHFR",3.35570469798658,50,"Retained"
"GGT7",3.35570469798658,50,"Retained"
"GLE1",3.35570469798658,50,"Retained"
"GNAI1",3.35570469798658,50,"Retained"
"GNB1L",3.35570469798658,50,"Retained"
"GPRC5C",3.35570469798658,50,"Retained"
"HCFC2",3.35570469798658,50,"Retained"
"HES1",3.35570469798658,50,"Retained"
"ICAM3",3.35570469798658,50,"Retained"
"IFT74",3.35570469798658,50,"Retained"
"IFT81",3.35570469798658,50,"Retained"
"IGHV3.38",3.35570469798658,50,"Retained"
"IMP4",3.35570469798658,50,"Retained"
"KDM6A",3.35570469798658,50,"Retained"
"KIAA0100",3.35570469798658,50,"Retained"
"KIF26B",3.35570469798658,50,"Retained"
"KRT13",3.35570469798658,50,"Retained"
"KRT73",3.35570469798658,50,"Retained"
"LAIR1",3.35570469798658,50,"Retained"
"LIX1L",3.35570469798658,50,"Retained"
"LRRK2",3.35570469798658,50,"Retained"
"MARCHF5",3.35570469798658,50,"Retained"
"MEAF6",3.35570469798658,50,"Retained"
"MIS12",3.35570469798658,50,"Retained"
"MMP12",3.35570469798658,50,"Retained"
"MPP5",3.35570469798658,50,"Retained"
"MRPL34",3.35570469798658,50,"Retained"
"MT1M",3.35570469798658,50,"Retained"
"NARF",3.35570469798658,50,"Retained"
"NCAPD2",3.35570469798658,50,"Retained"
"NME7",3.35570469798658,50,"Retained"
"NPRL3",3.35570469798658,50,"Retained"
"NR2F2",3.35570469798658,50,"Retained"
"NSL1",3.35570469798658,50,"Retained"
"NSUN4",3.35570469798658,50,"Retained"
"NTN4",3.35570469798658,50,"Retained"
"NUDT14",3.35570469798658,50,"Retained"
"NUDT16L1",3.35570469798658,50,"Retained"
"OGDHL",3.35570469798658,50,"Retained"
"PALM3",3.35570469798658,50,"Retained"
"PAXIP1",3.35570469798658,50,"Retained"
"PBX1",3.35570469798658,50,"Retained"
"PEX6",3.35570469798658,50,"Retained"
"PHF10",3.35570469798658,50,"Retained"
"PIP5K1A",3.35570469798658,50,"Retained"
"POGK",3.35570469798658,50,"Retained"
"POLG",3.35570469798658,50,"Retained"
"POLR2K",3.35570469798658,50,"Retained"
"PRPF40B",3.35570469798658,50,"Retained"
"PSD4",3.35570469798658,50,"Retained"
"PUS10",3.35570469798658,50,"Retained"
"PYGM",3.35570469798658,50,"Retained"
"QPCT",3.35570469798658,50,"Retained"
"REPIN1",3.35570469798658,50,"Retained"
"SDCCAG8",3.35570469798658,50,"Retained"
"SDHAF1",3.35570469798658,50,"Retained"
"SEC14L2",3.35570469798658,50,"Retained"
"SELENOK",3.35570469798658,50,"Retained"
"SELL",3.35570469798658,50,"Retained"
"SENP8",3.35570469798658,50,"Retained"
"SIRT6",3.35570469798658,50,"Retained"
"SLC12A4",3.35570469798658,50,"Retained"
"SMPD3",3.35570469798658,50,"Retained"
"SMURF2",3.35570469798658,50,"Retained"
"SNRPE",3.35570469798658,50,"Retained"
"SNX21",3.35570469798658,50,"Retained"
"SUZ12",3.35570469798658,50,"Retained"
"SYN1",3.35570469798658,50,"Retained"
"SYNC",3.35570469798658,50,"Retained"
"TADA3",3.35570469798658,50,"Retained"
"TASOR2",3.35570469798658,50,"Retained"
"TCF4",3.35570469798658,50,"Retained"
"TLR3",3.35570469798658,50,"Retained"
"TP53I11",3.35570469798658,50,"Retained"
"TRMT61A",3.35570469798658,50,"Retained"
"TRPV2",3.35570469798658,50,"Retained"
"TTC7B",3.35570469798658,50,"Retained"
"UBA52",3.35570469798658,50,"Retained"
"UBASH3B",3.35570469798658,50,"Retained"
"UNG",3.35570469798658,50,"Retained"
"VPS13D",3.35570469798658,50,"Retained"
"WDHD1",3.35570469798658,50,"Retained"
"WDTC1",3.35570469798658,50,"Retained"
"ZBTB4",3.35570469798658,50,"Retained"
"ZCCHC9",3.35570469798658,50,"Retained"
"ZDHHC3",3.35570469798658,50,"Retained"
"ZEB1",3.35570469798658,50,"Retained"
"ZFYVE26",3.35570469798658,50,"Retained"
"ZNF281",3.35570469798658,50,"Retained"
"ZSWIM8",3.35570469798658,50,"Retained"
"AMY2B",2.68456375838926,50,"Retained"
"ABCB8",2.01342281879195,50,"Retained"
"ADAMTS7",2.01342281879195,50,"Retained"
"AL034430.2",2.01342281879195,50,"Retained"
"BCL2L14",2.01342281879195,50,"Retained"
"BMP1",2.01342281879195,50,"Retained"
"CEP44",2.01342281879195,50,"Retained"
"COX7B",2.01342281879195,50,"Retained"
"ENTR1",2.01342281879195,50,"Retained"
"FBLN7",2.01342281879195,50,"Retained"
"GORASP1",2.01342281879195,50,"Retained"
"IRS1",2.01342281879195,50,"Retained"
"ITFG2",2.01342281879195,50,"Retained"
"MAST3",2.01342281879195,50,"Retained"
"MFSD10",2.01342281879195,50,"Retained"
"OSBPL7",2.01342281879195,50,"Retained"
"PPM1K",2.01342281879195,50,"Retained"
"PRKD1",2.01342281879195,50,"Retained"
"RAB3B",2.01342281879195,50,"Retained"
"RETN",2.01342281879195,50,"Retained"
"SARAF",2.01342281879195,50,"Retained"
"SHROOM2",2.01342281879195,50,"Retained"
"TDP2",2.01342281879195,50,"Retained"
"TNFAIP8L2",2.01342281879195,50,"Retained"
"TUFT1",2.01342281879195,50,"Retained"
"VKORC1",2.01342281879195,50,"Retained"
"ABRACL",1.34228187919463,50,"Retained"
"AQP8",1.34228187919463,50,"Retained"
"S100B",1.34228187919463,50,"Retained"
"TARBP1",1.34228187919463,50,"Retained"
"ACY1",0.671140939597315,50,"Retained"
"ATP5F1D",0.671140939597315,50,"Retained"
"CARD16",0.671140939597315,50,"Retained"
"CD53",0.671140939597315,50,"Retained"
"CTRB2",0.671140939597315,50,"Retained"
"HNRNPA1",0.671140939597315,50,"Retained"
"IGHV2.5",0.671140939597315,50,"Retained"
"IGKJ4",0.671140939597315,50,"Retained"
"IGKV3.20",0.671140939597315,50,"Retained"
"IGLV1.47",0.671140939597315,50,"Retained"
"IGLV2.11",0.671140939597315,50,"Retained"
"IMP3",0.671140939597315,50,"Retained"
"KRT6A",0.671140939597315,50,"Retained"
"MT.ATP6",0.671140939597315,50,"Retained"
"NBL1",0.671140939597315,50,"Retained"
"NFKBIB",0.671140939597315,50,"Retained"
"NUDT3",0.671140939597315,50,"Retained"
"PRG2",0.671140939597315,50,"Retained"
"PRG3",0.671140939597315,50,"Retained"
"PTGR2",0.671140939597315,50,"Retained"
"SLC44A4",0.671140939597315,50,"Retained"
"SUMO2",0.671140939597315,50,"Retained"
"A1BG",0,50,"Retained"
"A1CF",0,50,"Retained"
"A2M",0,50,"Retained"
"AAAS",0,50,"Retained"
"AACS",0,50,"Retained"
"AAGAB",0,50,"Retained"
"AAK1",0,50,"Retained"
"AAMDC",0,50,"Retained"
"AAMP",0,50,"Retained"
"AAR2",0,50,"Retained"
"AARS1",0,50,"Retained"
"AARS2",0,50,"Retained"
"AASDHPPT",0,50,"Retained"
"AASS",0,50,"Retained"
"ABAT",0,50,"Retained"
"ABCA8",0,50,"Retained"
"ABCB10",0,50,"Retained"
"ABCB6",0,50,"Retained"
"ABCB7",0,50,"Retained"
"ABCC1",0,50,"Retained"
"ABCC3",0,50,"Retained"
"ABCD1",0,50,"Retained"
"ABCD3",0,50,"Retained"
"ABCE1",0,50,"Retained"
"ABCF1",0,50,"Retained"
"ABCF3",0,50,"Retained"
"ABHD10",0,50,"Retained"
"ABHD11",0,50,"Retained"
"ABHD12",0,50,"Retained"
"ABHD14B",0,50,"Retained"
"ABHD16A",0,50,"Retained"
"ABHD6",0,50,"Retained"
"ABI1",0,50,"Retained"
"ABI2",0,50,"Retained"
"ABI3",0,50,"Retained"
"ABI3BP",0,50,"Retained"
"ABL1",0,50,"Retained"
"ABL2",0,50,"Retained"
"ABLIM1",0,50,"Retained"
"ABLIM2",0,50,"Retained"
"ABR",0,50,"Retained"
"ABRAXAS1",0,50,"Retained"
"ABRAXAS2",0,50,"Retained"
"ACAA1",0,50,"Retained"
"ACAA2",0,50,"Retained"
"ACACA",0,50,"Retained"
"ACAD10",0,50,"Retained"
"ACAD8",0,50,"Retained"
"ACAD9",0,50,"Retained"
"ACADL",0,50,"Retained"
"ACADM",0,50,"Retained"
"ACADS",0,50,"Retained"
"ACADSB",0,50,"Retained"
"ACADVL",0,50,"Retained"
"ACAP1",0,50,"Retained"
"ACAP2",0,50,"Retained"
"ACAT1",0,50,"Retained"
"ACAT2",0,50,"Retained"
"ACBD3",0,50,"Retained"
"ACBD5",0,50,"Retained"
"ACBD6",0,50,"Retained"
"ACE",0,50,"Retained"
"ACIN1",0,50,"Retained"
"ACLY",0,50,"Retained"
"ACO1",0,50,"Retained"
"ACO2",0,50,"Retained"
"ACOT11",0,50,"Retained"
"ACOT13",0,50,"Retained"
"ACOT7",0,50,"Retained"
"ACOT8",0,50,"Retained"
"ACOT9",0,50,"Retained"
"ACOX1",0,50,"Retained"
"ACOX3",0,50,"Retained"
"ACP1",0,50,"Retained"
"ACP2",0,50,"Retained"
"ACP5",0,50,"Retained"
"ACP6",0,50,"Retained"
"ACSF2",0,50,"Retained"
"ACSF3",0,50,"Retained"
"ACSL1",0,50,"Retained"
"ACSL3",0,50,"Retained"
"ACSL4",0,50,"Retained"
"ACSL5",0,50,"Retained"
"ACSM3",0,50,"Retained"
"ACSS1",0,50,"Retained"
"ACSS2",0,50,"Retained"
"ACSS3",0,50,"Retained"
"ACTA1",0,50,"Retained"
"ACTB",0,50,"Retained"
"ACTBL2",0,50,"Retained"
"ACTG1",0,50,"Retained"
"ACTL6A",0,50,"Retained"
"ACTN1",0,50,"Retained"
"ACTN4",0,50,"Retained"
"ACTR10",0,50,"Retained"
"ACTR1A",0,50,"Retained"
"ACTR1B",0,50,"Retained"
"ACTR2",0,50,"Retained"
"ACTR3",0,50,"Retained"
"ACTR3B",0,50,"Retained"
"ACTR5",0,50,"Retained"
"ACYP1",0,50,"Retained"
"ADA",0,50,"Retained"
"ADA2",0,50,"Retained"
"ADAM10",0,50,"Retained"
"ADAM17",0,50,"Retained"
"ADAM9",0,50,"Retained"
"ADAMTS12",0,50,"Retained"
"ADAMTS4",0,50,"Retained"
"ADAMTSL2",0,50,"Retained"
"ADAMTSL3",0,50,"Retained"
"ADAMTSL4",0,50,"Retained"
"ADAP1",0,50,"Retained"
"ADAR",0,50,"Retained"
"ADARB1",0,50,"Retained"
"ADD1",0,50,"Retained"
"ADD2",0,50,"Retained"
"ADD3",0,50,"Retained"
"ADGRE5",0,50,"Retained"
"ADGRG1",0,50,"Retained"
"ADH1B",0,50,"Retained"
"ADH1C",0,50,"Retained"
"ADH5",0,50,"Retained"
"ADI1",0,50,"Retained"
"ADIPOQ",0,50,"Retained"
"ADIRF",0,50,"Retained"
"ADK",0,50,"Retained"
"ADNP",0,50,"Retained"
"ADO",0,50,"Retained"
"ADPGK",0,50,"Retained"
"ADPRH",0,50,"Retained"
"ADPRS",0,50,"Retained"
"ADRM1",0,50,"Retained"
"ADSL",0,50,"Retained"
"ADSS1",0,50,"Retained"
"ADSS2",0,50,"Retained"
"AEBP1",0,50,"Retained"
"AFAP1",0,50,"Retained"
"AFAP1L2",0,50,"Retained"
"AFDN",0,50,"Retained"
"AFF4",0,50,"Retained"
"AFG3L2",0,50,"Retained"
"AFM",0,50,"Retained"
"AFTPH",0,50,"Retained"
"AGAP1",0,50,"Retained"
"AGAP3",0,50,"Retained"
"AGFG1",0,50,"Retained"
"AGFG2",0,50,"Retained"
"AGK",0,50,"Retained"
"AGL",0,50,"Retained"
"AGMAT",0,50,"Retained"
"AGO1",0,50,"Retained"
"AGO2",0,50,"Retained"
"AGO3",0,50,"Retained"
"AGPAT1",0,50,"Retained"
"AGPAT2",0,50,"Retained"
"AGPAT3",0,50,"Retained"
"AGPAT5",0,50,"Retained"
"AGPS",0,50,"Retained"
"AGR2",0,50,"Retained"
"AGR3",0,50,"Retained"
"AGRN",0,50,"Retained"
"AGT",0,50,"Retained"
"AHCTF1",0,50,"Retained"
"AHCY",0,50,"Retained"
"AHCYL1",0,50,"Retained"
"AHCYL2",0,50,"Retained"
"AHNAK",0,50,"Retained"
"AHNAK2",0,50,"Retained"
"AHSA1",0,50,"Retained"
"AHSG",0,50,"Retained"
"AHSP",0,50,"Retained"
"AIDA",0,50,"Retained"
"AIF1",0,50,"Retained"
"AIF1L",0,50,"Retained"
"AIFM1",0,50,"Retained"
"AIFM2",0,50,"Retained"
"AIMP1",0,50,"Retained"
"AIMP2",0,50,"Retained"
"AIP",0,50,"Retained"
"AK1",0,50,"Retained"
"AK2",0,50,"Retained"
"AK3",0,50,"Retained"
"AK4",0,50,"Retained"
"AKAP1",0,50,"Retained"
"AKAP10",0,50,"Retained"
"AKAP11",0,50,"Retained"
"AKAP12",0,50,"Retained"
"AKAP13",0,50,"Retained"
"AKAP17A",0,50,"Retained"
"AKAP7",0,50,"Retained"
"AKAP8",0,50,"Retained"
"AKAP8L",0,50,"Retained"
"AKAP9",0,50,"Retained"
"AKR1A1",0,50,"Retained"
"AKR1B1",0,50,"Retained"
"AKR1B10",0,50,"Retained"
"AKR1C3",0,50,"Retained"
"AKR7A2",0,50,"Retained"
"AKR7A3",0,50,"Retained"
"AKT1",0,50,"Retained"
"AKT1S1",0,50,"Retained"
"AKT2",0,50,"Retained"
"AKT3",0,50,"Retained"
"AKTIP",0,50,"Retained"
"ALAD",0,50,"Retained"
"ALCAM",0,50,"Retained"
"ALDH16A1",0,50,"Retained"
"ALDH18A1",0,50,"Retained"
"ALDH1A1",0,50,"Retained"
"ALDH1B1",0,50,"Retained"
"ALDH1L1",0,50,"Retained"
"ALDH1L2",0,50,"Retained"
"ALDH2",0,50,"Retained"
"ALDH3A1",0,50,"Retained"
"ALDH3A2",0,50,"Retained"
"ALDH3B1",0,50,"Retained"
"ALDH4A1",0,50,"Retained"
"ALDH5A1",0,50,"Retained"
"ALDH6A1",0,50,"Retained"
"ALDH7A1",0,50,"Retained"
"ALDH9A1",0,50,"Retained"
"ALDOB",0,50,"Retained"
"ALDOC",0,50,"Retained"
"ALG1",0,50,"Retained"
"ALG11",0,50,"Retained"
"ALG12",0,50,"Retained"
"ALG13",0,50,"Retained"
"ALG2",0,50,"Retained"
"ALG5",0,50,"Retained"
"ALKBH5",0,50,"Retained"
"ALOX5",0,50,"Retained"
"ALOX5AP",0,50,"Retained"
"ALPL",0,50,"Retained"
"ALYREF",0,50,"Retained"
"AMBP",0,50,"Retained"
"AMDHD2",0,50,"Retained"
"AMPD2",0,50,"Retained"
"AMPD3",0,50,"Retained"
"AMT",0,50,"Retained"
"AMY2A",0,50,"Retained"
"ANAPC1",0,50,"Retained"
"ANAPC10",0,50,"Retained"
"ANAPC4",0,50,"Retained"
"ANAPC5",0,50,"Retained"
"ANAPC7",0,50,"Retained"
"ANG",0,50,"Retained"
"ANGPTL2",0,50,"Retained"
"ANK1",0,50,"Retained"
"ANK2",0,50,"Retained"
"ANK3",0,50,"Retained"
"ANKFY1",0,50,"Retained"
"ANKIB1",0,50,"Retained"
"ANKLE2",0,50,"Retained"
"ANKMY2",0,50,"Retained"
"ANKRD13A",0,50,"Retained"
"ANKRD17",0,50,"Retained"
"ANKRD22",0,50,"Retained"
"ANKRD27",0,50,"Retained"
"ANKRD28",0,50,"Retained"
"ANKRD44",0,50,"Retained"
"ANKS1A",0,50,"Retained"
"ANKZF1",0,50,"Retained"
"ANO1",0,50,"Retained"
"ANO10",0,50,"Retained"
"ANO6",0,50,"Retained"
"ANP32A",0,50,"Retained"
"ANP32B",0,50,"Retained"
"ANP32E",0,50,"Retained"
"ANPEP",0,50,"Retained"
"ANTXR1",0,50,"Retained"
"ANTXR2",0,50,"Retained"
"ANXA1",0,50,"Retained"
"ANXA10",0,50,"Retained"
"ANXA11",0,50,"Retained"
"ANXA2",0,50,"Retained"
"ANXA3",0,50,"Retained"
"ANXA4",0,50,"Retained"
"ANXA6",0,50,"Retained"
"ANXA7",0,50,"Retained"
"ANXA9",0,50,"Retained"
"AOC1",0,50,"Retained"
"AOC3",0,50,"Retained"
"AOX1",0,50,"Retained"
"AP1B1",0,50,"Retained"
"AP1G1",0,50,"Retained"
"AP1G2",0,50,"Retained"
"AP1M1",0,50,"Retained"
"AP1M2",0,50,"Retained"
"AP1S1",0,50,"Retained"
"AP1S2",0,50,"Retained"
"AP2A1",0,50,"Retained"
"AP2A2",0,50,"Retained"
"AP2B1",0,50,"Retained"
"AP2M1",0,50,"Retained"
"AP2S1",0,50,"Retained"
"AP3B1",0,50,"Retained"
"AP3D1",0,50,"Retained"
"AP3M1",0,50,"Retained"
"AP3M2",0,50,"Retained"
"AP3S1",0,50,"Retained"
"AP4E1",0,50,"Retained"
"AP5Z1",0,50,"Retained"
"APAF1",0,50,"Retained"
"APBB1IP",0,50,"Retained"
"APBB2",0,50,"Retained"
"APC",0,50,"Retained"
"APCS",0,50,"Retained"
"APEH",0,50,"Retained"
"APEX1",0,50,"Retained"
"API5",0,50,"Retained"
"APIP",0,50,"Retained"
"APLP2",0,50,"Retained"
"APMAP",0,50,"Retained"
"APOA1",0,50,"Retained"
"APOA2",0,50,"Retained"
"APOA4",0,50,"Retained"
"APOB",0,50,"Retained"
"APOBEC2",0,50,"Retained"
"APOBEC3C",0,50,"Retained"
"APOBR",0,50,"Retained"
"APOC1",0,50,"Retained"
"APOC3",0,50,"Retained"
"APOD",0,50,"Retained"
"APOE",0,50,"Retained"
"APOF",0,50,"Retained"
"APOH",0,50,"Retained"
"APOL1",0,50,"Retained"
"APOL2",0,50,"Retained"
"APOL3",0,50,"Retained"
"APOM",0,50,"Retained"
"APOO",0,50,"Retained"
"APOOL",0,50,"Retained"
"APP",0,50,"Retained"
"APPL1",0,50,"Retained"
"APPL2",0,50,"Retained"
"APRT",0,50,"Retained"
"APTX",0,50,"Retained"
"AQR",0,50,"Retained"
"ARAF",0,50,"Retained"
"ARAP1",0,50,"Retained"
"ARCN1",0,50,"Retained"
"ARF4",0,50,"Retained"
"ARF5",0,50,"Retained"
"ARF6",0,50,"Retained"
"ARFGAP1",0,50,"Retained"
"ARFGAP2",0,50,"Retained"
"ARFGAP3",0,50,"Retained"
"ARFGEF1",0,50,"Retained"
"ARFGEF2",0,50,"Retained"
"ARFGEF3",0,50,"Retained"
"ARFIP1",0,50,"Retained"
"ARFIP2",0,50,"Retained"
"ARFRP1",0,50,"Retained"
"ARG1",0,50,"Retained"
"ARGLU1",0,50,"Retained"
"ARHGAP1",0,50,"Retained"
"ARHGAP10",0,50,"Retained"
"ARHGAP12",0,50,"Retained"
"ARHGAP15",0,50,"Retained"
"ARHGAP17",0,50,"Retained"
"ARHGAP18",0,50,"Retained"
"ARHGAP21",0,50,"Retained"
"ARHGAP25",0,50,"Retained"
"ARHGAP26",0,50,"Retained"
"ARHGAP27",0,50,"Retained"
"ARHGAP30",0,50,"Retained"
"ARHGAP31",0,50,"Retained"
"ARHGAP32",0,50,"Retained"
"ARHGAP35",0,50,"Retained"
"ARHGAP4",0,50,"Retained"
"ARHGAP45",0,50,"Retained"
"ARHGAP5",0,50,"Retained"
"ARHGAP9",0,50,"Retained"
"ARHGDIA",0,50,"Retained"
"ARHGDIB",0,50,"Retained"
"ARHGEF1",0,50,"Retained"
"ARHGEF10",0,50,"Retained"
"ARHGEF10L",0,50,"Retained"
"ARHGEF11",0,50,"Retained"
"ARHGEF12",0,50,"Retained"
"ARHGEF16",0,50,"Retained"
"ARHGEF17",0,50,"Retained"
"ARHGEF2",0,50,"Retained"
"ARHGEF28",0,50,"Retained"
"ARHGEF37",0,50,"Retained"
"ARHGEF40",0,50,"Retained"
"ARHGEF5",0,50,"Retained"
"ARHGEF6",0,50,"Retained"
"ARHGEF7",0,50,"Retained"
"ARID1A",0,50,"Retained"
"ARID1B",0,50,"Retained"
"ARID2",0,50,"Retained"
"ARID4A",0,50,"Retained"
"ARID4B",0,50,"Retained"
"ARIH1",0,50,"Retained"
"ARIH2",0,50,"Retained"
"ARL1",0,50,"Retained"
"ARL15",0,50,"Retained"
"ARL2",0,50,"Retained"
"ARL2BP",0,50,"Retained"
"ARL3",0,50,"Retained"
"ARL6",0,50,"Retained"
"ARL6IP4",0,50,"Retained"
"ARL6IP5",0,50,"Retained"
"ARL8A",0,50,"Retained"
"ARL8B",0,50,"Retained"
"ARMC1",0,50,"Retained"
"ARMC10",0,50,"Retained"
"ARMC6",0,50,"Retained"
"ARMC8",0,50,"Retained"
"ARMC9",0,50,"Retained"
"ARMCX1",0,50,"Retained"
"ARMCX2",0,50,"Retained"
"ARMCX3",0,50,"Retained"
"ARMH3",0,50,"Retained"
"ARMT1",0,50,"Retained"
"ARPC1A",0,50,"Retained"
"ARPC1B",0,50,"Retained"
"ARPC2",0,50,"Retained"
"ARPC3",0,50,"Retained"
"ARPC5",0,50,"Retained"
"ARPC5L",0,50,"Retained"
"ARPP19",0,50,"Retained"
"ARRB1",0,50,"Retained"
"ARRB2",0,50,"Retained"
"ARRDC1",0,50,"Retained"
"ARSA",0,50,"Retained"
"ARSB",0,50,"Retained"
"ARSD",0,50,"Retained"
"AS3MT",0,50,"Retained"
"ASAH1",0,50,"Retained"
"ASAP1",0,50,"Retained"
"ASAP2",0,50,"Retained"
"ASAP3",0,50,"Retained"
"ASCC1",0,50,"Retained"
"ASCC2",0,50,"Retained"
"ASCC3",0,50,"Retained"
"ASH2L",0,50,"Retained"
"ASL",0,50,"Retained"
"ASMTL",0,50,"Retained"
"ASNS",0,50,"Retained"
"ASPA",0,50,"Retained"
"ASPH",0,50,"Retained"
"ASPN",0,50,"Retained"
"ASPSCR1",0,50,"Retained"
"ASRGL1",0,50,"Retained"
"ASS1",0,50,"Retained"
"ATAD1",0,50,"Retained"
"ATAD3A",0,50,"Retained"
"ATE1",0,50,"Retained"
"ATF2",0,50,"Retained"
"ATF7IP",0,50,"Retained"
"ATG12",0,50,"Retained"
"ATG16L1",0,50,"Retained"
"ATG2B",0,50,"Retained"
"ATG3",0,50,"Retained"
"ATG4B",0,50,"Retained"
"ATG5",0,50,"Retained"
"ATG7",0,50,"Retained"
"ATIC",0,50,"Retained"
"ATL1",0,50,"Retained"
"ATL2",0,50,"Retained"
"ATL3",0,50,"Retained"
"ATM",0,50,"Retained"
"ATN1",0,50,"Retained"
"ATOX1",0,50,"Retained"
"ATP11A",0,50,"Retained"
"ATP11B",0,50,"Retained"
"ATP11C",0,50,"Retained"
"ATP13A1",0,50,"Retained"
"ATP1A1",0,50,"Retained"
"ATP1A2",0,50,"Retained"
"ATP1B1",0,50,"Retained"
"ATP1B3",0,50,"Retained"
"ATP2A2",0,50,"Retained"
"ATP2A3",0,50,"Retained"
"ATP2B1",0,50,"Retained"
"ATP2B4",0,50,"Retained"
"ATP2C1",0,50,"Retained"
"ATP5F1A",0,50,"Retained"
"ATP5F1B",0,50,"Retained"
"ATP5F1C",0,50,"Retained"
"ATP5F1E",0,50,"Retained"
"ATP5IF1",0,50,"Retained"
"ATP5MD",0,50,"Retained"
"ATP5ME",0,50,"Retained"
"ATP5MPL",0,50,"Retained"
"ATP5PB",0,50,"Retained"
"ATP5PD",0,50,"Retained"
"ATP5PF",0,50,"Retained"
"ATP5PO",0,50,"Retained"
"ATP6AP1",0,50,"Retained"
"ATP6AP2",0,50,"Retained"
"ATP6V0A1",0,50,"Retained"
"ATP6V0D1",0,50,"Retained"
"ATP6V1A",0,50,"Retained"
"ATP6V1B2",0,50,"Retained"
"ATP6V1C1",0,50,"Retained"
"ATP6V1D",0,50,"Retained"
"ATP6V1E1",0,50,"Retained"
"ATP6V1F",0,50,"Retained"
"ATP6V1G1",0,50,"Retained"
"ATP6V1H",0,50,"Retained"
"ATP7A",0,50,"Retained"
"ATP8A1",0,50,"Retained"
"ATP9A",0,50,"Retained"
"ATPAF1",0,50,"Retained"
"ATPAF2",0,50,"Retained"
"ATRN",0,50,"Retained"
"ATRX",0,50,"Retained"
"ATXN1",0,50,"Retained"
"ATXN10",0,50,"Retained"
"ATXN2",0,50,"Retained"
"ATXN2L",0,50,"Retained"
"ATXN3",0,50,"Retained"
"ATXN7L3B",0,50,"Retained"
"AUH",0,50,"Retained"
"AUP1",0,50,"Retained"
"AVEN",0,50,"Retained"
"AVL9",0,50,"Retained"
"AZGP1",0,50,"Retained"
"AZU1",0,50,"Retained"
"B3GLCT",0,50,"Retained"
"B4GALT1",0,50,"Retained"
"B4GALT4",0,50,"Retained"
"BABAM1",0,50,"Retained"
"BABAM2",0,50,"Retained"
"BACH1",0,50,"Retained"
"BAD",0,50,"Retained"
"BAG1",0,50,"Retained"
"BAG2",0,50,"Retained"
"BAG3",0,50,"Retained"
"BAG5",0,50,"Retained"
"BAG6",0,50,"Retained"
"BAIAP2",0,50,"Retained"
"BAIAP2L1",0,50,"Retained"
"BANF1",0,50,"Retained"
"BASP1",0,50,"Retained"
"BAX",0,50,"Retained"
"BAZ1A",0,50,"Retained"
"BAZ1B",0,50,"Retained"
"BAZ2B",0,50,"Retained"
"BBX",0,50,"Retained"
"BCAM",0,50,"Retained"
"BCAP31",0,50,"Retained"
"BCAR1",0,50,"Retained"
"BCAS1",0,50,"Retained"
"BCAS2",0,50,"Retained"
"BCAS3",0,50,"Retained"
"BCAT1",0,50,"Retained"
"BCAT2",0,50,"Retained"
"BCCIP",0,50,"Retained"
"BCHE",0,50,"Retained"
"BCKDHB",0,50,"Retained"
"BCKDK",0,50,"Retained"
"BCL10",0,50,"Retained"
"BCL2L13",0,50,"Retained"
"BCL2L15",0,50,"Retained"
"BCL7B",0,50,"Retained"
"BCL7C",0,50,"Retained"
"BCL9L",0,50,"Retained"
"BCLAF1",0,50,"Retained"
"BCR",0,50,"Retained"
"BCS1L",0,50,"Retained"
"BDH1",0,50,"Retained"
"BDH2",0,50,"Retained"
"BECN1",0,50,"Retained"
"BET1",0,50,"Retained"
"BET1L",0,50,"Retained"
"BGN",0,50,"Retained"
"BICC1",0,50,"Retained"
"BICD2",0,50,"Retained"
"BIN1",0,50,"Retained"
"BIN2",0,50,"Retained"
"BIN3",0,50,"Retained"
"BIRC2",0,50,"Retained"
"BIRC6",0,50,"Retained"
"BLMH",0,50,"Retained"
"BLNK",0,50,"Retained"
"BLOC1S2",0,50,"Retained"
"BLOC1S3",0,50,"Retained"
"BLOC1S4",0,50,"Retained"
"BLVRA",0,50,"Retained"
"BLVRB",0,50,"Retained"
"BMP2K",0,50,"Retained"
"BMS1",0,50,"Retained"
"BNIP1",0,50,"Retained"
"BOD1L1",0,50,"Retained"
"BOK",0,50,"Retained"
"BOP1",0,50,"Retained"
"BORCS5",0,50,"Retained"
"BORCS6",0,50,"Retained"
"BPGM",0,50,"Retained"
"BPHL",0,50,"Retained"
"BPI",0,50,"Retained"
"BPNT1",0,50,"Retained"
"BPTF",0,50,"Retained"
"BRAF",0,50,"Retained"
"BRAP",0,50,"Retained"
"BRAT1",0,50,"Retained"
"BRCC3",0,50,"Retained"
"BRD2",0,50,"Retained"
"BRD3",0,50,"Retained"
"BRD4",0,50,"Retained"
"BRD8",0,50,"Retained"
"BRF1",0,50,"Retained"
"BRI3BP",0,50,"Retained"
"BRIX1",0,50,"Retained"
"BRK1",0,50,"Retained"
"BRMS1L",0,50,"Retained"
"BROX",0,50,"Retained"
"BRPF1",0,50,"Retained"
"BSDC1",0,50,"Retained"
"BSG",0,50,"Retained"
"BSPRY",0,50,"Retained"
"BST1",0,50,"Retained"
"BST2",0,50,"Retained"
"BTAF1",0,50,"Retained"
"BTD",0,50,"Retained"
"BTF3",0,50,"Retained"
"BTF3L4",0,50,"Retained"
"BTK",0,50,"Retained"
"BUB3",0,50,"Retained"
"BUD31",0,50,"Retained"
"BYSL",0,50,"Retained"
"BZW1",0,50,"Retained"
"BZW2",0,50,"Retained"
"C11orf54",0,50,"Retained"
"C11orf58",0,50,"Retained"
"C11orf68",0,50,"Retained"
"C11orf96",0,50,"Retained"
"C12orf10",0,50,"Retained"
"C12orf29",0,50,"Retained"
"C12orf4",0,50,"Retained"
"C12orf57",0,50,"Retained"
"C15orf48",0,50,"Retained"
"C16orf58",0,50,"Retained"
"C16orf70",0,50,"Retained"
"C17orf75",0,50,"Retained"
"C18orf21",0,50,"Retained"
"C18orf32",0,50,"Retained"
"C19orf25",0,50,"Retained"
"C19orf33",0,50,"Retained"
"C1GALT1",0,50,"Retained"
"C1QA",0,50,"Retained"
"C1QB",0,50,"Retained"
"C1QBP",0,50,"Retained"
"C1QC",0,50,"Retained"
"C1QTNF5",0,50,"Retained"
"C1R",0,50,"Retained"
"C1RL",0,50,"Retained"
"C1S",0,50,"Retained"
"C1orf116",0,50,"Retained"
"C1orf122",0,50,"Retained"
"C1orf174",0,50,"Retained"
"C1orf198",0,50,"Retained"
"C1orf35",0,50,"Retained"
"C1orf50",0,50,"Retained"
"C2",0,50,"Retained"
"C20orf27",0,50,"Retained"
"C2CD5",0,50,"Retained"
"C2orf49",0,50,"Retained"
"C2orf69",0,50,"Retained"
"C3",0,50,"Retained"
"C3orf38",0,50,"Retained"
"C4A",0,50,"Retained"
"C4B",0,50,"Retained"
"C4BPA",0,50,"Retained"
"C4BPB",0,50,"Retained"
"C4orf33",0,50,"Retained"
"C5orf24",0,50,"Retained"
"C5orf51",0,50,"Retained"
"C6",0,50,"Retained"
"C6orf132",0,50,"Retained"
"C6orf47",0,50,"Retained"
"C7",0,50,"Retained"
"C7orf25",0,50,"Retained"
"C8A",0,50,"Retained"
"C8B",0,50,"Retained"
"C8G",0,50,"Retained"
"C8orf33",0,50,"Retained"
"C8orf82",0,50,"Retained"
"C9",0,50,"Retained"
"C9orf64",0,50,"Retained"
"C9orf78",0,50,"Retained"
"CA13",0,50,"Retained"
"CA3",0,50,"Retained"
"CA4",0,50,"Retained"
"CA5B",0,50,"Retained"
"CA9",0,50,"Retained"
"CAAP1",0,50,"Retained"
"CAB39",0,50,"Retained"
"CAB39L",0,50,"Retained"
"CACNA2D1",0,50,"Retained"
"CACTIN",0,50,"Retained"
"CACUL1",0,50,"Retained"
"CACYBP",0,50,"Retained"
"CAD",0,50,"Retained"
"CADM1",0,50,"Retained"
"CADPS",0,50,"Retained"
"CADPS2",0,50,"Retained"
"CALB2",0,50,"Retained"
"CALCOCO1",0,50,"Retained"
"CALCOCO2",0,50,"Retained"
"CALD1",0,50,"Retained"
"CALML4",0,50,"Retained"
"CALR",0,50,"Retained"
"CALU",0,50,"Retained"
"CAMK1",0,50,"Retained"
"CAMK1D",0,50,"Retained"
"CAMK2D",0,50,"Retained"
"CAMK2G",0,50,"Retained"
"CAMLG",0,50,"Retained"
"CAMP",0,50,"Retained"
"CAMSAP1",0,50,"Retained"
"CAMSAP2",0,50,"Retained"
"CAMSAP3",0,50,"Retained"
"CAND1",0,50,"Retained"
"CANT1",0,50,"Retained"
"CANX",0,50,"Retained"
"CAP1",0,50,"Retained"
"CAP2",0,50,"Retained"
"CAPG",0,50,"Retained"
"CAPN1",0,50,"Retained"
"CAPN15",0,50,"Retained"
"CAPN2",0,50,"Retained"
"CAPN5",0,50,"Retained"
"CAPN7",0,50,"Retained"
"CAPNS1",0,50,"Retained"
"CAPRIN1",0,50,"Retained"
"CAPS",0,50,"Retained"
"CAPZA1",0,50,"Retained"
"CAPZA2",0,50,"Retained"
"CAPZB",0,50,"Retained"
"CARD11",0,50,"Retained"
"CARD19",0,50,"Retained"
"CARD6",0,50,"Retained"
"CARHSP1",0,50,"Retained"
"CARM1",0,50,"Retained"
"CARMIL1",0,50,"Retained"
"CARS1",0,50,"Retained"
"CARS2",0,50,"Retained"
"CASC3",0,50,"Retained"
"CASC4",0,50,"Retained"
"CASK",0,50,"Retained"
"CASKIN2",0,50,"Retained"
"CASP1",0,50,"Retained"
"CASP10",0,50,"Retained"
"CASP2",0,50,"Retained"
"CASP3",0,50,"Retained"
"CASP4",0,50,"Retained"
"CASP6",0,50,"Retained"
"CASP7",0,50,"Retained"
"CASP8",0,50,"Retained"
"CAST",0,50,"Retained"
"CASTOR2",0,50,"Retained"
"CAV1",0,50,"Retained"
"CAVIN1",0,50,"Retained"
"CAVIN2",0,50,"Retained"
"CAVIN3",0,50,"Retained"
"CBFB",0,50,"Retained"
"CBL",0,50,"Retained"
"CBR1",0,50,"Retained"
"CBR3",0,50,"Retained"
"CBR4",0,50,"Retained"
"CBX1",0,50,"Retained"
"CBX3",0,50,"Retained"
"CBX4",0,50,"Retained"
"CBX5",0,50,"Retained"
"CBX8",0,50,"Retained"
"CC2D1A",0,50,"Retained"
"CC2D1B",0,50,"Retained"
"CCAR1",0,50,"Retained"
"CCAR2",0,50,"Retained"
"CCDC102A",0,50,"Retained"
"CCDC115",0,50,"Retained"
"CCDC12",0,50,"Retained"
"CCDC124",0,50,"Retained"
"CCDC127",0,50,"Retained"
"CCDC134",0,50,"Retained"
"CCDC186",0,50,"Retained"
"CCDC22",0,50,"Retained"
"CCDC25",0,50,"Retained"
"CCDC28A",0,50,"Retained"
"CCDC43",0,50,"Retained"
"CCDC47",0,50,"Retained"
"CCDC50",0,50,"Retained"
"CCDC58",0,50,"Retained"
"CCDC6",0,50,"Retained"
"CCDC61",0,50,"Retained"
"CCDC8",0,50,"Retained"
"CCDC80",0,50,"Retained"
"CCDC86",0,50,"Retained"
"CCDC88A",0,50,"Retained"
"CCDC88B",0,50,"Retained"
"CCDC88C",0,50,"Retained"
"CCDC9",0,50,"Retained"
"CCDC90B",0,50,"Retained"
"CCDC91",0,50,"Retained"
"CCDC93",0,50,"Retained"
"CCDC97",0,50,"Retained"
"CCDC9B",0,50,"Retained"
"CCL14",0,50,"Retained"
"CCL18",0,50,"Retained"
"CCM2",0,50,"Retained"
"CCN1",0,50,"Retained"
"CCN2",0,50,"Retained"
"CCN5",0,50,"Retained"
"CCNK",0,50,"Retained"
"CCNT1",0,50,"Retained"
"CCPG1",0,50,"Retained"
"CCS",0,50,"Retained"
"CCT2",0,50,"Retained"
"CCT3",0,50,"Retained"
"CCT4",0,50,"Retained"
"CCT5",0,50,"Retained"
"CCT6A",0,50,"Retained"
"CCT7",0,50,"Retained"
"CCT8",0,50,"Retained"
"CD109",0,50,"Retained"
"CD14",0,50,"Retained"
"CD151",0,50,"Retained"
"CD163",0,50,"Retained"
"CD248",0,50,"Retained"
"CD276",0,50,"Retained"
"CD2AP",0,50,"Retained"
"CD2BP2",0,50,"Retained"
"CD34",0,50,"Retained"
"CD36",0,50,"Retained"
"CD44",0,50,"Retained"
"CD46",0,50,"Retained"
"CD47",0,50,"Retained"
"CD48",0,50,"Retained"
"CD55",0,50,"Retained"
"CD5L",0,50,"Retained"
"CD63",0,50,"Retained"
"CD74",0,50,"Retained"
"CD81",0,50,"Retained"
"CD82",0,50,"Retained"
"CD9",0,50,"Retained"
"CD93",0,50,"Retained"
"CD99",0,50,"Retained"
"CD99L2",0,50,"Retained"
"CDA",0,50,"Retained"
"CDC123",0,50,"Retained"
"CDC16",0,50,"Retained"
"CDC23",0,50,"Retained"
"CDC26",0,50,"Retained"
"CDC27",0,50,"Retained"
"CDC37",0,50,"Retained"
"CDC37L1",0,50,"Retained"
"CDC40",0,50,"Retained"
"CDC42",0,50,"Retained"
"CDC42BPA",0,50,"Retained"
"CDC42BPB",0,50,"Retained"
"CDC42EP1",0,50,"Retained"
"CDC42EP2",0,50,"Retained"
"CDC42EP4",0,50,"Retained"
"CDC42EP5",0,50,"Retained"
"CDC5L",0,50,"Retained"
"CDC73",0,50,"Retained"
"CDCP1",0,50,"Retained"
"CDH1",0,50,"Retained"
"CDH11",0,50,"Retained"
"CDH13",0,50,"Retained"
"CDH17",0,50,"Retained"
"CDH5",0,50,"Retained"
"CDIPT",0,50,"Retained"
"CDK1",0,50,"Retained"
"CDK11B",0,50,"Retained"
"CDK12",0,50,"Retained"
"CDK13",0,50,"Retained"
"CDK2",0,50,"Retained"
"CDK4",0,50,"Retained"
"CDK5",0,50,"Retained"
"CDK5RAP2",0,50,"Retained"
"CDK5RAP3",0,50,"Retained"
"CDK6",0,50,"Retained"
"CDK7",0,50,"Retained"
"CDK9",0,50,"Retained"
"CDKAL1",0,50,"Retained"
"CDKN1B",0,50,"Retained"
"CDKN2AIP",0,50,"Retained"
"CDS2",0,50,"Retained"
"CDV3",0,50,"Retained"
"CDYL",0,50,"Retained"
"CEACAM1",0,50,"Retained"
"CEACAM5",0,50,"Retained"
"CEACAM6",0,50,"Retained"
"CEACAM7",0,50,"Retained"
"CEBPB",0,50,"Retained"
"CEBPZ",0,50,"Retained"
"CEL",0,50,"Retained"
"CELA2A",0,50,"Retained"
"CELA2B",0,50,"Retained"
"CELA3A",0,50,"Retained"
"CELA3B",0,50,"Retained"
"CELF1",0,50,"Retained"
"CELF2",0,50,"Retained"
"CEMIP",0,50,"Retained"
"CEMIP2",0,50,"Retained"
"CENPB",0,50,"Retained"
"CENPC",0,50,"Retained"
"CENPV",0,50,"Retained"
"CEP131",0,50,"Retained"
"CEP135",0,50,"Retained"
"CEP170",0,50,"Retained"
"CEP170B",0,50,"Retained"
"CEP250",0,50,"Retained"
"CEP350",0,50,"Retained"
"CEP41",0,50,"Retained"
"CEP97",0,50,"Retained"
"CERS2",0,50,"Retained"
"CERT1",0,50,"Retained"
"CES1",0,50,"Retained"
"CES2",0,50,"Retained"
"CETN2",0,50,"Retained"
"CFAP20",0,50,"Retained"
"CFAP36",0,50,"Retained"
"CFD",0,50,"Retained"
"CFDP1",0,50,"Retained"
"CFH",0,50,"Retained"
"CFHR1",0,50,"Retained"
"CFHR2",0,50,"Retained"
"CFHR3",0,50,"Retained"
"CFHR5",0,50,"Retained"
"CFL1",0,50,"Retained"
"CFL2",0,50,"Retained"
"CFP",0,50,"Retained"
"CFTR",0,50,"Retained"
"CGGBP1",0,50,"Retained"
"CGN",0,50,"Retained"
"CGNL1",0,50,"Retained"
"CGREF1",0,50,"Retained"
"CHAMP1",0,50,"Retained"
"CHCHD2",0,50,"Retained"
"CHCHD3",0,50,"Retained"
"CHCHD4",0,50,"Retained"
"CHCHD6",0,50,"Retained"
"CHD1",0,50,"Retained"
"CHD1L",0,50,"Retained"
"CHD2",0,50,"Retained"
"CHD3",0,50,"Retained"
"CHD4",0,50,"Retained"
"CHDH",0,50,"Retained"
"CHEK2",0,50,"Retained"
"CHERP",0,50,"Retained"
"CHGA",0,50,"Retained"
"CHGB",0,50,"Retained"
"CHI3L1",0,50,"Retained"
"CHID1",0,50,"Retained"
"CHIT1",0,50,"Retained"
"CHKB",0,50,"Retained"
"CHL1",0,50,"Retained"
"CHM",0,50,"Retained"
"CHMP1A",0,50,"Retained"
"CHMP1B",0,50,"Retained"
"CHMP2A",0,50,"Retained"
"CHMP2B",0,50,"Retained"
"CHMP3",0,50,"Retained"
"CHMP4A",0,50,"Retained"
"CHMP4B",0,50,"Retained"
"CHMP5",0,50,"Retained"
"CHMP6",0,50,"Retained"
"CHMP7",0,50,"Retained"
"CHORDC1",0,50,"Retained"
"CHTOP",0,50,"Retained"
"CHUK",0,50,"Retained"
"CIAO1",0,50,"Retained"
"CIAO2A",0,50,"Retained"
"CIAO2B",0,50,"Retained"
"CIAO3",0,50,"Retained"
"CIAPIN1",0,50,"Retained"
"CIB1",0,50,"Retained"
"CIC",0,50,"Retained"
"CILP",0,50,"Retained"
"CINP",0,50,"Retained"
"CIRBP",0,50,"Retained"
"CISD1",0,50,"Retained"
"CISD2",0,50,"Retained"
"CISD3",0,50,"Retained"
"CIZ1",0,50,"Retained"
"CKAP4",0,50,"Retained"
"CKAP5",0,50,"Retained"
"CKB",0,50,"Retained"
"CLASP1",0,50,"Retained"
"CLASP2",0,50,"Retained"
"CLC",0,50,"Retained"
"CLCA1",0,50,"Retained"
"CLCC1",0,50,"Retained"
"CLCN3",0,50,"Retained"
"CLCN7",0,50,"Retained"
"CLDN18",0,50,"Retained"
"CLDN3",0,50,"Retained"
"CLEC11A",0,50,"Retained"
"CLEC16A",0,50,"Retained"
"CLEC3B",0,50,"Retained"
"CLIC1",0,50,"Retained"
"CLIC2",0,50,"Retained"
"CLIC3",0,50,"Retained"
"CLIC4",0,50,"Retained"
"CLIC5",0,50,"Retained"
"CLIC6",0,50,"Retained"
"CLINT1",0,50,"Retained"
"CLIP1",0,50,"Retained"
"CLIP2",0,50,"Retained"
"CLMN",0,50,"Retained"
"CLNS1A",0,50,"Retained"
"CLP1",0,50,"Retained"
"CLPB",0,50,"Retained"
"CLPP",0,50,"Retained"
"CLPS",0,50,"Retained"
"CLPTM1",0,50,"Retained"
"CLPTM1L",0,50,"Retained"
"CLPX",0,50,"Retained"
"CLSTN1",0,50,"Retained"
"CLTA",0,50,"Retained"
"CLTB",0,50,"Retained"
"CLTC",0,50,"Retained"
"CLU",0,50,"Retained"
"CLUH",0,50,"Retained"
"CLYBL",0,50,"Retained"
"CMA1",0,50,"Retained"
"CMAS",0,50,"Retained"
"CMBL",0,50,"Retained"
"CMC2",0,50,"Retained"
"CMC4",0,50,"Retained"
"CMIP",0,50,"Retained"
"CMPK1",0,50,"Retained"
"CMPK2",0,50,"Retained"
"CMTR1",0,50,"Retained"
"CMTR2",0,50,"Retained"
"CNBP",0,50,"Retained"
"CNDP2",0,50,"Retained"
"CNN1",0,50,"Retained"
"CNN2",0,50,"Retained"
"CNN3",0,50,"Retained"
"CNNM3",0,50,"Retained"
"CNNM4",0,50,"Retained"
"CNOT1",0,50,"Retained"
"CNOT10",0,50,"Retained"
"CNOT11",0,50,"Retained"
"CNOT2",0,50,"Retained"
"CNOT3",0,50,"Retained"
"CNOT4",0,50,"Retained"
"CNOT7",0,50,"Retained"
"CNOT9",0,50,"Retained"
"CNP",0,50,"Retained"
"CNPY2",0,50,"Retained"
"CNPY3",0,50,"Retained"
"CNPY4",0,50,"Retained"
"CNRIP1",0,50,"Retained"
"CNTN1",0,50,"Retained"
"COA3",0,50,"Retained"
"COA4",0,50,"Retained"
"COA5",0,50,"Retained"
"COA6",0,50,"Retained"
"COA7",0,50,"Retained"
"COASY",0,50,"Retained"
"COBL",0,50,"Retained"
"COBLL1",0,50,"Retained"
"COG1",0,50,"Retained"
"COG2",0,50,"Retained"
"COG3",0,50,"Retained"
"COG4",0,50,"Retained"
"COG5",0,50,"Retained"
"COG6",0,50,"Retained"
"COG7",0,50,"Retained"
"COG8",0,50,"Retained"
"COIL",0,50,"Retained"
"COL10A1",0,50,"Retained"
"COL11A1",0,50,"Retained"
"COL12A1",0,50,"Retained"
"COL14A1",0,50,"Retained"
"COL15A1",0,50,"Retained"
"COL16A1",0,50,"Retained"
"COL17A1",0,50,"Retained"
"COL18A1",0,50,"Retained"
"COL1A1",0,50,"Retained"
"COL1A2",0,50,"Retained"
"COL28A1",0,50,"Retained"
"COL2A1",0,50,"Retained"
"COL3A1",0,50,"Retained"
"COL4A1",0,50,"Retained"
"COL4A2",0,50,"Retained"
"COL5A1",0,50,"Retained"
"COL5A2",0,50,"Retained"
"COL6A1",0,50,"Retained"
"COL6A2",0,50,"Retained"
"COL6A3",0,50,"Retained"
"COL6A6",0,50,"Retained"
"COL7A1",0,50,"Retained"
"COL8A1",0,50,"Retained"
"COLEC11",0,50,"Retained"
"COLEC12",0,50,"Retained"
"COLGALT1",0,50,"Retained"
"COMMD1",0,50,"Retained"
"COMMD10",0,50,"Retained"
"COMMD2",0,50,"Retained"
"COMMD4",0,50,"Retained"
"COMMD5",0,50,"Retained"
"COMMD6",0,50,"Retained"
"COMMD8",0,50,"Retained"
"COMMD9",0,50,"Retained"
"COMP",0,50,"Retained"
"COMT",0,50,"Retained"
"COMTD1",0,50,"Retained"
"COPA",0,50,"Retained"
"COPB1",0,50,"Retained"
"COPB2",0,50,"Retained"
"COPE",0,50,"Retained"
"COPG1",0,50,"Retained"
"COPG2",0,50,"Retained"
"COPS2",0,50,"Retained"
"COPS3",0,50,"Retained"
"COPS4",0,50,"Retained"
"COPS5",0,50,"Retained"
"COPS6",0,50,"Retained"
"COPS7A",0,50,"Retained"
"COPS7B",0,50,"Retained"
"COPS8",0,50,"Retained"
"COPZ1",0,50,"Retained"
"COPZ2",0,50,"Retained"
"COQ10B",0,50,"Retained"
"COQ3",0,50,"Retained"
"COQ5",0,50,"Retained"
"COQ6",0,50,"Retained"
"COQ7",0,50,"Retained"
"COQ8A",0,50,"Retained"
"COQ8B",0,50,"Retained"
"COQ9",0,50,"Retained"
"CORO1A",0,50,"Retained"
"CORO1B",0,50,"Retained"
"CORO1C",0,50,"Retained"
"CORO2A",0,50,"Retained"
"CORO2B",0,50,"Retained"
"COTL1",0,50,"Retained"
"COX17",0,50,"Retained"
"COX4I1",0,50,"Retained"
"COX5A",0,50,"Retained"
"COX5B",0,50,"Retained"
"COX6A1",0,50,"Retained"
"COX6B1",0,50,"Retained"
"COX6C",0,50,"Retained"
"COX7A2",0,50,"Retained"
"COX7A2L",0,50,"Retained"
"COX7C",0,50,"Retained"
"CP",0,50,"Retained"
"CPA1",0,50,"Retained"
"CPA2",0,50,"Retained"
"CPA3",0,50,"Retained"
"CPB1",0,50,"Retained"
"CPB2",0,50,"Retained"
"CPD",0,50,"Retained"
"CPE",0,50,"Retained"
"CPN1",0,50,"Retained"
"CPN2",0,50,"Retained"
"CPNE1",0,50,"Retained"
"CPNE2",0,50,"Retained"
"CPNE3",0,50,"Retained"
"CPNE8",0,50,"Retained"
"CPOX",0,50,"Retained"
"CPPED1",0,50,"Retained"
"CPQ",0,50,"Retained"
"CPS1",0,50,"Retained"
"CPSF1",0,50,"Retained"
"CPSF2",0,50,"Retained"
"CPSF3",0,50,"Retained"
"CPSF4",0,50,"Retained"
"CPSF6",0,50,"Retained"
"CPSF7",0,50,"Retained"
"CPT1A",0,50,"Retained"
"CPT2",0,50,"Retained"
"CPTP",0,50,"Retained"
"CPVL",0,50,"Retained"
"CPXM1",0,50,"Retained"
"CPXM2",0,50,"Retained"
"CPZ",0,50,"Retained"
"CRABP1",0,50,"Retained"
"CRABP2",0,50,"Retained"
"CRACD",0,50,"Retained"
"CRACR2A",0,50,"Retained"
"CRAT",0,50,"Retained"
"CRBN",0,50,"Retained"
"CREB1",0,50,"Retained"
"CREBBP",0,50,"Retained"
"CRELD1",0,50,"Retained"
"CRELD2",0,50,"Retained"
"CRIP2",0,50,"Retained"
"CRIPT",0,50,"Retained"
"CRISP3",0,50,"Retained"
"CRISPLD2",0,50,"Retained"
"CRK",0,50,"Retained"
"CRKL",0,50,"Retained"
"CRLF3",0,50,"Retained"
"CRMP1",0,50,"Retained"
"CRNKL1",0,50,"Retained"
"CROCC",0,50,"Retained"
"CROT",0,50,"Retained"
"CRTAC1",0,50,"Retained"
"CRTAP",0,50,"Retained"
"CRTC1",0,50,"Retained"
"CRTC2",0,50,"Retained"
"CRTC3",0,50,"Retained"
"CRYAB",0,50,"Retained"
"CRYBG1",0,50,"Retained"
"CRYBG3",0,50,"Retained"
"CRYL1",0,50,"Retained"
"CRYZ",0,50,"Retained"
"CRYZL1",0,50,"Retained"
"CS",0,50,"Retained"
"CSDE1",0,50,"Retained"
"CSE1L",0,50,"Retained"
"CSF1R",0,50,"Retained"
"CSK",0,50,"Retained"
"CSNK1A1",0,50,"Retained"
"CSNK1D",0,50,"Retained"
"CSNK2A2",0,50,"Retained"
"CSPG4",0,50,"Retained"
"CSRP1",0,50,"Retained"
"CSRP2",0,50,"Retained"
"CST1",0,50,"Retained"
"CST3",0,50,"Retained"
"CSTA",0,50,"Retained"
"CSTB",0,50,"Retained"
"CSTF1",0,50,"Retained"
"CSTF2",0,50,"Retained"
"CSTF2T",0,50,"Retained"
"CSTF3",0,50,"Retained"
"CTBP1",0,50,"Retained"
"CTBP2",0,50,"Retained"
"CTBS",0,50,"Retained"
"CTCF",0,50,"Retained"
"CTDP1",0,50,"Retained"
"CTDSPL2",0,50,"Retained"
"CTH",0,50,"Retained"
"CTHRC1",0,50,"Retained"
"CTIF",0,50,"Retained"
"CTNNA1",0,50,"Retained"
"CTNNB1",0,50,"Retained"
"CTNNBL1",0,50,"Retained"
"CTNND1",0,50,"Retained"
"CTPS1",0,50,"Retained"
"CTPS2",0,50,"Retained"
"CTR9",0,50,"Retained"
"CTRC",0,50,"Retained"
"CTRL",0,50,"Retained"
"CTSA",0,50,"Retained"
"CTSB",0,50,"Retained"
"CTSC",0,50,"Retained"
"CTSE",0,50,"Retained"
"CTSH",0,50,"Retained"
"CTSK",0,50,"Retained"
"CTSL",0,50,"Retained"
"CTSS",0,50,"Retained"
"CTSZ",0,50,"Retained"
"CTTN",0,50,"Retained"
"CTTNBP2NL",0,50,"Retained"
"CTU2",0,50,"Retained"
"CUL1",0,50,"Retained"
"CUL2",0,50,"Retained"
"CUL3",0,50,"Retained"
"CUL4A",0,50,"Retained"
"CUL4B",0,50,"Retained"
"CUL5",0,50,"Retained"
"CUL7",0,50,"Retained"
"CUTA",0,50,"Retained"
"CUTC",0,50,"Retained"
"CUX1",0,50,"Retained"
"CUZD1",0,50,"Retained"
"CWC15",0,50,"Retained"
"CWC22",0,50,"Retained"
"CWC27",0,50,"Retained"
"CWF19L1",0,50,"Retained"
"CXADR",0,50,"Retained"
"CXCL14",0,50,"Retained"
"CXorf38",0,50,"Retained"
"CXorf56",0,50,"Retained"
"CYB5B",0,50,"Retained"
"CYB5R1",0,50,"Retained"
"CYB5R2",0,50,"Retained"
"CYB5R3",0,50,"Retained"
"CYBA",0,50,"Retained"
"CYBB",0,50,"Retained"
"CYBC1",0,50,"Retained"
"CYBRD1",0,50,"Retained"
"CYC1",0,50,"Retained"
"CYFIP1",0,50,"Retained"
"CYFIP2",0,50,"Retained"
"CYGB",0,50,"Retained"
"CYLD",0,50,"Retained"
"CYP1B1",0,50,"Retained"
"CYP20A1",0,50,"Retained"
"CYP27A1",0,50,"Retained"
"CYP2S1",0,50,"Retained"
"CYP51A1",0,50,"Retained"
"CYP7B1",0,50,"Retained"
"CYRIA",0,50,"Retained"
"CYRIB",0,50,"Retained"
"CZIB",0,50,"Retained"
"DAAM1",0,50,"Retained"
"DAB2",0,50,"Retained"
"DAB2IP",0,50,"Retained"
"DAD1",0,50,"Retained"
"DAG1",0,50,"Retained"
"DAGLB",0,50,"Retained"
"DAP",0,50,"Retained"
"DAP3",0,50,"Retained"
"DAPK1",0,50,"Retained"
"DAPK3",0,50,"Retained"
"DARS1",0,50,"Retained"
"DARS2",0,50,"Retained"
"DAXX",0,50,"Retained"
"DAZAP1",0,50,"Retained"
"DBI",0,50,"Retained"
"DBN1",0,50,"Retained"
"DBNL",0,50,"Retained"
"DBR1",0,50,"Retained"
"DBT",0,50,"Retained"
"DCAF1",0,50,"Retained"
"DCAF13",0,50,"Retained"
"DCAF5",0,50,"Retained"
"DCAF7",0,50,"Retained"
"DCAF8",0,50,"Retained"
"DCAKD",0,50,"Retained"
"DCK",0,50,"Retained"
"DCLK1",0,50,"Retained"
"DCN",0,50,"Retained"
"DCP1A",0,50,"Retained"
"DCP1B",0,50,"Retained"
"DCP2",0,50,"Retained"
"DCPS",0,50,"Retained"
"DCTD",0,50,"Retained"
"DCTN1",0,50,"Retained"
"DCTN2",0,50,"Retained"
"DCTN3",0,50,"Retained"
"DCTN4",0,50,"Retained"
"DCTN5",0,50,"Retained"
"DCTN6",0,50,"Retained"
"DCTPP1",0,50,"Retained"
"DCUN1D1",0,50,"Retained"
"DCUN1D5",0,50,"Retained"
"DCXR",0,50,"Retained"
"DDA1",0,50,"Retained"
"DDAH1",0,50,"Retained"
"DDAH2",0,50,"Retained"
"DDB1",0,50,"Retained"
"DDB2",0,50,"Retained"
"DDHD2",0,50,"Retained"
"DDI2",0,50,"Retained"
"DDOST",0,50,"Retained"
"DDR1",0,50,"Retained"
"DDRGK1",0,50,"Retained"
"DDX1",0,50,"Retained"
"DDX10",0,50,"Retained"
"DDX17",0,50,"Retained"
"DDX18",0,50,"Retained"
"DDX19A",0,50,"Retained"
"DDX19B",0,50,"Retained"
"DDX20",0,50,"Retained"
"DDX21",0,50,"Retained"
"DDX23",0,50,"Retained"
"DDX24",0,50,"Retained"
"DDX27",0,50,"Retained"
"DDX31",0,50,"Retained"
"DDX39A",0,50,"Retained"
"DDX39B",0,50,"Retained"
"DDX3X",0,50,"Retained"
"DDX3Y",0,50,"Retained"
"DDX41",0,50,"Retained"
"DDX42",0,50,"Retained"
"DDX46",0,50,"Retained"
"DDX47",0,50,"Retained"
"DDX5",0,50,"Retained"
"DDX50",0,50,"Retained"
"DDX52",0,50,"Retained"
"DDX54",0,50,"Retained"
"DDX55",0,50,"Retained"
"DDX56",0,50,"Retained"
"DDX58",0,50,"Retained"
"DDX59",0,50,"Retained"
"DDX6",0,50,"Retained"
"DDX60",0,50,"Retained"
"DECR1",0,50,"Retained"
"DECR2",0,50,"Retained"
"DEF6",0,50,"Retained"
"DEFA5",0,50,"Retained"
"DEFA6",0,50,"Retained"
"DEK",0,50,"Retained"
"DENND10",0,50,"Retained"
"DENND1A",0,50,"Retained"
"DENND2B",0,50,"Retained"
"DENND2D",0,50,"Retained"
"DENND3",0,50,"Retained"
"DENND4A",0,50,"Retained"
"DENND4B",0,50,"Retained"
"DENND4C",0,50,"Retained"
"DENR",0,50,"Retained"
"DEPTOR",0,50,"Retained"
"DERA",0,50,"Retained"
"DERL2",0,50,"Retained"
"DES",0,50,"Retained"
"DFFA",0,50,"Retained"
"DFFB",0,50,"Retained"
"DGKA",0,50,"Retained"
"DGKZ",0,50,"Retained"
"DGLUCY",0,50,"Retained"
"DGUOK",0,50,"Retained"
"DHCR24",0,50,"Retained"
"DHCR7",0,50,"Retained"
"DHODH",0,50,"Retained"
"DHPS",0,50,"Retained"
"DHRS1",0,50,"Retained"
"DHRS11",0,50,"Retained"
"DHRS3",0,50,"Retained"
"DHRS4",0,50,"Retained"
"DHRS7",0,50,"Retained"
"DHRS7B",0,50,"Retained"
"DHRS9",0,50,"Retained"
"DHRSX",0,50,"Retained"
"DHTKD1",0,50,"Retained"
"DHX15",0,50,"Retained"
"DHX16",0,50,"Retained"
"DHX29",0,50,"Retained"
"DHX30",0,50,"Retained"
"DHX32",0,50,"Retained"
"DHX36",0,50,"Retained"
"DHX37",0,50,"Retained"
"DHX38",0,50,"Retained"
"DHX40",0,50,"Retained"
"DHX57",0,50,"Retained"
"DHX8",0,50,"Retained"
"DHX9",0,50,"Retained"
"DIAPH1",0,50,"Retained"
"DIAPH2",0,50,"Retained"
"DICER1",0,50,"Retained"
"DIDO1",0,50,"Retained"
"DIMT1",0,50,"Retained"
"DIP2A",0,50,"Retained"
"DIP2B",0,50,"Retained"
"DIP2C",0,50,"Retained"
"DIS3",0,50,"Retained"
"DIS3L2",0,50,"Retained"
"DKC1",0,50,"Retained"
"DLAT",0,50,"Retained"
"DLD",0,50,"Retained"
"DLG1",0,50,"Retained"
"DLG3",0,50,"Retained"
"DLGAP4",0,50,"Retained"
"DLST",0,50,"Retained"
"DMAC2",0,50,"Retained"
"DMAC2L",0,50,"Retained"
"DMAP1",0,50,"Retained"
"DMBT1",0,50,"Retained"
"DMD",0,50,"Retained"
"DMTN",0,50,"Retained"
"DMXL1",0,50,"Retained"
"DMXL2",0,50,"Retained"
"DNAAF5",0,50,"Retained"
"DNAJA1",0,50,"Retained"
"DNAJA2",0,50,"Retained"
"DNAJA3",0,50,"Retained"
"DNAJA4",0,50,"Retained"
"DNAJB1",0,50,"Retained"
"DNAJB11",0,50,"Retained"
"DNAJB12",0,50,"Retained"
"DNAJB14",0,50,"Retained"
"DNAJB2",0,50,"Retained"
"DNAJB4",0,50,"Retained"
"DNAJB6",0,50,"Retained"
"DNAJC1",0,50,"Retained"
"DNAJC10",0,50,"Retained"
"DNAJC11",0,50,"Retained"
"DNAJC13",0,50,"Retained"
"DNAJC17",0,50,"Retained"
"DNAJC19",0,50,"Retained"
"DNAJC2",0,50,"Retained"
"DNAJC21",0,50,"Retained"
"DNAJC3",0,50,"Retained"
"DNAJC5",0,50,"Retained"
"DNAJC7",0,50,"Retained"
"DNAJC8",0,50,"Retained"
"DNAJC9",0,50,"Retained"
"DNASE2",0,50,"Retained"
"DNM1",0,50,"Retained"
"DNM1L",0,50,"Retained"
"DNM2",0,50,"Retained"
"DNMBP",0,50,"Retained"
"DNMT1",0,50,"Retained"
"DNPEP",0,50,"Retained"
"DNPH1",0,50,"Retained"
"DNTTIP1",0,50,"Retained"
"DNTTIP2",0,50,"Retained"
"DOCK1",0,50,"Retained"
"DOCK10",0,50,"Retained"
"DOCK11",0,50,"Retained"
"DOCK2",0,50,"Retained"
"DOCK4",0,50,"Retained"
"DOCK5",0,50,"Retained"
"DOCK6",0,50,"Retained"
"DOCK7",0,50,"Retained"
"DOCK8",0,50,"Retained"
"DOCK9",0,50,"Retained"
"DOHH",0,50,"Retained"
"DOK1",0,50,"Retained"
"DOK2",0,50,"Retained"
"DOK3",0,50,"Retained"
"DOP1B",0,50,"Retained"
"DPCD",0,50,"Retained"
"DPEP1",0,50,"Retained"
"DPF2",0,50,"Retained"
"DPH1",0,50,"Retained"
"DPH2",0,50,"Retained"
"DPH5",0,50,"Retained"
"DPM1",0,50,"Retained"
"DPP3",0,50,"Retained"
"DPP4",0,50,"Retained"
"DPP7",0,50,"Retained"
"DPP9",0,50,"Retained"
"DPT",0,50,"Retained"
"DPY19L1",0,50,"Retained"
"DPY30",0,50,"Retained"
"DPYD",0,50,"Retained"
"DPYS",0,50,"Retained"
"DPYSL2",0,50,"Retained"
"DPYSL3",0,50,"Retained"
"DR1",0,50,"Retained"
"DRAP1",0,50,"Retained"
"DRG1",0,50,"Retained"
"DRG2",0,50,"Retained"
"DSC2",0,50,"Retained"
"DSG2",0,50,"Retained"
"DSN1",0,50,"Retained"
"DSP",0,50,"Retained"
"DST",0,50,"Retained"
"DSTN",0,50,"Retained"
"DTD1",0,50,"Retained"
"DTNA",0,50,"Retained"
"DTNBP1",0,50,"Retained"
"DTX3",0,50,"Retained"
"DTX3L",0,50,"Retained"
"DTYMK",0,50,"Retained"
"DUS3L",0,50,"Retained"
"DUSP12",0,50,"Retained"
"DUSP22",0,50,"Retained"
"DUSP23",0,50,"Retained"
"DUSP3",0,50,"Retained"
"DUT",0,50,"Retained"
"DVL2",0,50,"Retained"
"DVL3",0,50,"Retained"
"DYM",0,50,"Retained"
"DYNC1H1",0,50,"Retained"
"DYNC1I2",0,50,"Retained"
"DYNC1LI1",0,50,"Retained"
"DYNC1LI2",0,50,"Retained"
"DYNLL1",0,50,"Retained"
"DYNLL2",0,50,"Retained"
"DYNLRB1",0,50,"Retained"
"DYNLT1",0,50,"Retained"
"DYNLT3",0,50,"Retained"
"DYRK1A",0,50,"Retained"
"DYSF",0,50,"Retained"
"EARS2",0,50,"Retained"
"EBNA1BP2",0,50,"Retained"
"EBP",0,50,"Retained"
"ECE1",0,50,"Retained"
"ECH1",0,50,"Retained"
"ECHDC1",0,50,"Retained"
"ECHDC3",0,50,"Retained"
"ECHS1",0,50,"Retained"
"ECI1",0,50,"Retained"
"ECI2",0,50,"Retained"
"ECM1",0,50,"Retained"
"ECM2",0,50,"Retained"
"ECPAS",0,50,"Retained"
"ECSIT",0,50,"Retained"
"EDC3",0,50,"Retained"
"EDC4",0,50,"Retained"
"EDEM3",0,50,"Retained"
"EDF1",0,50,"Retained"
"EDIL3",0,50,"Retained"
"EEA1",0,50,"Retained"
"EED",0,50,"Retained"
"EEF1A1",0,50,"Retained"
"EEF1A2",0,50,"Retained"
"EEF1AKNMT",0,50,"Retained"
"EEF1B2",0,50,"Retained"
"EEF1D",0,50,"Retained"
"EEF1G",0,50,"Retained"
"EEF2",0,50,"Retained"
"EEF2K",0,50,"Retained"
"EEFSEC",0,50,"Retained"
"EEPD1",0,50,"Retained"
"EFEMP1",0,50,"Retained"
"EFEMP2",0,50,"Retained"
"EFHD1",0,50,"Retained"
"EFHD2",0,50,"Retained"
"EFL1",0,50,"Retained"
"EFNB1",0,50,"Retained"
"EFNB2",0,50,"Retained"
"EFR3A",0,50,"Retained"
"EFTUD2",0,50,"Retained"
"EGFR",0,50,"Retained"
"EGLN1",0,50,"Retained"
"EHBP1",0,50,"Retained"
"EHBP1L1",0,50,"Retained"
"EHD1",0,50,"Retained"
"EHD2",0,50,"Retained"
"EHD3",0,50,"Retained"
"EHD4",0,50,"Retained"
"EHHADH",0,50,"Retained"
"EHMT1",0,50,"Retained"
"EHMT2",0,50,"Retained"
"EI24",0,50,"Retained"
"EIF1",0,50,"Retained"
"EIF1AX",0,50,"Retained"
"EIF2A",0,50,"Retained"
"EIF2AK2",0,50,"Retained"
"EIF2AK4",0,50,"Retained"
"EIF2B1",0,50,"Retained"
"EIF2B2",0,50,"Retained"
"EIF2B3",0,50,"Retained"
"EIF2B4",0,50,"Retained"
"EIF2B5",0,50,"Retained"
"EIF2D",0,50,"Retained"
"EIF2S1",0,50,"Retained"
"EIF2S2",0,50,"Retained"
"EIF2S3",0,50,"Retained"
"EIF3A",0,50,"Retained"
"EIF3B",0,50,"Retained"
"EIF3C",0,50,"Retained"
"EIF3D",0,50,"Retained"
"EIF3E",0,50,"Retained"
"EIF3F",0,50,"Retained"
"EIF3G",0,50,"Retained"
"EIF3H",0,50,"Retained"
"EIF3I",0,50,"Retained"
"EIF3J",0,50,"Retained"
"EIF3K",0,50,"Retained"
"EIF3L",0,50,"Retained"
"EIF3M",0,50,"Retained"
"EIF4A1",0,50,"Retained"
"EIF4A2",0,50,"Retained"
"EIF4A3",0,50,"Retained"
"EIF4B",0,50,"Retained"
"EIF4E",0,50,"Retained"
"EIF4E2",0,50,"Retained"
"EIF4E3",0,50,"Retained"
"EIF4EBP1",0,50,"Retained"
"EIF4EBP2",0,50,"Retained"
"EIF4ENIF1",0,50,"Retained"
"EIF4G1",0,50,"Retained"
"EIF4G2",0,50,"Retained"
"EIF4G3",0,50,"Retained"
"EIF4H",0,50,"Retained"
"EIF5",0,50,"Retained"
"EIF5A",0,50,"Retained"
"EIF5B",0,50,"Retained"
"EIF6",0,50,"Retained"
"EIPR1",0,50,"Retained"
"ELAC2",0,50,"Retained"
"ELANE",0,50,"Retained"
"ELAVL1",0,50,"Retained"
"ELF1",0,50,"Retained"
"ELF2",0,50,"Retained"
"ELMO1",0,50,"Retained"
"ELMO2",0,50,"Retained"
"ELMO3",0,50,"Retained"
"ELMOD2",0,50,"Retained"
"ELOA",0,50,"Retained"
"ELOB",0,50,"Retained"
"ELOC",0,50,"Retained"
"ELP1",0,50,"Retained"
"ELP2",0,50,"Retained"
"ELP3",0,50,"Retained"
"ELP4",0,50,"Retained"
"ELP5",0,50,"Retained"
"ELP6",0,50,"Retained"
"EMC1",0,50,"Retained"
"EMC2",0,50,"Retained"
"EMC3",0,50,"Retained"
"EMC4",0,50,"Retained"
"EMC7",0,50,"Retained"
"EMC8",0,50,"Retained"
"EMD",0,50,"Retained"
"EMG1",0,50,"Retained"
"EMILIN1",0,50,"Retained"
"EMILIN2",0,50,"Retained"
"EML1",0,50,"Retained"
"EML2",0,50,"Retained"
"EML3",0,50,"Retained"
"EML4",0,50,"Retained"
"EMSY",0,50,"Retained"
"ENAH",0,50,"Retained"
"ENDOD1",0,50,"Retained"
"ENDOG",0,50,"Retained"
"ENG",0,50,"Retained"
"ENO1",0,50,"Retained"
"ENO2",0,50,"Retained"
"ENOPH1",0,50,"Retained"
"ENOSF1",0,50,"Retained"
"ENPEP",0,50,"Retained"
"ENPP1",0,50,"Retained"
"ENPP2",0,50,"Retained"
"ENPP4",0,50,"Retained"
"ENSA",0,50,"Retained"
"ENTPD1",0,50,"Retained"
"ENTPD5",0,50,"Retained"
"ENY2",0,50,"Retained"
"EOGT",0,50,"Retained"
"EP300",0,50,"Retained"
"EP400",0,50,"Retained"
"EPB41",0,50,"Retained"
"EPB41L1",0,50,"Retained"
"EPB41L2",0,50,"Retained"
"EPB41L3",0,50,"Retained"
"EPB41L5",0,50,"Retained"
"EPB42",0,50,"Retained"
"EPCAM",0,50,"Retained"
"EPDR1",0,50,"Retained"
"EPG5",0,50,"Retained"
"EPHB2",0,50,"Retained"
"EPHX1",0,50,"Retained"
"EPHX2",0,50,"Retained"
"EPM2AIP1",0,50,"Retained"
"EPN1",0,50,"Retained"
"EPN2",0,50,"Retained"
"EPPK1",0,50,"Retained"
"EPRS1",0,50,"Retained"
"EPS15",0,50,"Retained"
"EPS15L1",0,50,"Retained"
"EPS8",0,50,"Retained"
"EPS8L1",0,50,"Retained"
"EPS8L2",0,50,"Retained"
"EPS8L3",0,50,"Retained"
"EPX",0,50,"Retained"
"ERAL1",0,50,"Retained"
"ERAP1",0,50,"Retained"
"ERAP2",0,50,"Retained"
"ERBB2",0,50,"Retained"
"ERBIN",0,50,"Retained"
"ERC1",0,50,"Retained"
"ERCC2",0,50,"Retained"
"ERCC3",0,50,"Retained"
"ERCC4",0,50,"Retained"
"ERGIC1",0,50,"Retained"
"ERGIC2",0,50,"Retained"
"ERGIC3",0,50,"Retained"
"ERH",0,50,"Retained"
"ERI1",0,50,"Retained"
"ERI3",0,50,"Retained"
"ERICH5",0,50,"Retained"
"ERLEC1",0,50,"Retained"
"ERLIN1",0,50,"Retained"
"ERLIN2",0,50,"Retained"
"ERMP1",0,50,"Retained"
"ERO1A",0,50,"Retained"
"ERO1B",0,50,"Retained"
"ERP27",0,50,"Retained"
"ERP29",0,50,"Retained"
"ERP44",0,50,"Retained"
"ERVK3.1",0,50,"Retained"
"ESD",0,50,"Retained"
"ESF1",0,50,"Retained"
"ESRP1",0,50,"Retained"
"ESS2",0,50,"Retained"
"ESYT1",0,50,"Retained"
"ESYT2",0,50,"Retained"
"ETF1",0,50,"Retained"
"ETFA",0,50,"Retained"
"ETFB",0,50,"Retained"
"ETFDH",0,50,"Retained"
"ETHE1",0,50,"Retained"
"ETV6",0,50,"Retained"
"EVI2B",0,50,"Retained"
"EVI5",0,50,"Retained"
"EVL",0,50,"Retained"
"EVPL",0,50,"Retained"
"EWSR1",0,50,"Retained"
"EXD2",0,50,"Retained"
"EXOC1",0,50,"Retained"
"EXOC2",0,50,"Retained"
"EXOC3",0,50,"Retained"
"EXOC4",0,50,"Retained"
"EXOC5",0,50,"Retained"
"EXOC6",0,50,"Retained"
"EXOC6B",0,50,"Retained"
"EXOC7",0,50,"Retained"
"EXOC8",0,50,"Retained"
"EXOG",0,50,"Retained"
"EXOSC1",0,50,"Retained"
"EXOSC10",0,50,"Retained"
"EXOSC2",0,50,"Retained"
"EXOSC3",0,50,"Retained"
"EXOSC4",0,50,"Retained"
"EXOSC5",0,50,"Retained"
"EXOSC6",0,50,"Retained"
"EXOSC7",0,50,"Retained"
"EXOSC8",0,50,"Retained"
"EXOSC9",0,50,"Retained"
"EXT2",0,50,"Retained"
"EZR",0,50,"Retained"
"F10",0,50,"Retained"
"F11",0,50,"Retained"
"F11R",0,50,"Retained"
"F12",0,50,"Retained"
"F13A1",0,50,"Retained"
"F13B",0,50,"Retained"
"F2",0,50,"Retained"
"F3",0,50,"Retained"
"F5",0,50,"Retained"
"F9",0,50,"Retained"
"FABP1",0,50,"Retained"
"FABP2",0,50,"Retained"
"FABP4",0,50,"Retained"
"FABP5",0,50,"Retained"
"FABP9",0,50,"Retained"
"FADD",0,50,"Retained"
"FAF1",0,50,"Retained"
"FAF2",0,50,"Retained"
"FAH",0,50,"Retained"
"FAHD1",0,50,"Retained"
"FAHD2A",0,50,"Retained"
"FAM102A",0,50,"Retained"
"FAM107B",0,50,"Retained"
"FAM114A1",0,50,"Retained"
"FAM114A2",0,50,"Retained"
"FAM118B",0,50,"Retained"
"FAM120A",0,50,"Retained"
"FAM120B",0,50,"Retained"
"FAM120C",0,50,"Retained"
"FAM136A",0,50,"Retained"
"FAM160B1",0,50,"Retained"
"FAM160B2",0,50,"Retained"
"FAM162A",0,50,"Retained"
"FAM172A",0,50,"Retained"
"FAM177A1",0,50,"Retained"
"FAM32A",0,50,"Retained"
"FAM3B",0,50,"Retained"
"FAM3C",0,50,"Retained"
"FAM3D",0,50,"Retained"
"FAM50A",0,50,"Retained"
"FAM83B",0,50,"Retained"
"FAM83H",0,50,"Retained"
"FAM8A1",0,50,"Retained"
"FAM91A1",0,50,"Retained"
"FAM98A",0,50,"Retained"
"FAM98B",0,50,"Retained"
"FAM98C",0,50,"Retained"
"FAP",0,50,"Retained"
"FARP1",0,50,"Retained"
"FARP2",0,50,"Retained"
"FARS2",0,50,"Retained"
"FARSA",0,50,"Retained"
"FARSB",0,50,"Retained"
"FASN",0,50,"Retained"
"FASTKD2",0,50,"Retained"
"FASTKD5",0,50,"Retained"
"FAT1",0,50,"Retained"
"FAU",0,50,"Retained"
"FBL",0,50,"Retained"
"FBLIM1",0,50,"Retained"
"FBLN1",0,50,"Retained"
"FBLN2",0,50,"Retained"
"FBLN5",0,50,"Retained"
"FBN1",0,50,"Retained"
"FBN3",0,50,"Retained"
"FBP1",0,50,"Retained"
"FBP2",0,50,"Retained"
"FBXL18",0,50,"Retained"
"FBXL20",0,50,"Retained"
"FBXO2",0,50,"Retained"
"FBXO22",0,50,"Retained"
"FBXO3",0,50,"Retained"
"FBXO38",0,50,"Retained"
"FBXO4",0,50,"Retained"
"FBXO45",0,50,"Retained"
"FBXO6",0,50,"Retained"
"FBXO7",0,50,"Retained"
"FBXW2",0,50,"Retained"
"FCER1G",0,50,"Retained"
"FCGBP",0,50,"Retained"
"FCGRT",0,50,"Retained"
"FCHO2",0,50,"Retained"
"FCHSD1",0,50,"Retained"
"FCHSD2",0,50,"Retained"
"FCN1",0,50,"Retained"
"FCN3",0,50,"Retained"
"FCSK",0,50,"Retained"
"FDFT1",0,50,"Retained"
"FDPS",0,50,"Retained"
"FDX1",0,50,"Retained"
"FDXR",0,50,"Retained"
"FECH",0,50,"Retained"
"FEN1",0,50,"Retained"
"FER",0,50,"Retained"
"FERMT1",0,50,"Retained"
"FERMT2",0,50,"Retained"
"FERMT3",0,50,"Retained"
"FES",0,50,"Retained"
"FETUB",0,50,"Retained"
"FGA",0,50,"Retained"
"FGB",0,50,"Retained"
"FGD3",0,50,"Retained"
"FGD4",0,50,"Retained"
"FGD5",0,50,"Retained"
"FGD6",0,50,"Retained"
"FGFR1OP",0,50,"Retained"
"FGGY",0,50,"Retained"
"FGL2",0,50,"Retained"
"FH",0,50,"Retained"
"FHIT",0,50,"Retained"
"FHL1",0,50,"Retained"
"FHL2",0,50,"Retained"
"FHL3",0,50,"Retained"
"FHL5",0,50,"Retained"
"FHOD1",0,50,"Retained"
"FIBP",0,50,"Retained"
"FIG4",0,50,"Retained"
"FILIP1L",0,50,"Retained"
"FIP1L1",0,50,"Retained"
"FIS1",0,50,"Retained"
"FKBP10",0,50,"Retained"
"FKBP11",0,50,"Retained"
"FKBP14",0,50,"Retained"
"FKBP15",0,50,"Retained"
"FKBP1A",0,50,"Retained"
"FKBP3",0,50,"Retained"
"FKBP4",0,50,"Retained"
"FKBP5",0,50,"Retained"
"FKBP7",0,50,"Retained"
"FKBP8",0,50,"Retained"
"FKBP9",0,50,"Retained"
"FLAD1",0,50,"Retained"
"FLII",0,50,"Retained"
"FLNA",0,50,"Retained"
"FLNB",0,50,"Retained"
"FLNC",0,50,"Retained"
"FLOT1",0,50,"Retained"
"FLOT2",0,50,"Retained"
"FLT1",0,50,"Retained"
"FLYWCH2",0,50,"Retained"
"FMN1",0,50,"Retained"
"FMNL1",0,50,"Retained"
"FMNL2",0,50,"Retained"
"FMNL3",0,50,"Retained"
"FMO3",0,50,"Retained"
"FMO5",0,50,"Retained"
"FMOD",0,50,"Retained"
"FMR1",0,50,"Retained"
"FN1",0,50,"Retained"
"FN3K",0,50,"Retained"
"FN3KRP",0,50,"Retained"
"FNBP1",0,50,"Retained"
"FNBP1L",0,50,"Retained"
"FNBP4",0,50,"Retained"
"FNDC1",0,50,"Retained"
"FNDC3A",0,50,"Retained"
"FNDC3B",0,50,"Retained"
"FNTA",0,50,"Retained"
"FOCAD",0,50,"Retained"
"FOLR2",0,50,"Retained"
"FOXK1",0,50,"Retained"
"FOXK2",0,50,"Retained"
"FPGT",0,50,"Retained"
"FRAS1",0,50,"Retained"
"FRG1",0,50,"Retained"
"FRK",0,50,"Retained"
"FRMD6",0,50,"Retained"
"FRMD8",0,50,"Retained"
"FRYL",0,50,"Retained"
"FRZB",0,50,"Retained"
"FSCN1",0,50,"Retained"
"FSTL1",0,50,"Retained"
"FTH1",0,50,"Retained"
"FTL",0,50,"Retained"
"FTO",0,50,"Retained"
"FTSJ1",0,50,"Retained"
"FTSJ3",0,50,"Retained"
"FUBP1",0,50,"Retained"
"FUBP3",0,50,"Retained"
"FUCA1",0,50,"Retained"
"FUCA2",0,50,"Retained"
"FUNDC2",0,50,"Retained"
"FUS",0,50,"Retained"
"FUT8",0,50,"Retained"
"FXN",0,50,"Retained"
"FXR1",0,50,"Retained"
"FXR2",0,50,"Retained"
"FXYD2",0,50,"Retained"
"FYB1",0,50,"Retained"
"FYCO1",0,50,"Retained"
"FYTTD1",0,50,"Retained"
"G3BP1",0,50,"Retained"
"G3BP2",0,50,"Retained"
"G6PD",0,50,"Retained"
"GAA",0,50,"Retained"
"GAB1",0,50,"Retained"
"GAB2",0,50,"Retained"
"GABARAPL2",0,50,"Retained"
"GABPA",0,50,"Retained"
"GABPB1",0,50,"Retained"
"GADD45GIP1",0,50,"Retained"
"GAK",0,50,"Retained"
"GALC",0,50,"Retained"
"GALE",0,50,"Retained"
"GALK1",0,50,"Retained"
"GALK2",0,50,"Retained"
"GALM",0,50,"Retained"
"GALNS",0,50,"Retained"
"GALNT1",0,50,"Retained"
"GALNT11",0,50,"Retained"
"GALNT12",0,50,"Retained"
"GALNT2",0,50,"Retained"
"GALNT3",0,50,"Retained"
"GALNT5",0,50,"Retained"
"GALNT6",0,50,"Retained"
"GALNT7",0,50,"Retained"
"GALT",0,50,"Retained"
"GAMT",0,50,"Retained"
"GAN",0,50,"Retained"
"GANAB",0,50,"Retained"
"GANC",0,50,"Retained"
"GAP43",0,50,"Retained"
"GAPDH",0,50,"Retained"
"GAPVD1",0,50,"Retained"
"GAR1",0,50,"Retained"
"GARS1",0,50,"Retained"
"GART",0,50,"Retained"
"GAS2",0,50,"Retained"
"GAS6",0,50,"Retained"
"GAS7",0,50,"Retained"
"GASK1B",0,50,"Retained"
"GATAD2A",0,50,"Retained"
"GATAD2B",0,50,"Retained"
"GATD1",0,50,"Retained"
"GATM",0,50,"Retained"
"GBA",0,50,"Retained"
"GBE1",0,50,"Retained"
"GBF1",0,50,"Retained"
"GBP1",0,50,"Retained"
"GBP2",0,50,"Retained"
"GBP4",0,50,"Retained"
"GBP5",0,50,"Retained"
"GC",0,50,"Retained"
"GCA",0,50,"Retained"
"GCC1",0,50,"Retained"
"GCC2",0,50,"Retained"
"GCDH",0,50,"Retained"
"GCFC2",0,50,"Retained"
"GCG",0,50,"Retained"
"GCLC",0,50,"Retained"
"GCLM",0,50,"Retained"
"GCN1",0,50,"Retained"
"GCNT3",0,50,"Retained"
"GCSH",0,50,"Retained"
"GDA",0,50,"Retained"
"GDAP1",0,50,"Retained"
"GDAP2",0,50,"Retained"
"GDI1",0,50,"Retained"
"GDI2",0,50,"Retained"
"GEMIN4",0,50,"Retained"
"GEMIN5",0,50,"Retained"
"GET3",0,50,"Retained"
"GET4",0,50,"Retained"
"GFER",0,50,"Retained"
"GFM1",0,50,"Retained"
"GFM2",0,50,"Retained"
"GFPT1",0,50,"Retained"
"GFPT2",0,50,"Retained"
"GGA1",0,50,"Retained"
"GGA2",0,50,"Retained"
"GGA3",0,50,"Retained"
"GGACT",0,50,"Retained"
"GGCT",0,50,"Retained"
"GGH",0,50,"Retained"
"GGPS1",0,50,"Retained"
"GGT5",0,50,"Retained"
"GHDC",0,50,"Retained"
"GHRL",0,50,"Retained"
"GID8",0,50,"Retained"
"GIGYF1",0,50,"Retained"
"GIGYF2",0,50,"Retained"
"GIMAP1",0,50,"Retained"
"GIMAP4",0,50,"Retained"
"GIMAP7",0,50,"Retained"
"GIMAP8",0,50,"Retained"
"GIPC1",0,50,"Retained"
"GIPC2",0,50,"Retained"
"GIT1",0,50,"Retained"
"GIT2",0,50,"Retained"
"GLA",0,50,"Retained"
"GLB1",0,50,"Retained"
"GLCE",0,50,"Retained"
"GLG1",0,50,"Retained"
"GLIPR2",0,50,"Retained"
"GLO1",0,50,"Retained"
"GLOD4",0,50,"Retained"
"GLRX",0,50,"Retained"
"GLRX3",0,50,"Retained"
"GLRX5",0,50,"Retained"
"GLS",0,50,"Retained"
"GLT8D1",0,50,"Retained"
"GLTP",0,50,"Retained"
"GLUD1",0,50,"Retained"
"GLUD2",0,50,"Retained"
"GLUL",0,50,"Retained"
"GLYR1",0,50,"Retained"
"GM2A",0,50,"Retained"
"GMDS",0,50,"Retained"
"GMEB1",0,50,"Retained"
"GMEB2",0,50,"Retained"
"GMFB",0,50,"Retained"
"GMFG",0,50,"Retained"
"GMIP",0,50,"Retained"
"GMPPA",0,50,"Retained"
"GMPPB",0,50,"Retained"
"GMPR",0,50,"Retained"
"GMPR2",0,50,"Retained"
"GMPS",0,50,"Retained"
"GNA11",0,50,"Retained"
"GNA13",0,50,"Retained"
"GNAI2",0,50,"Retained"
"GNAI3",0,50,"Retained"
"GNAO1",0,50,"Retained"
"GNAQ",0,50,"Retained"
"GNAS",0,50,"Retained"
"GNB1",0,50,"Retained"
"GNB2",0,50,"Retained"
"GNB4",0,50,"Retained"
"GNE",0,50,"Retained"
"GNG12",0,50,"Retained"
"GNG2",0,50,"Retained"
"GNG5",0,50,"Retained"
"GNL1",0,50,"Retained"
"GNL2",0,50,"Retained"
"GNL3",0,50,"Retained"
"GNL3L",0,50,"Retained"
"GNMT",0,50,"Retained"
"GNPAT",0,50,"Retained"
"GNPDA1",0,50,"Retained"
"GNPDA2",0,50,"Retained"
"GNPNAT1",0,50,"Retained"
"GNPTG",0,50,"Retained"
"GNS",0,50,"Retained"
"GOLGA1",0,50,"Retained"
"GOLGA2",0,50,"Retained"
"GOLGA3",0,50,"Retained"
"GOLGA4",0,50,"Retained"
"GOLGA5",0,50,"Retained"
"GOLGA7",0,50,"Retained"
"GOLGB1",0,50,"Retained"
"GOLIM4",0,50,"Retained"
"GOLM1",0,50,"Retained"
"GOLPH3",0,50,"Retained"
"GOLPH3L",0,50,"Retained"
"GON7",0,50,"Retained"
"GOPC",0,50,"Retained"
"GORAB",0,50,"Retained"
"GORASP2",0,50,"Retained"
"GOSR1",0,50,"Retained"
"GOT1",0,50,"Retained"
"GOT2",0,50,"Retained"
"GP2",0,50,"Retained"
"GPAA1",0,50,"Retained"
"GPALPP1",0,50,"Retained"
"GPATCH1",0,50,"Retained"
"GPATCH8",0,50,"Retained"
"GPC1",0,50,"Retained"
"GPC4",0,50,"Retained"
"GPC6",0,50,"Retained"
"GPCPD1",0,50,"Retained"
"GPD1",0,50,"Retained"
"GPD1L",0,50,"Retained"
"GPD2",0,50,"Retained"
"GPHN",0,50,"Retained"
"GPI",0,50,"Retained"
"GPKOW",0,50,"Retained"
"GPLD1",0,50,"Retained"
"GPNMB",0,50,"Retained"
"GPR107",0,50,"Retained"
"GPR108",0,50,"Retained"
"GPR180",0,50,"Retained"
"GPRC5A",0,50,"Retained"
"GPRIN1",0,50,"Retained"
"GPRIN3",0,50,"Retained"
"GPS1",0,50,"Retained"
"GPSM3",0,50,"Retained"
"GPT",0,50,"Retained"
"GPT2",0,50,"Retained"
"GPX1",0,50,"Retained"
"GPX2",0,50,"Retained"
"GPX3",0,50,"Retained"
"GPX4",0,50,"Retained"
"GPX7",0,50,"Retained"
"GPX8",0,50,"Retained"
"GRAMD4",0,50,"Retained"
"GRAP2",0,50,"Retained"
"GRB10",0,50,"Retained"
"GRB2",0,50,"Retained"
"GRB7",0,50,"Retained"
"GREM1",0,50,"Retained"
"GRHPR",0,50,"Retained"
"GRIPAP1",0,50,"Retained"
"GRK2",0,50,"Retained"
"GRK6",0,50,"Retained"
"GRN",0,50,"Retained"
"GRPEL1",0,50,"Retained"
"GRSF1",0,50,"Retained"
"GRWD1",0,50,"Retained"
"GSDMB",0,50,"Retained"
"GSDMD",0,50,"Retained"
"GSDME",0,50,"Retained"
"GSK3A",0,50,"Retained"
"GSK3B",0,50,"Retained"
"GSN",0,50,"Retained"
"GSPT1",0,50,"Retained"
"GSPT2",0,50,"Retained"
"GSR",0,50,"Retained"
"GSS",0,50,"Retained"
"GSTA4",0,50,"Retained"
"GSTCD",0,50,"Retained"
"GSTK1",0,50,"Retained"
"GSTM2",0,50,"Retained"
"GSTM3",0,50,"Retained"
"GSTM5",0,50,"Retained"
"GSTO1",0,50,"Retained"
"GSTZ1",0,50,"Retained"
"GTF2A1",0,50,"Retained"
"GTF2A2",0,50,"Retained"
"GTF2B",0,50,"Retained"
"GTF2E2",0,50,"Retained"
"GTF2F1",0,50,"Retained"
"GTF2F2",0,50,"Retained"
"GTF2H1",0,50,"Retained"
"GTF2H4",0,50,"Retained"
"GTF2I",0,50,"Retained"
"GTF3C1",0,50,"Retained"
"GTF3C2",0,50,"Retained"
"GTF3C3",0,50,"Retained"
"GTF3C4",0,50,"Retained"
"GTF3C5",0,50,"Retained"
"GTPBP1",0,50,"Retained"
"GTPBP10",0,50,"Retained"
"GTPBP2",0,50,"Retained"
"GTPBP4",0,50,"Retained"
"GTPBP6",0,50,"Retained"
"GUCY1A1",0,50,"Retained"
"GUCY1A2",0,50,"Retained"
"GUCY1B1",0,50,"Retained"
"GUF1",0,50,"Retained"
"GUK1",0,50,"Retained"
"GULP1",0,50,"Retained"
"GUSB",0,50,"Retained"
"GYG1",0,50,"Retained"
"GYS1",0,50,"Retained"
"GZMA",0,50,"Retained"
"H1.0",0,50,"Retained"
"H1.10",0,50,"Retained"
"H1.2",0,50,"Retained"
"H1.3",0,50,"Retained"
"H1.4",0,50,"Retained"
"H1.5",0,50,"Retained"
"H2AC21",0,50,"Retained"
"H2AX",0,50,"Retained"
"H6PD",0,50,"Retained"
"HAAO",0,50,"Retained"
"HABP2",0,50,"Retained"
"HABP4",0,50,"Retained"
"HACD2",0,50,"Retained"
"HACD3",0,50,"Retained"
"HACL1",0,50,"Retained"
"HADH",0,50,"Retained"
"HADHA",0,50,"Retained"
"HADHB",0,50,"Retained"
"HAGH",0,50,"Retained"
"HAPLN3",0,50,"Retained"
"HARS2",0,50,"Retained"
"HAT1",0,50,"Retained"
"HAX1",0,50,"Retained"
"HBD",0,50,"Retained"
"HBS1L",0,50,"Retained"
"HCCS",0,50,"Retained"
"HCFC1",0,50,"Retained"
"HCK",0,50,"Retained"
"HCLS1",0,50,"Retained"
"HDAC1",0,50,"Retained"
"HDAC10",0,50,"Retained"
"HDAC2",0,50,"Retained"
"HDAC3",0,50,"Retained"
"HDAC4",0,50,"Retained"
"HDAC6",0,50,"Retained"
"HDAC7",0,50,"Retained"
"HDDC2",0,50,"Retained"
"HDDC3",0,50,"Retained"
"HDGF",0,50,"Retained"
"HDGFL2",0,50,"Retained"
"HDGFL3",0,50,"Retained"
"HDHD2",0,50,"Retained"
"HDHD3",0,50,"Retained"
"HDHD5",0,50,"Retained"
"HDLBP",0,50,"Retained"
"HEATR1",0,50,"Retained"
"HEATR3",0,50,"Retained"
"HEATR5A",0,50,"Retained"
"HEATR5B",0,50,"Retained"
"HEBP1",0,50,"Retained"
"HEBP2",0,50,"Retained"
"HECA",0,50,"Retained"
"HECTD1",0,50,"Retained"
"HECTD3",0,50,"Retained"
"HECTD4",0,50,"Retained"
"HELZ",0,50,"Retained"
"HELZ2",0,50,"Retained"
"HEPH",0,50,"Retained"
"HERC1",0,50,"Retained"
"HERC2",0,50,"Retained"
"HERC4",0,50,"Retained"
"HEXA",0,50,"Retained"
"HEXB",0,50,"Retained"
"HEXIM1",0,50,"Retained"
"HGD",0,50,"Retained"
"HGF",0,50,"Retained"
"HGFAC",0,50,"Retained"
"HGH1",0,50,"Retained"
"HGS",0,50,"Retained"
"HIBADH",0,50,"Retained"
"HIBCH",0,50,"Retained"
"HID1",0,50,"Retained"
"HIKESHI",0,50,"Retained"
"HINT1",0,50,"Retained"
"HINT2",0,50,"Retained"
"HINT3",0,50,"Retained"
"HIP1",0,50,"Retained"
"HIP1R",0,50,"Retained"
"HIRA",0,50,"Retained"
"HIRIP3",0,50,"Retained"
"HK1",0,50,"Retained"
"HK2",0,50,"Retained"
"HK3",0,50,"Retained"
"HKDC1",0,50,"Retained"
"HLA.A",0,50,"Retained"
"HLA.B",0,50,"Retained"
"HLA.C",0,50,"Retained"
"HLA.DMA",0,50,"Retained"
"HLA.DPA1",0,50,"Retained"
"HLA.DPB1",0,50,"Retained"
"HLA.DRA",0,50,"Retained"
"HLA.DRB1",0,50,"Retained"
"HLA.DRB5",0,50,"Retained"
"HLA.E",0,50,"Retained"
"HLA.F",0,50,"Retained"
"HLTF",0,50,"Retained"
"HM13",0,50,"Retained"
"HMBS",0,50,"Retained"
"HMCES",0,50,"Retained"
"HMCN1",0,50,"Retained"
"HMG20A",0,50,"Retained"
"HMGA1",0,50,"Retained"
"HMGB1",0,50,"Retained"
"HMGB2",0,50,"Retained"
"HMGB3",0,50,"Retained"
"HMGCL",0,50,"Retained"
"HMGCS1",0,50,"Retained"
"HMGCS2",0,50,"Retained"
"HMGN1",0,50,"Retained"
"HMGN2",0,50,"Retained"
"HMGN3",0,50,"Retained"
"HMGN4",0,50,"Retained"
"HMGN5",0,50,"Retained"
"HMOX1",0,50,"Retained"
"HMOX2",0,50,"Retained"
"HNMT",0,50,"Retained"
"HNRNPA0",0,50,"Retained"
"HNRNPA2B1",0,50,"Retained"
"HNRNPA3",0,50,"Retained"
"HNRNPAB",0,50,"Retained"
"HNRNPC",0,50,"Retained"
"HNRNPD",0,50,"Retained"
"HNRNPDL",0,50,"Retained"
"HNRNPF",0,50,"Retained"
"HNRNPH1",0,50,"Retained"
"HNRNPH2",0,50,"Retained"
"HNRNPH3",0,50,"Retained"
"HNRNPK",0,50,"Retained"
"HNRNPL",0,50,"Retained"
"HNRNPLL",0,50,"Retained"
"HNRNPM",0,50,"Retained"
"HNRNPR",0,50,"Retained"
"HNRNPU",0,50,"Retained"
"HNRNPUL1",0,50,"Retained"
"HNRNPUL2",0,50,"Retained"
"HOGA1",0,50,"Retained"
"HOMER3",0,50,"Retained"
"HOOK1",0,50,"Retained"
"HOOK2",0,50,"Retained"
"HOOK3",0,50,"Retained"
"HOPX",0,50,"Retained"
"HP",0,50,"Retained"
"HP1BP3",0,50,"Retained"
"HPCAL1",0,50,"Retained"
"HPF1",0,50,"Retained"
"HPGD",0,50,"Retained"
"HPR",0,50,"Retained"
"HPRT1",0,50,"Retained"
"HPS3",0,50,"Retained"
"HPS6",0,50,"Retained"
"HPX",0,50,"Retained"
"HRG",0,50,"Retained"
"HS1BP3",0,50,"Retained"
"HSBP1",0,50,"Retained"
"HSD11B1",0,50,"Retained"
"HSD17B10",0,50,"Retained"
"HSD17B11",0,50,"Retained"
"HSD17B12",0,50,"Retained"
"HSD17B2",0,50,"Retained"
"HSD17B4",0,50,"Retained"
"HSD17B7",0,50,"Retained"
"HSD17B8",0,50,"Retained"
"HSDL1",0,50,"Retained"
"HSDL2",0,50,"Retained"
"HSF1",0,50,"Retained"
"HSP90AA1",0,50,"Retained"
"HSP90AB1",0,50,"Retained"
"HSP90B1",0,50,"Retained"
"HSPA12A",0,50,"Retained"
"HSPA12B",0,50,"Retained"
"HSPA13",0,50,"Retained"
"HSPA14",0,50,"Retained"
"HSPA1L",0,50,"Retained"
"HSPA2",0,50,"Retained"
"HSPA4",0,50,"Retained"
"HSPA5",0,50,"Retained"
"HSPA8",0,50,"Retained"
"HSPA9",0,50,"Retained"
"HSPB1",0,50,"Retained"
"HSPB11",0,50,"Retained"
"HSPB6",0,50,"Retained"
"HSPB7",0,50,"Retained"
"HSPB8",0,50,"Retained"
"HSPBP1",0,50,"Retained"
"HSPD1",0,50,"Retained"
"HSPE1",0,50,"Retained"
"HSPG2",0,50,"Retained"
"HSPH1",0,50,"Retained"
"HTATIP2",0,50,"Retained"
"HTATSF1",0,50,"Retained"
"HTRA1",0,50,"Retained"
"HTRA2",0,50,"Retained"
"HTRA3",0,50,"Retained"
"HTT",0,50,"Retained"
"HUWE1",0,50,"Retained"
"HYI",0,50,"Retained"
"HYOU1",0,50,"Retained"
"HYPK",0,50,"Retained"
"IAH1",0,50,"Retained"
"IARS1",0,50,"Retained"
"IARS2",0,50,"Retained"
"IBA57",0,50,"Retained"
"IBTK",0,50,"Retained"
"ICA1",0,50,"Retained"
"ICAM1",0,50,"Retained"
"ICAM2",0,50,"Retained"
"IDE",0,50,"Retained"
"IDH1",0,50,"Retained"
"IDH2",0,50,"Retained"
"IDH3A",0,50,"Retained"
"IDH3B",0,50,"Retained"
"IDH3G",0,50,"Retained"
"IDI1",0,50,"Retained"
"IDS",0,50,"Retained"
"IDUA",0,50,"Retained"
"IFI16",0,50,"Retained"
"IFI30",0,50,"Retained"
"IFI35",0,50,"Retained"
"IFIH1",0,50,"Retained"
"IFIT1",0,50,"Retained"
"IFIT2",0,50,"Retained"
"IFIT3",0,50,"Retained"
"IFIT5",0,50,"Retained"
"IFITM3",0,50,"Retained"
"IFRD2",0,50,"Retained"
"IFT122",0,50,"Retained"
"IFT140",0,50,"Retained"
"IFT20",0,50,"Retained"
"IFT27",0,50,"Retained"
"IFT88",0,50,"Retained"
"IGBP1",0,50,"Retained"
"IGF2BP2",0,50,"Retained"
"IGF2BP3",0,50,"Retained"
"IGF2R",0,50,"Retained"
"IGFALS",0,50,"Retained"
"IGFBP2",0,50,"Retained"
"IGFBP3",0,50,"Retained"
"IGFBP4",0,50,"Retained"
"IGFBP5",0,50,"Retained"
"IGFBP7",0,50,"Retained"
"IGHA1",0,50,"Retained"
"IGHA2",0,50,"Retained"
"IGHD",0,50,"Retained"
"IGHG1",0,50,"Retained"
"IGHG2",0,50,"Retained"
"IGHG3",0,50,"Retained"
"IGHG4",0,50,"Retained"
"IGHM",0,50,"Retained"
"IGHV3.15",0,50,"Retained"
"IGHV3.35",0,50,"Retained"
"IGHV3.43",0,50,"Retained"
"IGHV3.49",0,50,"Retained"
"IGHV3.64D",0,50,"Retained"
"IGHV3.7",0,50,"Retained"
"IGHV3.72",0,50,"Retained"
"IGHV3OR16.12",0,50,"Retained"
"IGHV4.28",0,50,"Retained"
"IGHV5.51",0,50,"Retained"
"IGHV6.1",0,50,"Retained"
"IGKC",0,50,"Retained"
"IGKV1.16",0,50,"Retained"
"IGKV1.27",0,50,"Retained"
"IGKV2D.29",0,50,"Retained"
"IGKV3.7",0,50,"Retained"
"IGKV3D.20",0,50,"Retained"
"IGKV4.1",0,50,"Retained"
"IGLC7",0,50,"Retained"
"IGLL1",0,50,"Retained"
"IGLL5",0,50,"Retained"
"IGLV1.44",0,50,"Retained"
"IGLV1.51",0,50,"Retained"
"IGLV2.18",0,50,"Retained"
"IGLV2.8",0,50,"Retained"
"IGLV3.19",0,50,"Retained"
"IGLV3.21",0,50,"Retained"
"IGLV3.25",0,50,"Retained"
"IGLV4.60",0,50,"Retained"
"IGLV4.69",0,50,"Retained"
"IGLV8.61",0,50,"Retained"
"IK",0,50,"Retained"
"IKBIP",0,50,"Retained"
"IKBKB",0,50,"Retained"
"IKBKG",0,50,"Retained"
"IL16",0,50,"Retained"
"IL18",0,50,"Retained"
"IL1RN",0,50,"Retained"
"IL4I1",0,50,"Retained"
"ILF2",0,50,"Retained"
"ILF3",0,50,"Retained"
"ILK",0,50,"Retained"
"ILKAP",0,50,"Retained"
"ILVBL",0,50,"Retained"
"IMMT",0,50,"Retained"
"IMPA1",0,50,"Retained"
"IMPA2",0,50,"Retained"
"IMPACT",0,50,"Retained"
"IMPAD1",0,50,"Retained"
"IMPDH1",0,50,"Retained"
"IMPDH2",0,50,"Retained"
"INA",0,50,"Retained"
"INF2",0,50,"Retained"
"ING1",0,50,"Retained"
"INHBA",0,50,"Retained"
"INPP1",0,50,"Retained"
"INPP4A",0,50,"Retained"
"INPP4B",0,50,"Retained"
"INPP5A",0,50,"Retained"
"INPP5D",0,50,"Retained"
"INPP5F",0,50,"Retained"
"INPPL1",0,50,"Retained"
"INS",0,50,"Retained"
"INSR",0,50,"Retained"
"INTS1",0,50,"Retained"
"INTS10",0,50,"Retained"
"INTS11",0,50,"Retained"
"INTS12",0,50,"Retained"
"INTS13",0,50,"Retained"
"INTS14",0,50,"Retained"
"INTS2",0,50,"Retained"
"INTS3",0,50,"Retained"
"INTS4",0,50,"Retained"
"INTS5",0,50,"Retained"
"INTS6",0,50,"Retained"
"INTS7",0,50,"Retained"
"INTS8",0,50,"Retained"
"INTS9",0,50,"Retained"
"IPO11",0,50,"Retained"
"IPO4",0,50,"Retained"
"IPO5",0,50,"Retained"
"IPO7",0,50,"Retained"
"IPO8",0,50,"Retained"
"IPO9",0,50,"Retained"
"IQGAP1",0,50,"Retained"
"IQGAP2",0,50,"Retained"
"IQGAP3",0,50,"Retained"
"IQSEC1",0,50,"Retained"
"IRAK4",0,50,"Retained"
"IREB2",0,50,"Retained"
"IRF2",0,50,"Retained"
"IRF2BP1",0,50,"Retained"
"IRF2BP2",0,50,"Retained"
"IRF2BPL",0,50,"Retained"
"IRF3",0,50,"Retained"
"IRF5",0,50,"Retained"
"IRF6",0,50,"Retained"
"IRF9",0,50,"Retained"
"IRGQ",0,50,"Retained"
"IRS2",0,50,"Retained"
"ISCA1",0,50,"Retained"
"ISCA2",0,50,"Retained"
"ISCU",0,50,"Retained"
"ISG15",0,50,"Retained"
"ISG20",0,50,"Retained"
"ISG20L2",0,50,"Retained"
"ISLR",0,50,"Retained"
"ISOC1",0,50,"Retained"
"ISOC2",0,50,"Retained"
"IST1",0,50,"Retained"
"ISYNA1",0,50,"Retained"
"ITCH",0,50,"Retained"
"ITFG1",0,50,"Retained"
"ITGA1",0,50,"Retained"
"ITGA11",0,50,"Retained"
"ITGA2",0,50,"Retained"
"ITGA3",0,50,"Retained"
"ITGA4",0,50,"Retained"
"ITGA5",0,50,"Retained"
"ITGA6",0,50,"Retained"
"ITGA7",0,50,"Retained"
"ITGAL",0,50,"Retained"
"ITGAM",0,50,"Retained"
"ITGAV",0,50,"Retained"
"ITGAX",0,50,"Retained"
"ITGB1",0,50,"Retained"
"ITGB2",0,50,"Retained"
"ITGB4",0,50,"Retained"
"ITGB5",0,50,"Retained"
"ITGB6",0,50,"Retained"
"ITGBL1",0,50,"Retained"
"ITIH1",0,50,"Retained"
"ITIH2",0,50,"Retained"
"ITIH3",0,50,"Retained"
"ITIH4",0,50,"Retained"
"ITIH5",0,50,"Retained"
"ITLN1",0,50,"Retained"
"ITM2B",0,50,"Retained"
"ITPA",0,50,"Retained"
"ITPK1",0,50,"Retained"
"ITPKB",0,50,"Retained"
"ITPKC",0,50,"Retained"
"ITPR1",0,50,"Retained"
"ITPR2",0,50,"Retained"
"ITPR3",0,50,"Retained"
"ITPRID2",0,50,"Retained"
"ITSN1",0,50,"Retained"
"ITSN2",0,50,"Retained"
"IVD",0,50,"Retained"
"IVNS1ABP",0,50,"Retained"
"IWS1",0,50,"Retained"
"JAGN1",0,50,"Retained"
"JAK1",0,50,"Retained"
"JCAD",0,50,"Retained"
"JCHAIN",0,50,"Retained"
"JMJD1C",0,50,"Retained"
"JPT1",0,50,"Retained"
"JPT2",0,50,"Retained"
"JUNB",0,50,"Retained"
"JUND",0,50,"Retained"
"JUP",0,50,"Retained"
"KALRN",0,50,"Retained"
"KANK1",0,50,"Retained"
"KANK2",0,50,"Retained"
"KANK4",0,50,"Retained"
"KARS1",0,50,"Retained"
"KAT7",0,50,"Retained"
"KATNA1",0,50,"Retained"
"KBTBD11",0,50,"Retained"
"KCMF1",0,50,"Retained"
"KCNAB2",0,50,"Retained"
"KCTD10",0,50,"Retained"
"KCTD12",0,50,"Retained"
"KCTD14",0,50,"Retained"
"KCTD21",0,50,"Retained"
"KDM1A",0,50,"Retained"
"KDM2A",0,50,"Retained"
"KDM3B",0,50,"Retained"
"KDM5A",0,50,"Retained"
"KDSR",0,50,"Retained"
"KEAP1",0,50,"Retained"
"KHDRBS1",0,50,"Retained"
"KHDRBS3",0,50,"Retained"
"KHK",0,50,"Retained"
"KHNYN",0,50,"Retained"
"KHSRP",0,50,"Retained"
"KIAA0319L",0,50,"Retained"
"KIAA0513",0,50,"Retained"
"KIAA1143",0,50,"Retained"
"KIAA1191",0,50,"Retained"
"KIAA1217",0,50,"Retained"
"KIAA1324",0,50,"Retained"
"KIAA1522",0,50,"Retained"
"KIAA1671",0,50,"Retained"
"KIAA2013",0,50,"Retained"
"KIF13A",0,50,"Retained"
"KIF13B",0,50,"Retained"
"KIF16B",0,50,"Retained"
"KIF1A",0,50,"Retained"
"KIF1B",0,50,"Retained"
"KIF1C",0,50,"Retained"
"KIF21A",0,50,"Retained"
"KIF2A",0,50,"Retained"
"KIF3A",0,50,"Retained"
"KIF3B",0,50,"Retained"
"KIF5B",0,50,"Retained"
"KIFAP3",0,50,"Retained"
"KIFBP",0,50,"Retained"
"KIN",0,50,"Retained"
"KLC1",0,50,"Retained"
"KLC2",0,50,"Retained"
"KLC4",0,50,"Retained"
"KLHDC4",0,50,"Retained"
"KLHL22",0,50,"Retained"
"KLK1",0,50,"Retained"
"KLKB1",0,50,"Retained"
"KMT2A",0,50,"Retained"
"KMT2D",0,50,"Retained"
"KNG1",0,50,"Retained"
"KNTC1",0,50,"Retained"
"KPNA1",0,50,"Retained"
"KPNA2",0,50,"Retained"
"KPNA3",0,50,"Retained"
"KPNA4",0,50,"Retained"
"KPNA6",0,50,"Retained"
"KPNB1",0,50,"Retained"
"KRAS",0,50,"Retained"
"KRI1",0,50,"Retained"
"KRR1",0,50,"Retained"
"KRT16",0,50,"Retained"
"KRT17",0,50,"Retained"
"KRT18",0,50,"Retained"
"KRT19",0,50,"Retained"
"KRT20",0,50,"Retained"
"KRT5",0,50,"Retained"
"KRT6B",0,50,"Retained"
"KRT7",0,50,"Retained"
"KRT75",0,50,"Retained"
"KRT8",0,50,"Retained"
"KRT80",0,50,"Retained"
"KRTCAP2",0,50,"Retained"
"KTN1",0,50,"Retained"
"KXD1",0,50,"Retained"
"KYAT3",0,50,"Retained"
"KYNU",0,50,"Retained"
"L1CAM",0,50,"Retained"
"L2HGDH",0,50,"Retained"
"L3HYPDH",0,50,"Retained"
"LACTB",0,50,"Retained"
"LACTB2",0,50,"Retained"
"LAD1",0,50,"Retained"
"LAGE3",0,50,"Retained"
"LAMA1",0,50,"Retained"
"LAMA2",0,50,"Retained"
"LAMA3",0,50,"Retained"
"LAMA4",0,50,"Retained"
"LAMA5",0,50,"Retained"
"LAMB1",0,50,"Retained"
"LAMB2",0,50,"Retained"
"LAMB3",0,50,"Retained"
"LAMC1",0,50,"Retained"
"LAMC2",0,50,"Retained"
"LAMC3",0,50,"Retained"
"LAMP1",0,50,"Retained"
"LAMP2",0,50,"Retained"
"LAMTOR1",0,50,"Retained"
"LAMTOR2",0,50,"Retained"
"LAMTOR3",0,50,"Retained"
"LAMTOR5",0,50,"Retained"
"LANCL1",0,50,"Retained"
"LANCL2",0,50,"Retained"
"LAP3",0,50,"Retained"
"LARP1",0,50,"Retained"
"LARP1B",0,50,"Retained"
"LARP4",0,50,"Retained"
"LARP4B",0,50,"Retained"
"LARP7",0,50,"Retained"
"LARS1",0,50,"Retained"
"LARS2",0,50,"Retained"
"LAS1L",0,50,"Retained"
"LASP1",0,50,"Retained"
"LBH",0,50,"Retained"
"LBP",0,50,"Retained"
"LBR",0,50,"Retained"
"LCLAT1",0,50,"Retained"
"LCMT1",0,50,"Retained"
"LCN2",0,50,"Retained"
"LCP1",0,50,"Retained"
"LCP2",0,50,"Retained"
"LDAH",0,50,"Retained"
"LDB3",0,50,"Retained"
"LDHA",0,50,"Retained"
"LDHB",0,50,"Retained"
"LDHD",0,50,"Retained"
"LDLR",0,50,"Retained"
"LDLRAP1",0,50,"Retained"
"LECT2",0,50,"Retained"
"LEMD2",0,50,"Retained"
"LEMD3",0,50,"Retained"
"LENG8",0,50,"Retained"
"LENG9",0,50,"Retained"
"LEO1",0,50,"Retained"
"LETM1",0,50,"Retained"
"LGALS1",0,50,"Retained"
"LGALS2",0,50,"Retained"
"LGALS3",0,50,"Retained"
"LGALS3BP",0,50,"Retained"
"LGALS4",0,50,"Retained"
"LGALS8",0,50,"Retained"
"LGALS9",0,50,"Retained"
"LGALSL",0,50,"Retained"
"LGMN",0,50,"Retained"
"LHPP",0,50,"Retained"
"LIG1",0,50,"Retained"
"LIG3",0,50,"Retained"
"LIG4",0,50,"Retained"
"LIMA1",0,50,"Retained"
"LIMCH1",0,50,"Retained"
"LIMD1",0,50,"Retained"
"LIMD2",0,50,"Retained"
"LIMK1",0,50,"Retained"
"LIMK2",0,50,"Retained"
"LIMS1",0,50,"Retained"
"LIMS2",0,50,"Retained"
"LIN7C",0,50,"Retained"
"LIPA",0,50,"Retained"
"LIPE",0,50,"Retained"
"LIPG",0,50,"Retained"
"LIPH",0,50,"Retained"
"LLGL1",0,50,"Retained"
"LLGL2",0,50,"Retained"
"LMAN1",0,50,"Retained"
"LMAN2",0,50,"Retained"
"LMAN2L",0,50,"Retained"
"LMBRD2",0,50,"Retained"
"LMCD1",0,50,"Retained"
"LMF1",0,50,"Retained"
"LMF2",0,50,"Retained"
"LMNA",0,50,"Retained"
"LMNB1",0,50,"Retained"
"LMNB2",0,50,"Retained"
"LMO7",0,50,"Retained"
"LMOD1",0,50,"Retained"
"LMTK2",0,50,"Retained"
"LNPEP",0,50,"Retained"
"LNPK",0,50,"Retained"
"LONP1",0,50,"Retained"
"LONP2",0,50,"Retained"
"LOX",0,50,"Retained"
"LOXL1",0,50,"Retained"
"LOXL2",0,50,"Retained"
"LOXL3",0,50,"Retained"
"LPA",0,50,"Retained"
"LPCAT1",0,50,"Retained"
"LPCAT2",0,50,"Retained"
"LPCAT3",0,50,"Retained"
"LPCAT4",0,50,"Retained"
"LPGAT1",0,50,"Retained"
"LPIN1",0,50,"Retained"
"LPIN2",0,50,"Retained"
"LPP",0,50,"Retained"
"LPXN",0,50,"Retained"
"LRATD2",0,50,"Retained"
"LRBA",0,50,"Retained"
"LRCH1",0,50,"Retained"
"LRCH3",0,50,"Retained"
"LRCH4",0,50,"Retained"
"LRG1",0,50,"Retained"
"LRIF1",0,50,"Retained"
"LRMDA",0,50,"Retained"
"LRMP",0,50,"Retained"
"LRP1",0,50,"Retained"
"LRPAP1",0,50,"Retained"
"LRPPRC",0,50,"Retained"
"LRRC1",0,50,"Retained"
"LRRC20",0,50,"Retained"
"LRRC40",0,50,"Retained"
"LRRC41",0,50,"Retained"
"LRRC47",0,50,"Retained"
"LRRC59",0,50,"Retained"
"LRRC8C",0,50,"Retained"
"LRRFIP1",0,50,"Retained"
"LRRFIP2",0,50,"Retained"
"LRSAM1",0,50,"Retained"
"LRWD1",0,50,"Retained"
"LSAMP",0,50,"Retained"
"LSG1",0,50,"Retained"
"LSM1",0,50,"Retained"
"LSM12",0,50,"Retained"
"LSM14A",0,50,"Retained"
"LSM14B",0,50,"Retained"
"LSM2",0,50,"Retained"
"LSM4",0,50,"Retained"
"LSM5",0,50,"Retained"
"LSM6",0,50,"Retained"
"LSM7",0,50,"Retained"
"LSM8",0,50,"Retained"
"LSP1",0,50,"Retained"
"LSR",0,50,"Retained"
"LSS",0,50,"Retained"
"LTA4H",0,50,"Retained"
"LTBP1",0,50,"Retained"
"LTBP2",0,50,"Retained"
"LTBP3",0,50,"Retained"
"LTBP4",0,50,"Retained"
"LTN1",0,50,"Retained"
"LTV1",0,50,"Retained"
"LUC7L",0,50,"Retained"
"LUC7L2",0,50,"Retained"
"LUC7L3",0,50,"Retained"
"LUM",0,50,"Retained"
"LUZP1",0,50,"Retained"
"LXN",0,50,"Retained"
"LY6D",0,50,"Retained"
"LYAR",0,50,"Retained"
"LYN",0,50,"Retained"
"LYPLA1",0,50,"Retained"
"LYPLA2",0,50,"Retained"
"LYPLAL1",0,50,"Retained"
"LYRM2",0,50,"Retained"
"LYRM4",0,50,"Retained"
"LYSMD2",0,50,"Retained"
"LYST",0,50,"Retained"
"LYVE1",0,50,"Retained"
"LZIC",0,50,"Retained"
"LZTFL1",0,50,"Retained"
"LZTS1",0,50,"Retained"
"M6PR",0,50,"Retained"
"MACF1",0,50,"Retained"
"MACO1",0,50,"Retained"
"MACROD1",0,50,"Retained"
"MACROH2A1",0,50,"Retained"
"MACROH2A2",0,50,"Retained"
"MAD1L1",0,50,"Retained"
"MADD",0,50,"Retained"
"MAEA",0,50,"Retained"
"MAGED1",0,50,"Retained"
"MAGED2",0,50,"Retained"
"MAGI1",0,50,"Retained"
"MAGI3",0,50,"Retained"
"MAGT1",0,50,"Retained"
"MAIP1",0,50,"Retained"
"MAK16",0,50,"Retained"
"MALT1",0,50,"Retained"
"MAMDC2",0,50,"Retained"
"MAN1A1",0,50,"Retained"
"MAN1A2",0,50,"Retained"
"MAN1B1",0,50,"Retained"
"MAN2A1",0,50,"Retained"
"MAN2B1",0,50,"Retained"
"MAN2B2",0,50,"Retained"
"MAN2C1",0,50,"Retained"
"MANBA",0,50,"Retained"
"MANF",0,50,"Retained"
"MAOA",0,50,"Retained"
"MAOB",0,50,"Retained"
"MAP1A",0,50,"Retained"
"MAP1B",0,50,"Retained"
"MAP1LC3A",0,50,"Retained"
"MAP1S",0,50,"Retained"
"MAP2",0,50,"Retained"
"MAP2K1",0,50,"Retained"
"MAP2K2",0,50,"Retained"
"MAP2K3",0,50,"Retained"
"MAP2K4",0,50,"Retained"
"MAP2K6",0,50,"Retained"
"MAP2K7",0,50,"Retained"
"MAP3K20",0,50,"Retained"
"MAP3K4",0,50,"Retained"
"MAP3K5",0,50,"Retained"
"MAP3K6",0,50,"Retained"
"MAP3K7",0,50,"Retained"
"MAP4",0,50,"Retained"
"MAP4K4",0,50,"Retained"
"MAP4K5",0,50,"Retained"
"MAP6",0,50,"Retained"
"MAP7",0,50,"Retained"
"MAP7D1",0,50,"Retained"
"MAP7D3",0,50,"Retained"
"MAPK1",0,50,"Retained"
"MAPK13",0,50,"Retained"
"MAPK14",0,50,"Retained"
"MAPK1IP1L",0,50,"Retained"
"MAPK3",0,50,"Retained"
"MAPK7",0,50,"Retained"
"MAPK8",0,50,"Retained"
"MAPK9",0,50,"Retained"
"MAPKAP1",0,50,"Retained"
"MAPKAPK2",0,50,"Retained"
"MAPKAPK3",0,50,"Retained"
"MAPRE1",0,50,"Retained"
"MAPRE2",0,50,"Retained"
"MAPRE3",0,50,"Retained"
"MARCKS",0,50,"Retained"
"MARCKSL1",0,50,"Retained"
"MARF1",0,50,"Retained"
"MARK2",0,50,"Retained"
"MARK3",0,50,"Retained"
"MARS1",0,50,"Retained"
"MARS2",0,50,"Retained"
"MAST4",0,50,"Retained"
"MAT1A",0,50,"Retained"
"MAT2A",0,50,"Retained"
"MAT2B",0,50,"Retained"
"MATN2",0,50,"Retained"
"MATN3",0,50,"Retained"
"MAU2",0,50,"Retained"
"MAVS",0,50,"Retained"
"MAX",0,50,"Retained"
"MAZ",0,50,"Retained"
"MB21D2",0,50,"Retained"
"MBD1",0,50,"Retained"
"MBD2",0,50,"Retained"
"MBLAC2",0,50,"Retained"
"MBNL1",0,50,"Retained"
"MBNL2",0,50,"Retained"
"MBOAT7",0,50,"Retained"
"MBP",0,50,"Retained"
"MCAM",0,50,"Retained"
"MCAT",0,50,"Retained"
"MCC",0,50,"Retained"
"MCCC1",0,50,"Retained"
"MCCC2",0,50,"Retained"
"MCEE",0,50,"Retained"
"MCF2L",0,50,"Retained"
"MCFD2",0,50,"Retained"
"MCM2",0,50,"Retained"
"MCM3",0,50,"Retained"
"MCM3AP",0,50,"Retained"
"MCM4",0,50,"Retained"
"MCM5",0,50,"Retained"
"MCM6",0,50,"Retained"
"MCM7",0,50,"Retained"
"MCMBP",0,50,"Retained"
"MCRIP1",0,50,"Retained"
"MCTS1",0,50,"Retained"
"MCU",0,50,"Retained"
"MCUR1",0,50,"Retained"
"MDC1",0,50,"Retained"
"MDH1",0,50,"Retained"
"MDH2",0,50,"Retained"
"MDK",0,50,"Retained"
"MDN1",0,50,"Retained"
"ME1",0,50,"Retained"
"ME2",0,50,"Retained"
"ME3",0,50,"Retained"
"MEAK7",0,50,"Retained"
"MECP2",0,50,"Retained"
"MECR",0,50,"Retained"
"MED1",0,50,"Retained"
"MED10",0,50,"Retained"
"MED12",0,50,"Retained"
"MED14",0,50,"Retained"
"MED15",0,50,"Retained"
"MED16",0,50,"Retained"
"MED20",0,50,"Retained"
"MED21",0,50,"Retained"
"MED23",0,50,"Retained"
"MED29",0,50,"Retained"
"MED4",0,50,"Retained"
"MED8",0,50,"Retained"
"MEF2D",0,50,"Retained"
"MEGF6",0,50,"Retained"
"MELTF",0,50,"Retained"
"MEMO1",0,50,"Retained"
"MEN1",0,50,"Retained"
"MEPCE",0,50,"Retained"
"MESD",0,50,"Retained"
"MET",0,50,"Retained"
"METAP1",0,50,"Retained"
"METAP2",0,50,"Retained"
"METTL14",0,50,"Retained"
"METTL16",0,50,"Retained"
"METTL17",0,50,"Retained"
"METTL26",0,50,"Retained"
"METTL3",0,50,"Retained"
"METTL7A",0,50,"Retained"
"METTL7B",0,50,"Retained"
"MFAP1",0,50,"Retained"
"MFAP2",0,50,"Retained"
"MFAP4",0,50,"Retained"
"MFAP5",0,50,"Retained"
"MFF",0,50,"Retained"
"MFGE8",0,50,"Retained"
"MFN1",0,50,"Retained"
"MFN2",0,50,"Retained"
"MGA",0,50,"Retained"
"MGAT1",0,50,"Retained"
"MGAT2",0,50,"Retained"
"MGAT3",0,50,"Retained"
"MGAT5",0,50,"Retained"
"MGLL",0,50,"Retained"
"MGME1",0,50,"Retained"
"MGMT",0,50,"Retained"
"MGP",0,50,"Retained"
"MGST1",0,50,"Retained"
"MGST2",0,50,"Retained"
"MGST3",0,50,"Retained"
"MIA2",0,50,"Retained"
"MIA3",0,50,"Retained"
"MIB1",0,50,"Retained"
"MIB2",0,50,"Retained"
"MICAL1",0,50,"Retained"
"MICAL2",0,50,"Retained"
"MICAL3",0,50,"Retained"
"MICALL1",0,50,"Retained"
"MICALL2",0,50,"Retained"
"MICOS13",0,50,"Retained"
"MICU1",0,50,"Retained"
"MICU2",0,50,"Retained"
"MID1",0,50,"Retained"
"MIDEAS",0,50,"Retained"
"MIEF1",0,50,"Retained"
"MIEN1",0,50,"Retained"
"MIER1",0,50,"Retained"
"MIF",0,50,"Retained"
"MIF4GD",0,50,"Retained"
"MINDY1",0,50,"Retained"
"MINDY3",0,50,"Retained"
"MINK1",0,50,"Retained"
"MINPP1",0,50,"Retained"
"MIOS",0,50,"Retained"
"MIPEP",0,50,"Retained"
"MISP",0,50,"Retained"
"MISP3",0,50,"Retained"
"MKI67",0,50,"Retained"
"MKNK1",0,50,"Retained"
"MKRN1",0,50,"Retained"
"MKRN2",0,50,"Retained"
"MLEC",0,50,"Retained"
"MLH1",0,50,"Retained"
"MLKL",0,50,"Retained"
"MLLT1",0,50,"Retained"
"MLPH",0,50,"Retained"
"MLST8",0,50,"Retained"
"MLXIP",0,50,"Retained"
"MLYCD",0,50,"Retained"
"MMAA",0,50,"Retained"
"MMAB",0,50,"Retained"
"MME",0,50,"Retained"
"MMGT1",0,50,"Retained"
"MMP1",0,50,"Retained"
"MMP11",0,50,"Retained"
"MMP14",0,50,"Retained"
"MMP2",0,50,"Retained"
"MMP7",0,50,"Retained"
"MMP8",0,50,"Retained"
"MMP9",0,50,"Retained"
"MMRN1",0,50,"Retained"
"MMRN2",0,50,"Retained"
"MMS19",0,50,"Retained"
"MMUT",0,50,"Retained"
"MNAT1",0,50,"Retained"
"MNDA",0,50,"Retained"
"MOB2",0,50,"Retained"
"MOCS2",0,50,"Retained"
"MOCS3",0,50,"Retained"
"MOGS",0,50,"Retained"
"MON1B",0,50,"Retained"
"MON2",0,50,"Retained"
"MORC2",0,50,"Retained"
"MORC3",0,50,"Retained"
"MORF4L1",0,50,"Retained"
"MOSPD2",0,50,"Retained"
"MOV10",0,50,"Retained"
"MOXD1",0,50,"Retained"
"MPDU1",0,50,"Retained"
"MPDZ",0,50,"Retained"
"MPG",0,50,"Retained"
"MPHOSPH10",0,50,"Retained"
"MPHOSPH8",0,50,"Retained"
"MPI",0,50,"Retained"
"MPLKIP",0,50,"Retained"
"MPO",0,50,"Retained"
"MPP1",0,50,"Retained"
"MPP6",0,50,"Retained"
"MPP7",0,50,"Retained"
"MPRIP",0,50,"Retained"
"MPST",0,50,"Retained"
"MPZL1",0,50,"Retained"
"MRC1",0,50,"Retained"
"MRC2",0,50,"Retained"
"MRE11",0,50,"Retained"
"MRI1",0,50,"Retained"
"MRM3",0,50,"Retained"
"MRNIP",0,50,"Retained"
"MROH1",0,50,"Retained"
"MRPL1",0,50,"Retained"
"MRPL10",0,50,"Retained"
"MRPL11",0,50,"Retained"
"MRPL13",0,50,"Retained"
"MRPL14",0,50,"Retained"
"MRPL15",0,50,"Retained"
"MRPL16",0,50,"Retained"
"MRPL17",0,50,"Retained"
"MRPL19",0,50,"Retained"
"MRPL21",0,50,"Retained"
"MRPL22",0,50,"Retained"
"MRPL24",0,50,"Retained"
"MRPL27",0,50,"Retained"
"MRPL3",0,50,"Retained"
"MRPL32",0,50,"Retained"
"MRPL33",0,50,"Retained"
"MRPL37",0,50,"Retained"
"MRPL38",0,50,"Retained"
"MRPL39",0,50,"Retained"
"MRPL4",0,50,"Retained"
"MRPL40",0,50,"Retained"
"MRPL41",0,50,"Retained"
"MRPL43",0,50,"Retained"
"MRPL44",0,50,"Retained"
"MRPL45",0,50,"Retained"
"MRPL46",0,50,"Retained"
"MRPL47",0,50,"Retained"
"MRPL48",0,50,"Retained"
"MRPL49",0,50,"Retained"
"MRPL50",0,50,"Retained"
"MRPL52",0,50,"Retained"
"MRPL53",0,50,"Retained"
"MRPL54",0,50,"Retained"
"MRPL55",0,50,"Retained"
"MRPL58",0,50,"Retained"
"MRPL9",0,50,"Retained"
"MRPS10",0,50,"Retained"
"MRPS12",0,50,"Retained"
"MRPS15",0,50,"Retained"
"MRPS16",0,50,"Retained"
"MRPS18A",0,50,"Retained"
"MRPS18B",0,50,"Retained"
"MRPS22",0,50,"Retained"
"MRPS23",0,50,"Retained"
"MRPS25",0,50,"Retained"
"MRPS26",0,50,"Retained"
"MRPS27",0,50,"Retained"
"MRPS30",0,50,"Retained"
"MRPS31",0,50,"Retained"
"MRPS33",0,50,"Retained"
"MRPS34",0,50,"Retained"
"MRPS35",0,50,"Retained"
"MRPS36",0,50,"Retained"
"MRPS5",0,50,"Retained"
"MRPS6",0,50,"Retained"
"MRPS7",0,50,"Retained"
"MRPS9",0,50,"Retained"
"MRRF",0,50,"Retained"
"MRTFB",0,50,"Retained"
"MRTO4",0,50,"Retained"
"MRVI1",0,50,"Retained"
"MSH2",0,50,"Retained"
"MSH3",0,50,"Retained"
"MSH6",0,50,"Retained"
"MSI2",0,50,"Retained"
"MSL1",0,50,"Retained"
"MSLN",0,50,"Retained"
"MSN",0,50,"Retained"
"MSR1",0,50,"Retained"
"MSRA",0,50,"Retained"
"MSRB2",0,50,"Retained"
"MSRB3",0,50,"Retained"
"MST1",0,50,"Retained"
"MST1R",0,50,"Retained"
"MSTO1",0,50,"Retained"
"MT.ATP8",0,50,"Retained"
"MT.CO2",0,50,"Retained"
"MT.CO3",0,50,"Retained"
"MT.ND5",0,50,"Retained"
"MT2A",0,50,"Retained"
"MTA1",0,50,"Retained"
"MTA2",0,50,"Retained"
"MTA3",0,50,"Retained"
"MTAP",0,50,"Retained"
"MTARC2",0,50,"Retained"
"MTCH1",0,50,"Retained"
"MTCH2",0,50,"Retained"
"MTDH",0,50,"Retained"
"MTFR1",0,50,"Retained"
"MTFR1L",0,50,"Retained"
"MTHFD1",0,50,"Retained"
"MTHFD1L",0,50,"Retained"
"MTHFD2",0,50,"Retained"
"MTHFR",0,50,"Retained"
"MTHFSD",0,50,"Retained"
"MTIF2",0,50,"Retained"
"MTIF3",0,50,"Retained"
"MTM1",0,50,"Retained"
"MTMR1",0,50,"Retained"
"MTMR10",0,50,"Retained"
"MTMR12",0,50,"Retained"
"MTMR2",0,50,"Retained"
"MTMR6",0,50,"Retained"
"MTMR9",0,50,"Retained"
"MTOR",0,50,"Retained"
"MTPAP",0,50,"Retained"
"MTPN",0,50,"Retained"
"MTR",0,50,"Retained"
"MTREX",0,50,"Retained"
"MTTP",0,50,"Retained"
"MTUS1",0,50,"Retained"
"MTX1",0,50,"Retained"
"MTX2",0,50,"Retained"
"MTX3",0,50,"Retained"
"MUC1",0,50,"Retained"
"MUC13",0,50,"Retained"
"MUC5AC",0,50,"Retained"
"MUC5B",0,50,"Retained"
"MUC6",0,50,"Retained"
"MVB12A",0,50,"Retained"
"MVD",0,50,"Retained"
"MVK",0,50,"Retained"
"MVP",0,50,"Retained"
"MX1",0,50,"Retained"
"MX2",0,50,"Retained"
"MXRA5",0,50,"Retained"
"MXRA7",0,50,"Retained"
"MYADM",0,50,"Retained"
"MYBBP1A",0,50,"Retained"
"MYCBP2",0,50,"Retained"
"MYD88",0,50,"Retained"
"MYDGF",0,50,"Retained"
"MYEF2",0,50,"Retained"
"MYH10",0,50,"Retained"
"MYH11",0,50,"Retained"
"MYH14",0,50,"Retained"
"MYH9",0,50,"Retained"
"MYL6",0,50,"Retained"
"MYL6B",0,50,"Retained"
"MYL9",0,50,"Retained"
"MYLK",0,50,"Retained"
"MYO10",0,50,"Retained"
"MYO18A",0,50,"Retained"
"MYO1A",0,50,"Retained"
"MYO1B",0,50,"Retained"
"MYO1C",0,50,"Retained"
"MYO1D",0,50,"Retained"
"MYO1E",0,50,"Retained"
"MYO1F",0,50,"Retained"
"MYO1G",0,50,"Retained"
"MYO5A",0,50,"Retained"
"MYO5B",0,50,"Retained"
"MYO5C",0,50,"Retained"
"MYO6",0,50,"Retained"
"MYO7B",0,50,"Retained"
"MYO9B",0,50,"Retained"
"MYOF",0,50,"Retained"
"MZB1",0,50,"Retained"
"N4BP1",0,50,"Retained"
"N4BP2",0,50,"Retained"
"NAA10",0,50,"Retained"
"NAA15",0,50,"Retained"
"NAA16",0,50,"Retained"
"NAA25",0,50,"Retained"
"NAA30",0,50,"Retained"
"NAA35",0,50,"Retained"
"NAA50",0,50,"Retained"
"NAAA",0,50,"Retained"
"NAB2",0,50,"Retained"
"NACA",0,50,"Retained"
"NADK2",0,50,"Retained"
"NADSYN1",0,50,"Retained"
"NAE1",0,50,"Retained"
"NAGA",0,50,"Retained"
"NAGK",0,50,"Retained"
"NAGLU",0,50,"Retained"
"NAIP",0,50,"Retained"
"NAMPT",0,50,"Retained"
"NANS",0,50,"Retained"
"NAP1L1",0,50,"Retained"
"NAP1L4",0,50,"Retained"
"NAPA",0,50,"Retained"
"NAPG",0,50,"Retained"
"NAPRT",0,50,"Retained"
"NARS1",0,50,"Retained"
"NARS2",0,50,"Retained"
"NASP",0,50,"Retained"
"NAT1",0,50,"Retained"
"NAT10",0,50,"Retained"
"NAV1",0,50,"Retained"
"NAXD",0,50,"Retained"
"NAXE",0,50,"Retained"
"NBAS",0,50,"Retained"
"NBDY",0,50,"Retained"
"NBEA",0,50,"Retained"
"NBEAL1",0,50,"Retained"
"NBEAL2",0,50,"Retained"
"NBN",0,50,"Retained"
"NCAM1",0,50,"Retained"
"NCAPH",0,50,"Retained"
"NCBP1",0,50,"Retained"
"NCBP2",0,50,"Retained"
"NCBP3",0,50,"Retained"
"NCDN",0,50,"Retained"
"NCEH1",0,50,"Retained"
"NCF1",0,50,"Retained"
"NCF2",0,50,"Retained"
"NCF4",0,50,"Retained"
"NCK1",0,50,"Retained"
"NCK2",0,50,"Retained"
"NCKAP1",0,50,"Retained"
"NCKAP1L",0,50,"Retained"
"NCKIPSD",0,50,"Retained"
"NCL",0,50,"Retained"
"NCLN",0,50,"Retained"
"NCOA2",0,50,"Retained"
"NCOA5",0,50,"Retained"
"NCOA6",0,50,"Retained"
"NCOA7",0,50,"Retained"
"NCOR1",0,50,"Retained"
"NCOR2",0,50,"Retained"
"NCSTN",0,50,"Retained"
"NDC1",0,50,"Retained"
"NDE1",0,50,"Retained"
"NDRG1",0,50,"Retained"
"NDRG2",0,50,"Retained"
"NDRG3",0,50,"Retained"
"NDUFA10",0,50,"Retained"
"NDUFA12",0,50,"Retained"
"NDUFA2",0,50,"Retained"
"NDUFA3",0,50,"Retained"
"NDUFA4",0,50,"Retained"
"NDUFA5",0,50,"Retained"
"NDUFA6",0,50,"Retained"
"NDUFA8",0,50,"Retained"
"NDUFA9",0,50,"Retained"
"NDUFAB1",0,50,"Retained"
"NDUFAF1",0,50,"Retained"
"NDUFAF2",0,50,"Retained"
"NDUFAF3",0,50,"Retained"
"NDUFAF4",0,50,"Retained"
"NDUFAF5",0,50,"Retained"
"NDUFAF7",0,50,"Retained"
"NDUFB10",0,50,"Retained"
"NDUFB11",0,50,"Retained"
"NDUFB3",0,50,"Retained"
"NDUFB4",0,50,"Retained"
"NDUFB5",0,50,"Retained"
"NDUFB6",0,50,"Retained"
"NDUFB7",0,50,"Retained"
"NDUFB8",0,50,"Retained"
"NDUFB9",0,50,"Retained"
"NDUFC2",0,50,"Retained"
"NDUFS1",0,50,"Retained"
"NDUFS2",0,50,"Retained"
"NDUFS3",0,50,"Retained"
"NDUFS4",0,50,"Retained"
"NDUFS5",0,50,"Retained"
"NDUFS6",0,50,"Retained"
"NDUFS7",0,50,"Retained"
"NDUFS8",0,50,"Retained"
"NDUFV1",0,50,"Retained"
"NDUFV2",0,50,"Retained"
"NDUFV3",0,50,"Retained"
"NEB",0,50,"Retained"
"NEBL",0,50,"Retained"
"NECAP1",0,50,"Retained"
"NECAP2",0,50,"Retained"
"NECTIN2",0,50,"Retained"
"NEDD1",0,50,"Retained"
"NEDD4",0,50,"Retained"
"NEDD4L",0,50,"Retained"
"NEFL",0,50,"Retained"
"NEGR1",0,50,"Retained"
"NEK1",0,50,"Retained"
"NEK6",0,50,"Retained"
"NEK7",0,50,"Retained"
"NEK9",0,50,"Retained"
"NELFA",0,50,"Retained"
"NELFB",0,50,"Retained"
"NELFCD",0,50,"Retained"
"NELFE",0,50,"Retained"
"NEMF",0,50,"Retained"
"NENF",0,50,"Retained"
"NEO1",0,50,"Retained"
"NEPRO",0,50,"Retained"
"NES",0,50,"Retained"
"NEU1",0,50,"Retained"
"NEXN",0,50,"Retained"
"NF1",0,50,"Retained"
"NF2",0,50,"Retained"
"NFAT5",0,50,"Retained"
"NFATC1",0,50,"Retained"
"NFATC2",0,50,"Retained"
"NFATC2IP",0,50,"Retained"
"NFATC4",0,50,"Retained"
"NFIA",0,50,"Retained"
"NFIB",0,50,"Retained"
"NFIC",0,50,"Retained"
"NFIX",0,50,"Retained"
"NFKB1",0,50,"Retained"
"NFKB2",0,50,"Retained"
"NFKBIE",0,50,"Retained"
"NFS1",0,50,"Retained"
"NFU1",0,50,"Retained"
"NFX1",0,50,"Retained"
"NFXL1",0,50,"Retained"
"NFYC",0,50,"Retained"
"NGDN",0,50,"Retained"
"NGEF",0,50,"Retained"
"NGLY1",0,50,"Retained"
"NHEJ1",0,50,"Retained"
"NHLRC2",0,50,"Retained"
"NHLRC3",0,50,"Retained"
"NHP2",0,50,"Retained"
"NHSL2",0,50,"Retained"
"NIBAN1",0,50,"Retained"
"NIBAN2",0,50,"Retained"
"NID1",0,50,"Retained"
"NID2",0,50,"Retained"
"NIF3L1",0,50,"Retained"
"NIFK",0,50,"Retained"
"NIP7",0,50,"Retained"
"NIPBL",0,50,"Retained"
"NIPSNAP1",0,50,"Retained"
"NIPSNAP2",0,50,"Retained"
"NIPSNAP3A",0,50,"Retained"
"NISCH",0,50,"Retained"
"NIT1",0,50,"Retained"
"NIT2",0,50,"Retained"
"NKIRAS2",0,50,"Retained"
"NKRF",0,50,"Retained"
"NLE1",0,50,"Retained"
"NLN",0,50,"Retained"
"NLRX1",0,50,"Retained"
"NMD3",0,50,"Retained"
"NME1",0,50,"Retained"
"NME3",0,50,"Retained"
"NMI",0,50,"Retained"
"NMNAT1",0,50,"Retained"
"NMNAT3",0,50,"Retained"
"NMRAL1",0,50,"Retained"
"NMRK1",0,50,"Retained"
"NMT1",0,50,"Retained"
"NMT2",0,50,"Retained"
"NNMT",0,50,"Retained"
"NNT",0,50,"Retained"
"NOB1",0,50,"Retained"
"NOC2L",0,50,"Retained"
"NOC3L",0,50,"Retained"
"NOC4L",0,50,"Retained"
"NOL10",0,50,"Retained"
"NOL11",0,50,"Retained"
"NOL3",0,50,"Retained"
"NOL6",0,50,"Retained"
"NOL7",0,50,"Retained"
"NOL8",0,50,"Retained"
"NOL9",0,50,"Retained"
"NOLC1",0,50,"Retained"
"NONO",0,50,"Retained"
"NOP10",0,50,"Retained"
"NOP14",0,50,"Retained"
"NOP16",0,50,"Retained"
"NOP2",0,50,"Retained"
"NOP56",0,50,"Retained"
"NOP58",0,50,"Retained"
"NOP9",0,50,"Retained"
"NOSIP",0,50,"Retained"
"NOSTRIN",0,50,"Retained"
"NOTCH2",0,50,"Retained"
"NOTCH3",0,50,"Retained"
"NPC1",0,50,"Retained"
"NPC2",0,50,"Retained"
"NPEPL1",0,50,"Retained"
"NPEPPS",0,50,"Retained"
"NPL",0,50,"Retained"
"NPLOC4",0,50,"Retained"
"NPM1",0,50,"Retained"
"NPM3",0,50,"Retained"
"NPNT",0,50,"Retained"
"NPTN",0,50,"Retained"
"NR2C2",0,50,"Retained"
"NR2C2AP",0,50,"Retained"
"NR2F6",0,50,"Retained"
"NR3C1",0,50,"Retained"
"NRAS",0,50,"Retained"
"NRBF2",0,50,"Retained"
"NRBP1",0,50,"Retained"
"NRCAM",0,50,"Retained"
"NRDC",0,50,"Retained"
"NRP1",0,50,"Retained"
"NRP2",0,50,"Retained"
"NSA2",0,50,"Retained"
"NSDHL",0,50,"Retained"
"NSF",0,50,"Retained"
"NSFL1C",0,50,"Retained"
"NSMAF",0,50,"Retained"
"NSMCE3",0,50,"Retained"
"NSRP1",0,50,"Retained"
"NSUN2",0,50,"Retained"
"NT5C",0,50,"Retained"
"NT5C2",0,50,"Retained"
"NT5C3A",0,50,"Retained"
"NT5C3B",0,50,"Retained"
"NT5DC1",0,50,"Retained"
"NT5DC3",0,50,"Retained"
"NT5E",0,50,"Retained"
"NTAN1",0,50,"Retained"
"NTHL1",0,50,"Retained"
"NTMT1",0,50,"Retained"
"NTPCR",0,50,"Retained"
"NUB1",0,50,"Retained"
"NUBP1",0,50,"Retained"
"NUBP2",0,50,"Retained"
"NUBPL",0,50,"Retained"
"NUCB1",0,50,"Retained"
"NUCB2",0,50,"Retained"
"NUCKS1",0,50,"Retained"
"NUDC",0,50,"Retained"
"NUDCD1",0,50,"Retained"
"NUDCD2",0,50,"Retained"
"NUDCD3",0,50,"Retained"
"NUDT1",0,50,"Retained"
"NUDT12",0,50,"Retained"
"NUDT15",0,50,"Retained"
"NUDT16",0,50,"Retained"
"NUDT19",0,50,"Retained"
"NUDT2",0,50,"Retained"
"NUDT21",0,50,"Retained"
"NUDT4",0,50,"Retained"
"NUDT5",0,50,"Retained"
"NUDT9",0,50,"Retained"
"NUFIP2",0,50,"Retained"
"NUMA1",0,50,"Retained"
"NUMB",0,50,"Retained"
"NUMBL",0,50,"Retained"
"NUP107",0,50,"Retained"
"NUP133",0,50,"Retained"
"NUP153",0,50,"Retained"
"NUP155",0,50,"Retained"
"NUP160",0,50,"Retained"
"NUP188",0,50,"Retained"
"NUP205",0,50,"Retained"
"NUP210",0,50,"Retained"
"NUP214",0,50,"Retained"
"NUP35",0,50,"Retained"
"NUP37",0,50,"Retained"
"NUP42",0,50,"Retained"
"NUP43",0,50,"Retained"
"NUP50",0,50,"Retained"
"NUP54",0,50,"Retained"
"NUP58",0,50,"Retained"
"NUP62",0,50,"Retained"
"NUP85",0,50,"Retained"
"NUP88",0,50,"Retained"
"NUP93",0,50,"Retained"
"NUP98",0,50,"Retained"
"NUTF2",0,50,"Retained"
"NVL",0,50,"Retained"
"NXF1",0,50,"Retained"
"NXN",0,50,"Retained"
"OARD1",0,50,"Retained"
"OAS1",0,50,"Retained"
"OAS2",0,50,"Retained"
"OAS3",0,50,"Retained"
"OASL",0,50,"Retained"
"OAT",0,50,"Retained"
"OBSL1",0,50,"Retained"
"OCIAD1",0,50,"Retained"
"OCIAD2",0,50,"Retained"
"OCLN",0,50,"Retained"
"OCRL",0,50,"Retained"
"ODF2",0,50,"Retained"
"ODR4",0,50,"Retained"
"OGA",0,50,"Retained"
"OGDH",0,50,"Retained"
"OGFR",0,50,"Retained"
"OGN",0,50,"Retained"
"OGT",0,50,"Retained"
"OLA1",0,50,"Retained"
"OLFM4",0,50,"Retained"
"OLFML1",0,50,"Retained"
"OLFML3",0,50,"Retained"
"OMA1",0,50,"Retained"
"OMD",0,50,"Retained"
"OPA1",0,50,"Retained"
"OPHN1",0,50,"Retained"
"OPLAH",0,50,"Retained"
"OPTN",0,50,"Retained"
"ORC2",0,50,"Retained"
"ORC3",0,50,"Retained"
"ORC4",0,50,"Retained"
"ORC5",0,50,"Retained"
"ORM1",0,50,"Retained"
"ORM2",0,50,"Retained"
"OS9",0,50,"Retained"
"OSBP",0,50,"Retained"
"OSBPL10",0,50,"Retained"
"OSBPL11",0,50,"Retained"
"OSBPL1A",0,50,"Retained"
"OSBPL2",0,50,"Retained"
"OSBPL3",0,50,"Retained"
"OSBPL8",0,50,"Retained"
"OSBPL9",0,50,"Retained"
"OSGEP",0,50,"Retained"
"OSTF1",0,50,"Retained"
"OTC",0,50,"Retained"
"OTUB1",0,50,"Retained"
"OTUD4",0,50,"Retained"
"OTUD6B",0,50,"Retained"
"OTUD7B",0,50,"Retained"
"OTULIN",0,50,"Retained"
"OVCA2",0,50,"Retained"
"OXA1L",0,50,"Retained"
"OXCT1",0,50,"Retained"
"OXNAD1",0,50,"Retained"
"OXR1",0,50,"Retained"
"OXSM",0,50,"Retained"
"OXSR1",0,50,"Retained"
"P2RX4",0,50,"Retained"
"P3H1",0,50,"Retained"
"P3H3",0,50,"Retained"
"P3H4",0,50,"Retained"
"P4HA1",0,50,"Retained"
"P4HA2",0,50,"Retained"
"P4HB",0,50,"Retained"
"PA2G4",0,50,"Retained"
"PAAF1",0,50,"Retained"
"PABPC1",0,50,"Retained"
"PABPC1L",0,50,"Retained"
"PABPC4",0,50,"Retained"
"PABPC4L",0,50,"Retained"
"PACS1",0,50,"Retained"
"PACS2",0,50,"Retained"
"PACSIN2",0,50,"Retained"
"PACSIN3",0,50,"Retained"
"PADI1",0,50,"Retained"
"PADI2",0,50,"Retained"
"PADI4",0,50,"Retained"
"PAF1",0,50,"Retained"
"PAFAH1B1",0,50,"Retained"
"PAFAH1B2",0,50,"Retained"
"PAFAH1B3",0,50,"Retained"
"PAFAH2",0,50,"Retained"
"PAICS",0,50,"Retained"
"PAIP1",0,50,"Retained"
"PAIP2",0,50,"Retained"
"PAIP2B",0,50,"Retained"
"PAK1",0,50,"Retained"
"PAK1IP1",0,50,"Retained"
"PAK2",0,50,"Retained"
"PAK4",0,50,"Retained"
"PALD1",0,50,"Retained"
"PALLD",0,50,"Retained"
"PALM",0,50,"Retained"
"PALM2AKAP2",0,50,"Retained"
"PALMD",0,50,"Retained"
"PAM",0,50,"Retained"
"PAN2",0,50,"Retained"
"PANK4",0,50,"Retained"
"PAPLN",0,50,"Retained"
"PAPOLA",0,50,"Retained"
"PAPPA",0,50,"Retained"
"PAPSS1",0,50,"Retained"
"PAPSS2",0,50,"Retained"
"PARD3",0,50,"Retained"
"PARD3B",0,50,"Retained"
"PARD6B",0,50,"Retained"
"PARK7",0,50,"Retained"
"PARN",0,50,"Retained"
"PARP1",0,50,"Retained"
"PARP10",0,50,"Retained"
"PARP12",0,50,"Retained"
"PARP14",0,50,"Retained"
"PARP2",0,50,"Retained"
"PARP4",0,50,"Retained"
"PARP9",0,50,"Retained"
"PARS2",0,50,"Retained"
"PARVA",0,50,"Retained"
"PARVB",0,50,"Retained"
"PARVG",0,50,"Retained"
"PATJ",0,50,"Retained"
"PATL1",0,50,"Retained"
"PAWR",0,50,"Retained"
"PAXBP1",0,50,"Retained"
"PAXX",0,50,"Retained"
"PBDC1",0,50,"Retained"
"PBLD",0,50,"Retained"
"PBRM1",0,50,"Retained"
"PBXIP1",0,50,"Retained"
"PC",0,50,"Retained"
"PCBD1",0,50,"Retained"
"PCBP1",0,50,"Retained"
"PCBP2",0,50,"Retained"
"PCCA",0,50,"Retained"
"PCCB",0,50,"Retained"
"PCDH1",0,50,"Retained"
"PCF11",0,50,"Retained"
"PCID2",0,50,"Retained"
"PCIF1",0,50,"Retained"
"PCK2",0,50,"Retained"
"PCM1",0,50,"Retained"
"PCMT1",0,50,"Retained"
"PCMTD1",0,50,"Retained"
"PCNA",0,50,"Retained"
"PCNP",0,50,"Retained"
"PCNT",0,50,"Retained"
"PCOLCE",0,50,"Retained"
"PCSK1",0,50,"Retained"
"PCSK1N",0,50,"Retained"
"PCSK2",0,50,"Retained"
"PCTP",0,50,"Retained"
"PCYOX1",0,50,"Retained"
"PCYOX1L",0,50,"Retained"
"PCYT1A",0,50,"Retained"
"PCYT2",0,50,"Retained"
"PDAP1",0,50,"Retained"
"PDCD10",0,50,"Retained"
"PDCD11",0,50,"Retained"
"PDCD4",0,50,"Retained"
"PDCD5",0,50,"Retained"
"PDCD6",0,50,"Retained"
"PDCD6IP",0,50,"Retained"
"PDCL3",0,50,"Retained"
"PDE12",0,50,"Retained"
"PDE3A",0,50,"Retained"
"PDE4D",0,50,"Retained"
"PDE4DIP",0,50,"Retained"
"PDE5A",0,50,"Retained"
"PDE6D",0,50,"Retained"
"PDGFRB",0,50,"Retained"
"PDGFRL",0,50,"Retained"
"PDHA1",0,50,"Retained"
"PDHB",0,50,"Retained"
"PDHX",0,50,"Retained"
"PDIA2",0,50,"Retained"
"PDIA3",0,50,"Retained"
"PDIA4",0,50,"Retained"
"PDIA5",0,50,"Retained"
"PDIA6",0,50,"Retained"
"PDK1",0,50,"Retained"
"PDK2",0,50,"Retained"
"PDK3",0,50,"Retained"
"PDLIM1",0,50,"Retained"
"PDLIM2",0,50,"Retained"
"PDLIM3",0,50,"Retained"
"PDLIM4",0,50,"Retained"
"PDLIM5",0,50,"Retained"
"PDLIM7",0,50,"Retained"
"PDP1",0,50,"Retained"
"PDPK1",0,50,"Retained"
"PDPR",0,50,"Retained"
"PDRG1",0,50,"Retained"
"PDS5A",0,50,"Retained"
"PDS5B",0,50,"Retained"
"PDXDC1",0,50,"Retained"
"PDXK",0,50,"Retained"
"PDXP",0,50,"Retained"
"PDZD11",0,50,"Retained"
"PDZD8",0,50,"Retained"
"PDZK1",0,50,"Retained"
"PEA15",0,50,"Retained"
"PEAK1",0,50,"Retained"
"PEBP1",0,50,"Retained"
"PECAM1",0,50,"Retained"
"PECR",0,50,"Retained"
"PEF1",0,50,"Retained"
"PELO",0,50,"Retained"
"PELP1",0,50,"Retained"
"PEPD",0,50,"Retained"
"PES1",0,50,"Retained"
"PEX1",0,50,"Retained"
"PEX11B",0,50,"Retained"
"PEX14",0,50,"Retained"
"PEX19",0,50,"Retained"
"PEX3",0,50,"Retained"
"PEX5",0,50,"Retained"
"PF4",0,50,"Retained"
"PFAS",0,50,"Retained"
"PFDN1",0,50,"Retained"
"PFDN2",0,50,"Retained"
"PFDN4",0,50,"Retained"
"PFDN5",0,50,"Retained"
"PFDN6",0,50,"Retained"
"PFKFB2",0,50,"Retained"
"PFKFB3",0,50,"Retained"
"PFKL",0,50,"Retained"
"PFKM",0,50,"Retained"
"PFKP",0,50,"Retained"
"PFN1",0,50,"Retained"
"PFN2",0,50,"Retained"
"PGAM1",0,50,"Retained"
"PGAM5",0,50,"Retained"
"PGC",0,50,"Retained"
"PGD",0,50,"Retained"
"PGGT1B",0,50,"Retained"
"PGK1",0,50,"Retained"
"PGK2",0,50,"Retained"
"PGLS",0,50,"Retained"
"PGLYRP2",0,50,"Retained"
"PGM1",0,50,"Retained"
"PGM2",0,50,"Retained"
"PGM2L1",0,50,"Retained"
"PGM3",0,50,"Retained"
"PGM5",0,50,"Retained"
"PGP",0,50,"Retained"
"PGPEP1",0,50,"Retained"
"PGRMC1",0,50,"Retained"
"PGRMC2",0,50,"Retained"
"PHACTR2",0,50,"Retained"
"PHACTR4",0,50,"Retained"
"PHB",0,50,"Retained"
"PHB2",0,50,"Retained"
"PHC2",0,50,"Retained"
"PHC3",0,50,"Retained"
"PHF14",0,50,"Retained"
"PHF2",0,50,"Retained"
"PHF23",0,50,"Retained"
"PHF3",0,50,"Retained"
"PHF5A",0,50,"Retained"
"PHF6",0,50,"Retained"
"PHF8",0,50,"Retained"
"PHGDH",0,50,"Retained"
"PHIP",0,50,"Retained"
"PHKA2",0,50,"Retained"
"PHKB",0,50,"Retained"
"PHKG2",0,50,"Retained"
"PHLDA1",0,50,"Retained"
"PHLDB1",0,50,"Retained"
"PHLDB2",0,50,"Retained"
"PHPT1",0,50,"Retained"
"PHYH",0,50,"Retained"
"PHYHD1",0,50,"Retained"
"PHYHIPL",0,50,"Retained"
"PHYKPL",0,50,"Retained"
"PI4KA",0,50,"Retained"
"PI4KB",0,50,"Retained"
"PICALM",0,50,"Retained"
"PICK1",0,50,"Retained"
"PID1",0,50,"Retained"
"PIGK",0,50,"Retained"
"PIGO",0,50,"Retained"
"PIGR",0,50,"Retained"
"PIGS",0,50,"Retained"
"PIGT",0,50,"Retained"
"PIH1D1",0,50,"Retained"
"PIK3AP1",0,50,"Retained"
"PIK3C2A",0,50,"Retained"
"PIK3C2B",0,50,"Retained"
"PIK3C3",0,50,"Retained"
"PIK3CA",0,50,"Retained"
"PIK3CB",0,50,"Retained"
"PIK3CD",0,50,"Retained"
"PIK3CG",0,50,"Retained"
"PIK3R1",0,50,"Retained"
"PIK3R4",0,50,"Retained"
"PIKFYVE",0,50,"Retained"
"PIN1",0,50,"Retained"
"PIN4",0,50,"Retained"
"PIP4K2A",0,50,"Retained"
"PIP4K2B",0,50,"Retained"
"PIP4K2C",0,50,"Retained"
"PIP4P1",0,50,"Retained"
"PIP5K1C",0,50,"Retained"
"PIR",0,50,"Retained"
"PISD",0,50,"Retained"
"PITHD1",0,50,"Retained"
"PITPNA",0,50,"Retained"
"PITPNB",0,50,"Retained"
"PITPNC1",0,50,"Retained"
"PITPNM1",0,50,"Retained"
"PITRM1",0,50,"Retained"
"PKD2",0,50,"Retained"
"PKM",0,50,"Retained"
"PKN1",0,50,"Retained"
"PKN2",0,50,"Retained"
"PKP2",0,50,"Retained"
"PKP3",0,50,"Retained"
"PKP4",0,50,"Retained"
"PLA2G15",0,50,"Retained"
"PLA2G1B",0,50,"Retained"
"PLA2G2A",0,50,"Retained"
"PLA2G4A",0,50,"Retained"
"PLAA",0,50,"Retained"
"PLAC9",0,50,"Retained"
"PLAT",0,50,"Retained"
"PLAU",0,50,"Retained"
"PLAUR",0,50,"Retained"
"PLBD1",0,50,"Retained"
"PLBD2",0,50,"Retained"
"PLCB1",0,50,"Retained"
"PLCB2",0,50,"Retained"
"PLCB3",0,50,"Retained"
"PLCB4",0,50,"Retained"
"PLCD1",0,50,"Retained"
"PLCG1",0,50,"Retained"
"PLCG2",0,50,"Retained"
"PLCH1",0,50,"Retained"
"PLCL2",0,50,"Retained"
"PLD1",0,50,"Retained"
"PLD3",0,50,"Retained"
"PLEC",0,50,"Retained"
"PLEK",0,50,"Retained"
"PLEK2",0,50,"Retained"
"PLEKHA1",0,50,"Retained"
"PLEKHA2",0,50,"Retained"
"PLEKHA5",0,50,"Retained"
"PLEKHA6",0,50,"Retained"
"PLEKHA7",0,50,"Retained"
"PLEKHF1",0,50,"Retained"
"PLEKHF2",0,50,"Retained"
"PLEKHG1",0,50,"Retained"
"PLEKHG3",0,50,"Retained"
"PLEKHM2",0,50,"Retained"
"PLEKHO1",0,50,"Retained"
"PLEKHO2",0,50,"Retained"
"PLEKHS1",0,50,"Retained"
"PLG",0,50,"Retained"
"PLGRKT",0,50,"Retained"
"PLIN1",0,50,"Retained"
"PLIN2",0,50,"Retained"
"PLIN3",0,50,"Retained"
"PLIN4",0,50,"Retained"
"PLOD1",0,50,"Retained"
"PLOD2",0,50,"Retained"
"PLOD3",0,50,"Retained"
"PLPBP",0,50,"Retained"
"PLPP3",0,50,"Retained"
"PLRG1",0,50,"Retained"
"PLS1",0,50,"Retained"
"PLS3",0,50,"Retained"
"PLSCR1",0,50,"Retained"
"PLTP",0,50,"Retained"
"PLVAP",0,50,"Retained"
"PLXDC2",0,50,"Retained"
"PLXNA2",0,50,"Retained"
"PLXNB2",0,50,"Retained"
"PLXNC1",0,50,"Retained"
"PLXND1",0,50,"Retained"
"PM20D2",0,50,"Retained"
"PML",0,50,"Retained"
"PMM1",0,50,"Retained"
"PMM2",0,50,"Retained"
"PMPCA",0,50,"Retained"
"PMPCB",0,50,"Retained"
"PMS2",0,50,"Retained"
"PMVK",0,50,"Retained"
"PNISR",0,50,"Retained"
"PNKD",0,50,"Retained"
"PNKP",0,50,"Retained"
"PNLIP",0,50,"Retained"
"PNLIPRP1",0,50,"Retained"
"PNLIPRP2",0,50,"Retained"
"PNN",0,50,"Retained"
"PNP",0,50,"Retained"
"PNPLA6",0,50,"Retained"
"PNPLA8",0,50,"Retained"
"PNPO",0,50,"Retained"
"PNPT1",0,50,"Retained"
"PODN",0,50,"Retained"
"PODXL",0,50,"Retained"
"POF1B",0,50,"Retained"
"POFUT1",0,50,"Retained"
"POFUT2",0,50,"Retained"
"POGLUT1",0,50,"Retained"
"POGLUT2",0,50,"Retained"
"POGLUT3",0,50,"Retained"
"POGZ",0,50,"Retained"
"POLB",0,50,"Retained"
"POLD1",0,50,"Retained"
"POLD2",0,50,"Retained"
"POLD3",0,50,"Retained"
"POLDIP2",0,50,"Retained"
"POLDIP3",0,50,"Retained"
"POLE4",0,50,"Retained"
"POLR1A",0,50,"Retained"
"POLR1B",0,50,"Retained"
"POLR1C",0,50,"Retained"
"POLR1D",0,50,"Retained"
"POLR1E",0,50,"Retained"
"POLR2A",0,50,"Retained"
"POLR2B",0,50,"Retained"
"POLR2C",0,50,"Retained"
"POLR2D",0,50,"Retained"
"POLR2E",0,50,"Retained"
"POLR2G",0,50,"Retained"
"POLR2H",0,50,"Retained"
"POLR2I",0,50,"Retained"
"POLR2M",0,50,"Retained"
"POLR3A",0,50,"Retained"
"POLR3B",0,50,"Retained"
"POLR3C",0,50,"Retained"
"POLR3D",0,50,"Retained"
"POLR3E",0,50,"Retained"
"POLR3F",0,50,"Retained"
"POMP",0,50,"Retained"
"PON1",0,50,"Retained"
"PON2",0,50,"Retained"
"POP1",0,50,"Retained"
"POR",0,50,"Retained"
"POSTN",0,50,"Retained"
"POTEF",0,50,"Retained"
"POTEI",0,50,"Retained"
"POTEJ",0,50,"Retained"
"POU2F1",0,50,"Retained"
"PPA1",0,50,"Retained"
"PPA2",0,50,"Retained"
"PPAT",0,50,"Retained"
"PPBP",0,50,"Retained"
"PPCDC",0,50,"Retained"
"PPCS",0,50,"Retained"
"PPFIA1",0,50,"Retained"
"PPFIBP1",0,50,"Retained"
"PPFIBP2",0,50,"Retained"
"PPHLN1",0,50,"Retained"
"PPIB",0,50,"Retained"
"PPIC",0,50,"Retained"
"PPID",0,50,"Retained"
"PPIE",0,50,"Retained"
"PPIF",0,50,"Retained"
"PPIG",0,50,"Retained"
"PPIH",0,50,"Retained"
"PPIL1",0,50,"Retained"
"PPIL2",0,50,"Retained"
"PPIL3",0,50,"Retained"
"PPIL4",0,50,"Retained"
"PPIP5K1",0,50,"Retained"
"PPIP5K2",0,50,"Retained"
"PPL",0,50,"Retained"
"PPM1A",0,50,"Retained"
"PPM1F",0,50,"Retained"
"PPM1G",0,50,"Retained"
"PPM1H",0,50,"Retained"
"PPME1",0,50,"Retained"
"PPOX",0,50,"Retained"
"PPP1CA",0,50,"Retained"
"PPP1CB",0,50,"Retained"
"PPP1CC",0,50,"Retained"
"PPP1R10",0,50,"Retained"
"PPP1R11",0,50,"Retained"
"PPP1R12A",0,50,"Retained"
"PPP1R12B",0,50,"Retained"
"PPP1R12C",0,50,"Retained"
"PPP1R13L",0,50,"Retained"
"PPP1R14A",0,50,"Retained"
"PPP1R18",0,50,"Retained"
"PPP1R1B",0,50,"Retained"
"PPP1R2",0,50,"Retained"
"PPP1R21",0,50,"Retained"
"PPP1R3D",0,50,"Retained"
"PPP1R7",0,50,"Retained"
"PPP1R8",0,50,"Retained"
"PPP1R9A",0,50,"Retained"
"PPP1R9B",0,50,"Retained"
"PPP2CB",0,50,"Retained"
"PPP2R1A",0,50,"Retained"
"PPP2R1B",0,50,"Retained"
"PPP2R2A",0,50,"Retained"
"PPP2R2D",0,50,"Retained"
"PPP2R5A",0,50,"Retained"
"PPP2R5C",0,50,"Retained"
"PPP2R5D",0,50,"Retained"
"PPP2R5E",0,50,"Retained"
"PPP3CA",0,50,"Retained"
"PPP3CB",0,50,"Retained"
"PPP4C",0,50,"Retained"
"PPP4R1",0,50,"Retained"
"PPP4R2",0,50,"Retained"
"PPP4R3A",0,50,"Retained"
"PPP5C",0,50,"Retained"
"PPP6C",0,50,"Retained"
"PPP6R1",0,50,"Retained"
"PPP6R2",0,50,"Retained"
"PPP6R3",0,50,"Retained"
"PPT1",0,50,"Retained"
"PPWD1",0,50,"Retained"
"PPY",0,50,"Retained"
"PQBP1",0,50,"Retained"
"PRAF2",0,50,"Retained"
"PRAG1",0,50,"Retained"
"PRAM1",0,50,"Retained"
"PRCC",0,50,"Retained"
"PRCP",0,50,"Retained"
"PRDX2",0,50,"Retained"
"PRDX3",0,50,"Retained"
"PRDX4",0,50,"Retained"
"PRDX5",0,50,"Retained"
"PRDX6",0,50,"Retained"
"PREB",0,50,"Retained"
"PRELP",0,50,"Retained"
"PREP",0,50,"Retained"
"PREPL",0,50,"Retained"
"PREX1",0,50,"Retained"
"PRG4",0,50,"Retained"
"PRKAA1",0,50,"Retained"
"PRKAB1",0,50,"Retained"
"PRKAB2",0,50,"Retained"
"PRKACA",0,50,"Retained"
"PRKACB",0,50,"Retained"
"PRKAG1",0,50,"Retained"
"PRKAR1A",0,50,"Retained"
"PRKAR1B",0,50,"Retained"
"PRKAR2A",0,50,"Retained"
"PRKAR2B",0,50,"Retained"
"PRKCA",0,50,"Retained"
"PRKCB",0,50,"Retained"
"PRKCD",0,50,"Retained"
"PRKCE",0,50,"Retained"
"PRKCI",0,50,"Retained"
"PRKCSH",0,50,"Retained"
"PRKCZ",0,50,"Retained"
"PRKD2",0,50,"Retained"
"PRKDC",0,50,"Retained"
"PRKG1",0,50,"Retained"
"PRKRA",0,50,"Retained"
"PRMT1",0,50,"Retained"
"PRMT5",0,50,"Retained"
"PRNP",0,50,"Retained"
"PROC",0,50,"Retained"
"PROM1",0,50,"Retained"
"PROS1",0,50,"Retained"
"PROSER2",0,50,"Retained"
"PRPF19",0,50,"Retained"
"PRPF3",0,50,"Retained"
"PRPF31",0,50,"Retained"
"PRPF38A",0,50,"Retained"
"PRPF38B",0,50,"Retained"
"PRPF39",0,50,"Retained"
"PRPF4",0,50,"Retained"
"PRPF40A",0,50,"Retained"
"PRPF4B",0,50,"Retained"
"PRPF6",0,50,"Retained"
"PRPF8",0,50,"Retained"
"PRPH",0,50,"Retained"
"PRPS1",0,50,"Retained"
"PRPS2",0,50,"Retained"
"PRPSAP1",0,50,"Retained"
"PRPSAP2",0,50,"Retained"
"PRR12",0,50,"Retained"
"PRR14",0,50,"Retained"
"PRRC1",0,50,"Retained"
"PRRC2A",0,50,"Retained"
"PRRC2B",0,50,"Retained"
"PRRC2C",0,50,"Retained"
"PRSS1",0,50,"Retained"
"PRSS2",0,50,"Retained"
"PRSS23",0,50,"Retained"
"PRSS3",0,50,"Retained"
"PRTFDC1",0,50,"Retained"
"PRTN3",0,50,"Retained"
"PRUNE1",0,50,"Retained"
"PRXL2A",0,50,"Retained"
"PRXL2B",0,50,"Retained"
"PSAP",0,50,"Retained"
"PSAT1",0,50,"Retained"
"PSD3",0,50,"Retained"
"PSEN1",0,50,"Retained"
"PSIP1",0,50,"Retained"
"PSMA1",0,50,"Retained"
"PSMA3",0,50,"Retained"
"PSMA4",0,50,"Retained"
"PSMA5",0,50,"Retained"
"PSMA6",0,50,"Retained"
"PSMA7",0,50,"Retained"
"PSMB1",0,50,"Retained"
"PSMB10",0,50,"Retained"
"PSMB2",0,50,"Retained"
"PSMB3",0,50,"Retained"
"PSMB4",0,50,"Retained"
"PSMB5",0,50,"Retained"
"PSMB6",0,50,"Retained"
"PSMB7",0,50,"Retained"
"PSMB8",0,50,"Retained"
"PSMB9",0,50,"Retained"
"PSMC1",0,50,"Retained"
"PSMC2",0,50,"Retained"
"PSMC3",0,50,"Retained"
"PSMC4",0,50,"Retained"
"PSMC5",0,50,"Retained"
"PSMC6",0,50,"Retained"
"PSMD1",0,50,"Retained"
"PSMD10",0,50,"Retained"
"PSMD11",0,50,"Retained"
"PSMD12",0,50,"Retained"
"PSMD13",0,50,"Retained"
"PSMD14",0,50,"Retained"
"PSMD2",0,50,"Retained"
"PSMD3",0,50,"Retained"
"PSMD4",0,50,"Retained"
"PSMD5",0,50,"Retained"
"PSMD6",0,50,"Retained"
"PSMD7",0,50,"Retained"
"PSMD8",0,50,"Retained"
"PSMD9",0,50,"Retained"
"PSME1",0,50,"Retained"
"PSME2",0,50,"Retained"
"PSME3",0,50,"Retained"
"PSME3IP1",0,50,"Retained"
"PSME4",0,50,"Retained"
"PSMF1",0,50,"Retained"
"PSMG1",0,50,"Retained"
"PSMG2",0,50,"Retained"
"PSMG3",0,50,"Retained"
"PSPC1",0,50,"Retained"
"PSPH",0,50,"Retained"
"PSTPIP1",0,50,"Retained"
"PSTPIP2",0,50,"Retained"
"PTAR1",0,50,"Retained"
"PTBP1",0,50,"Retained"
"PTBP2",0,50,"Retained"
"PTBP3",0,50,"Retained"
"PTCD3",0,50,"Retained"
"PTDSS1",0,50,"Retained"
"PTEN",0,50,"Retained"
"PTER",0,50,"Retained"
"PTGES",0,50,"Retained"
"PTGES2",0,50,"Retained"
"PTGES3",0,50,"Retained"
"PTGFRN",0,50,"Retained"
"PTGIS",0,50,"Retained"
"PTGR1",0,50,"Retained"
"PTGS1",0,50,"Retained"
"PTK2",0,50,"Retained"
"PTK2B",0,50,"Retained"
"PTK7",0,50,"Retained"
"PTMA",0,50,"Retained"
"PTMS",0,50,"Retained"
"PTN",0,50,"Retained"
"PTP4A2",0,50,"Retained"
"PTPA",0,50,"Retained"
"PTPN1",0,50,"Retained"
"PTPN11",0,50,"Retained"
"PTPN12",0,50,"Retained"
"PTPN18",0,50,"Retained"
"PTPN2",0,50,"Retained"
"PTPN23",0,50,"Retained"
"PTPN6",0,50,"Retained"
"PTPN9",0,50,"Retained"
"PTPRA",0,50,"Retained"
"PTPRC",0,50,"Retained"
"PTPRE",0,50,"Retained"
"PTPRF",0,50,"Retained"
"PTPRG",0,50,"Retained"
"PTPRJ",0,50,"Retained"
"PTPRK",0,50,"Retained"
"PTPRS",0,50,"Retained"
"PTRH2",0,50,"Retained"
"PTRHD1",0,50,"Retained"
"PTS",0,50,"Retained"
"PTTG1IP",0,50,"Retained"
"PTX3",0,50,"Retained"
"PUDP",0,50,"Retained"
"PUF60",0,50,"Retained"
"PUM1",0,50,"Retained"
"PUM2",0,50,"Retained"
"PUM3",0,50,"Retained"
"PURA",0,50,"Retained"
"PURB",0,50,"Retained"
"PUS1",0,50,"Retained"
"PUS7",0,50,"Retained"
"PVR",0,50,"Retained"
"PWP1",0,50,"Retained"
"PXDN",0,50,"Retained"
"PXK",0,50,"Retained"
"PXN",0,50,"Retained"
"PYCARD",0,50,"Retained"
"PYCR1",0,50,"Retained"
"PYCR2",0,50,"Retained"
"PYCR3",0,50,"Retained"
"PYGB",0,50,"Retained"
"PYGL",0,50,"Retained"
"PYM1",0,50,"Retained"
"PZP",0,50,"Retained"
"QARS1",0,50,"Retained"
"QDPR",0,50,"Retained"
"QKI",0,50,"Retained"
"QPRT",0,50,"Retained"
"QRICH1",0,50,"Retained"
"QRSL1",0,50,"Retained"
"QSOX1",0,50,"Retained"
"QSOX2",0,50,"Retained"
"QTRT1",0,50,"Retained"
"QTRT2",0,50,"Retained"
"RAB10",0,50,"Retained"
"RAB11B",0,50,"Retained"
"RAB11FIP1",0,50,"Retained"
"RAB11FIP5",0,50,"Retained"
"RAB12",0,50,"Retained"
"RAB14",0,50,"Retained"
"RAB18",0,50,"Retained"
"RAB1A",0,50,"Retained"
"RAB1B",0,50,"Retained"
"RAB20",0,50,"Retained"
"RAB21",0,50,"Retained"
"RAB22A",0,50,"Retained"
"RAB23",0,50,"Retained"
"RAB24",0,50,"Retained"
"RAB25",0,50,"Retained"
"RAB27A",0,50,"Retained"
"RAB27B",0,50,"Retained"
"RAB29",0,50,"Retained"
"RAB2A",0,50,"Retained"
"RAB2B",0,50,"Retained"
"RAB31",0,50,"Retained"
"RAB32",0,50,"Retained"
"RAB33B",0,50,"Retained"
"RAB34",0,50,"Retained"
"RAB35",0,50,"Retained"
"RAB3D",0,50,"Retained"
"RAB3GAP1",0,50,"Retained"
"RAB3GAP2",0,50,"Retained"
"RAB3IL1",0,50,"Retained"
"RAB43",0,50,"Retained"
"RAB4A",0,50,"Retained"
"RAB5A",0,50,"Retained"
"RAB5B",0,50,"Retained"
"RAB5C",0,50,"Retained"
"RAB6A",0,50,"Retained"
"RAB7A",0,50,"Retained"
"RAB8A",0,50,"Retained"
"RAB8B",0,50,"Retained"
"RAB9A",0,50,"Retained"
"RABAC1",0,50,"Retained"
"RABEP1",0,50,"Retained"
"RABEP2",0,50,"Retained"
"RABEPK",0,50,"Retained"
"RABGAP1",0,50,"Retained"
"RABGAP1L",0,50,"Retained"
"RABGEF1",0,50,"Retained"
"RABGGTA",0,50,"Retained"
"RABGGTB",0,50,"Retained"
"RABL3",0,50,"Retained"
"RABL6",0,50,"Retained"
"RAC1",0,50,"Retained"
"RAC2",0,50,"Retained"
"RACK1",0,50,"Retained"
"RAD21",0,50,"Retained"
"RAD23A",0,50,"Retained"
"RAD23B",0,50,"Retained"
"RAD50",0,50,"Retained"
"RAE1",0,50,"Retained"
"RAF1",0,50,"Retained"
"RAI1",0,50,"Retained"
"RAI14",0,50,"Retained"
"RALA",0,50,"Retained"
"RALB",0,50,"Retained"
"RALBP1",0,50,"Retained"
"RALGAPA1",0,50,"Retained"
"RALGAPA2",0,50,"Retained"
"RALGAPB",0,50,"Retained"
"RALY",0,50,"Retained"
"RAN",0,50,"Retained"
"RANBP1",0,50,"Retained"
"RANBP10",0,50,"Retained"
"RANBP2",0,50,"Retained"
"RANBP3",0,50,"Retained"
"RANBP6",0,50,"Retained"
"RANBP9",0,50,"Retained"
"RANGAP1",0,50,"Retained"
"RAP1A",0,50,"Retained"
"RAP1B",0,50,"Retained"
"RAP1GAP",0,50,"Retained"
"RAP1GAP2",0,50,"Retained"
"RAP1GDS1",0,50,"Retained"
"RAP2B",0,50,"Retained"
"RAPGEF1",0,50,"Retained"
"RAPGEF2",0,50,"Retained"
"RAPH1",0,50,"Retained"
"RARRES2",0,50,"Retained"
"RARS1",0,50,"Retained"
"RARS2",0,50,"Retained"
"RASA1",0,50,"Retained"
"RASA2",0,50,"Retained"
"RASA3",0,50,"Retained"
"RASAL1",0,50,"Retained"
"RASAL2",0,50,"Retained"
"RASAL3",0,50,"Retained"
"RASIP1",0,50,"Retained"
"RASSF2",0,50,"Retained"
"RAVER1",0,50,"Retained"
"RB1",0,50,"Retained"
"RB1CC1",0,50,"Retained"
"RBBP4",0,50,"Retained"
"RBBP5",0,50,"Retained"
"RBBP6",0,50,"Retained"
"RBBP7",0,50,"Retained"
"RBBP9",0,50,"Retained"
"RBCK1",0,50,"Retained"
"RBFOX2",0,50,"Retained"
"RBKS",0,50,"Retained"
"RBM10",0,50,"Retained"
"RBM12",0,50,"Retained"
"RBM12B",0,50,"Retained"
"RBM14",0,50,"Retained"
"RBM15",0,50,"Retained"
"RBM15B",0,50,"Retained"
"RBM17",0,50,"Retained"
"RBM19",0,50,"Retained"
"RBM22",0,50,"Retained"
"RBM25",0,50,"Retained"
"RBM26",0,50,"Retained"
"RBM28",0,50,"Retained"
"RBM3",0,50,"Retained"
"RBM33",0,50,"Retained"
"RBM39",0,50,"Retained"
"RBM4",0,50,"Retained"
"RBM42",0,50,"Retained"
"RBM45",0,50,"Retained"
"RBM47",0,50,"Retained"
"RBM5",0,50,"Retained"
"RBM6",0,50,"Retained"
"RBM7",0,50,"Retained"
"RBM8A",0,50,"Retained"
"RBMS1",0,50,"Retained"
"RBMS2",0,50,"Retained"
"RBMX",0,50,"Retained"
"RBMX2",0,50,"Retained"
"RBMXL1",0,50,"Retained"
"RBP1",0,50,"Retained"
"RBP2",0,50,"Retained"
"RBP5",0,50,"Retained"
"RBP7",0,50,"Retained"
"RBPJ",0,50,"Retained"
"RBPMS",0,50,"Retained"
"RBSN",0,50,"Retained"
"RBX1",0,50,"Retained"
"RCC1",0,50,"Retained"
"RCC1L",0,50,"Retained"
"RCC2",0,50,"Retained"
"RCN1",0,50,"Retained"
"RCN2",0,50,"Retained"
"RCN3",0,50,"Retained"
"RCOR1",0,50,"Retained"
"RCOR3",0,50,"Retained"
"RCSD1",0,50,"Retained"
"RDH10",0,50,"Retained"
"RDH11",0,50,"Retained"
"RDH13",0,50,"Retained"
"RDH14",0,50,"Retained"
"RDX",0,50,"Retained"
"RECK",0,50,"Retained"
"RECQL",0,50,"Retained"
"RECQL5",0,50,"Retained"
"REEP3",0,50,"Retained"
"REEP5",0,50,"Retained"
"REEP6",0,50,"Retained"
"REG1A",0,50,"Retained"
"REG1B",0,50,"Retained"
"REG3A",0,50,"Retained"
"REG3G",0,50,"Retained"
"REG4",0,50,"Retained"
"REL",0,50,"Retained"
"RELA",0,50,"Retained"
"RELB",0,50,"Retained"
"RELCH",0,50,"Retained"
"RENBP",0,50,"Retained"
"REPS1",0,50,"Retained"
"REPS2",0,50,"Retained"
"RER1",0,50,"Retained"
"RERE",0,50,"Retained"
"RETREG3",0,50,"Retained"
"RETSAT",0,50,"Retained"
"REXO2",0,50,"Retained"
"REXO4",0,50,"Retained"
"RFC1",0,50,"Retained"
"RFC2",0,50,"Retained"
"RFC3",0,50,"Retained"
"RFC4",0,50,"Retained"
"RFC5",0,50,"Retained"
"RFTN1",0,50,"Retained"
"RFX1",0,50,"Retained"
"RFX5",0,50,"Retained"
"RGL2",0,50,"Retained"
"RGN",0,50,"Retained"
"RGS10",0,50,"Retained"
"RGS14",0,50,"Retained"
"RGS3",0,50,"Retained"
"RHBDF1",0,50,"Retained"
"RHEB",0,50,"Retained"
"RHOA",0,50,"Retained"
"RHOC",0,50,"Retained"
"RHOG",0,50,"Retained"
"RHOT1",0,50,"Retained"
"RHOT2",0,50,"Retained"
"RHPN2",0,50,"Retained"
"RIC8A",0,50,"Retained"
"RICTOR",0,50,"Retained"
"RIDA",0,50,"Retained"
"RIF1",0,50,"Retained"
"RILPL1",0,50,"Retained"
"RIN1",0,50,"Retained"
"RIN2",0,50,"Retained"
"RIN3",0,50,"Retained"
"RING1",0,50,"Retained"
"RINT1",0,50,"Retained"
"RIOK1",0,50,"Retained"
"RIOK2",0,50,"Retained"
"RIOK3",0,50,"Retained"
"RIOX1",0,50,"Retained"
"RIOX2",0,50,"Retained"
"RIPK1",0,50,"Retained"
"RIPK2",0,50,"Retained"
"RIPK3",0,50,"Retained"
"RIPOR1",0,50,"Retained"
"RMC1",0,50,"Retained"
"RMDN1",0,50,"Retained"
"RMDN2",0,50,"Retained"
"RMDN3",0,50,"Retained"
"RMND5A",0,50,"Retained"
"RNASE1",0,50,"Retained"
"RNASE2",0,50,"Retained"
"RNASE3",0,50,"Retained"
"RNASE4",0,50,"Retained"
"RNASE6",0,50,"Retained"
"RNASEH2A",0,50,"Retained"
"RNASEH2B",0,50,"Retained"
"RNASEH2C",0,50,"Retained"
"RNASEL",0,50,"Retained"
"RNASET2",0,50,"Retained"
"RNF113A",0,50,"Retained"
"RNF114",0,50,"Retained"
"RNF123",0,50,"Retained"
"RNF14",0,50,"Retained"
"RNF146",0,50,"Retained"
"RNF181",0,50,"Retained"
"RNF20",0,50,"Retained"
"RNF213",0,50,"Retained"
"RNF214",0,50,"Retained"
"RNF220",0,50,"Retained"
"RNF25",0,50,"Retained"
"RNF40",0,50,"Retained"
"RNF7",0,50,"Retained"
"RNGTT",0,50,"Retained"
"RNH1",0,50,"Retained"
"RNMT",0,50,"Retained"
"RNPEP",0,50,"Retained"
"RNPS1",0,50,"Retained"
"RO60",0,50,"Retained"
"ROCK1",0,50,"Retained"
"ROCK2",0,50,"Retained"
"ROGDI",0,50,"Retained"
"ROR2",0,50,"Retained"
"RP2",0,50,"Retained"
"RPA1",0,50,"Retained"
"RPA2",0,50,"Retained"
"RPA3",0,50,"Retained"
"RPAP3",0,50,"Retained"
"RPE",0,50,"Retained"
"RPF2",0,50,"Retained"
"RPIA",0,50,"Retained"
"RPL10",0,50,"Retained"
"RPL10A",0,50,"Retained"
"RPL11",0,50,"Retained"
"RPL12",0,50,"Retained"
"RPL13",0,50,"Retained"
"RPL13A",0,50,"Retained"
"RPL14",0,50,"Retained"
"RPL15",0,50,"Retained"
"RPL18",0,50,"Retained"
"RPL18A",0,50,"Retained"
"RPL19",0,50,"Retained"
"RPL21",0,50,"Retained"
"RPL22",0,50,"Retained"
"RPL22L1",0,50,"Retained"
"RPL23",0,50,"Retained"
"RPL23A",0,50,"Retained"
"RPL24",0,50,"Retained"
"RPL26",0,50,"Retained"
"RPL26L1",0,50,"Retained"
"RPL27",0,50,"Retained"
"RPL27A",0,50,"Retained"
"RPL28",0,50,"Retained"
"RPL29",0,50,"Retained"
"RPL3",0,50,"Retained"
"RPL30",0,50,"Retained"
"RPL31",0,50,"Retained"
"RPL32",0,50,"Retained"
"RPL34",0,50,"Retained"
"RPL35",0,50,"Retained"
"RPL35A",0,50,"Retained"
"RPL36",0,50,"Retained"
"RPL36AL",0,50,"Retained"
"RPL37",0,50,"Retained"
"RPL37A",0,50,"Retained"
"RPL38",0,50,"Retained"
"RPL4",0,50,"Retained"
"RPL5",0,50,"Retained"
"RPL6",0,50,"Retained"
"RPL7",0,50,"Retained"
"RPL7A",0,50,"Retained"
"RPL7L1",0,50,"Retained"
"RPL8",0,50,"Retained"
"RPL9",0,50,"Retained"
"RPLP0",0,50,"Retained"
"RPLP1",0,50,"Retained"
"RPLP2",0,50,"Retained"
"RPN1",0,50,"Retained"
"RPN2",0,50,"Retained"
"RPP25",0,50,"Retained"
"RPP30",0,50,"Retained"
"RPP38",0,50,"Retained"
"RPRD1A",0,50,"Retained"
"RPRD1B",0,50,"Retained"
"RPRD2",0,50,"Retained"
"RPS10",0,50,"Retained"
"RPS11",0,50,"Retained"
"RPS12",0,50,"Retained"
"RPS13",0,50,"Retained"
"RPS14",0,50,"Retained"
"RPS15",0,50,"Retained"
"RPS15A",0,50,"Retained"
"RPS16",0,50,"Retained"
"RPS18",0,50,"Retained"
"RPS19",0,50,"Retained"
"RPS2",0,50,"Retained"
"RPS20",0,50,"Retained"
"RPS21",0,50,"Retained"
"RPS23",0,50,"Retained"
"RPS24",0,50,"Retained"
"RPS25",0,50,"Retained"
"RPS26",0,50,"Retained"
"RPS27",0,50,"Retained"
"RPS27L",0,50,"Retained"
"RPS28",0,50,"Retained"
"RPS29",0,50,"Retained"
"RPS3",0,50,"Retained"
"RPS3A",0,50,"Retained"
"RPS4X",0,50,"Retained"
"RPS4Y1",0,50,"Retained"
"RPS5",0,50,"Retained"
"RPS6",0,50,"Retained"
"RPS6KA1",0,50,"Retained"
"RPS6KA3",0,50,"Retained"
"RPS6KA4",0,50,"Retained"
"RPS6KA5",0,50,"Retained"
"RPS7",0,50,"Retained"
"RPS8",0,50,"Retained"
"RPS9",0,50,"Retained"
"RPSA",0,50,"Retained"
"RPTOR",0,50,"Retained"
"RRAGC",0,50,"Retained"
"RRAS",0,50,"Retained"
"RRAS2",0,50,"Retained"
"RRBP1",0,50,"Retained"
"RREB1",0,50,"Retained"
"RRM1",0,50,"Retained"
"RRM2B",0,50,"Retained"
"RRP1",0,50,"Retained"
"RRP12",0,50,"Retained"
"RRP15",0,50,"Retained"
"RRP1B",0,50,"Retained"
"RRP8",0,50,"Retained"
"RRP9",0,50,"Retained"
"RRS1",0,50,"Retained"
"RSBN1",0,50,"Retained"
"RSBN1L",0,50,"Retained"
"RSF1",0,50,"Retained"
"RSL1D1",0,50,"Retained"
"RSPRY1",0,50,"Retained"
"RSRC1",0,50,"Retained"
"RSRC2",0,50,"Retained"
"RSU1",0,50,"Retained"
"RTCA",0,50,"Retained"
"RTCB",0,50,"Retained"
"RTF1",0,50,"Retained"
"RTF2",0,50,"Retained"
"RTKN",0,50,"Retained"
"RTN1",0,50,"Retained"
"RTN3",0,50,"Retained"
"RTN4",0,50,"Retained"
"RTN4IP1",0,50,"Retained"
"RTRAF",0,50,"Retained"
"RUFY1",0,50,"Retained"
"RUFY2",0,50,"Retained"
"RUFY3",0,50,"Retained"
"RUNX1",0,50,"Retained"
"RUVBL1",0,50,"Retained"
"RUVBL2",0,50,"Retained"
"RWDD1",0,50,"Retained"
"RWDD4",0,50,"Retained"
"RXRA",0,50,"Retained"
"RXRB",0,50,"Retained"
"S100A1",0,50,"Retained"
"S100A10",0,50,"Retained"
"S100A11",0,50,"Retained"
"S100A12",0,50,"Retained"
"S100A13",0,50,"Retained"
"S100A14",0,50,"Retained"
"S100A16",0,50,"Retained"
"S100A2",0,50,"Retained"
"S100A4",0,50,"Retained"
"S100A6",0,50,"Retained"
"S100A8",0,50,"Retained"
"S100A9",0,50,"Retained"
"S100P",0,50,"Retained"
"SAAL1",0,50,"Retained"
"SACM1L",0,50,"Retained"
"SAE1",0,50,"Retained"
"SAFB",0,50,"Retained"
"SAFB2",0,50,"Retained"
"SAMD4B",0,50,"Retained"
"SAMD9",0,50,"Retained"
"SAMD9L",0,50,"Retained"
"SAMHD1",0,50,"Retained"
"SAMM50",0,50,"Retained"
"SAMSN1",0,50,"Retained"
"SAP130",0,50,"Retained"
"SAP18",0,50,"Retained"
"SAP30",0,50,"Retained"
"SAP30BP",0,50,"Retained"
"SAR1A",0,50,"Retained"
"SAR1B",0,50,"Retained"
"SARDH",0,50,"Retained"
"SARM1",0,50,"Retained"
"SARS1",0,50,"Retained"
"SARS2",0,50,"Retained"
"SART1",0,50,"Retained"
"SART3",0,50,"Retained"
"SASH3",0,50,"Retained"
"SAT2",0,50,"Retained"
"SBDS",0,50,"Retained"
"SBF1",0,50,"Retained"
"SBF2",0,50,"Retained"
"SBNO1",0,50,"Retained"
"SBSPON",0,50,"Retained"
"SCAF1",0,50,"Retained"
"SCAF11",0,50,"Retained"
"SCAF4",0,50,"Retained"
"SCAF8",0,50,"Retained"
"SCAMP1",0,50,"Retained"
"SCAMP2",0,50,"Retained"
"SCAMP3",0,50,"Retained"
"SCARB2",0,50,"Retained"
"SCARF2",0,50,"Retained"
"SCCPDH",0,50,"Retained"
"SCEL",0,50,"Retained"
"SCFD1",0,50,"Retained"
"SCFD2",0,50,"Retained"
"SCG2",0,50,"Retained"
"SCG3",0,50,"Retained"
"SCG5",0,50,"Retained"
"SCGN",0,50,"Retained"
"SCIN",0,50,"Retained"
"SCLY",0,50,"Retained"
"SCO1",0,50,"Retained"
"SCO2",0,50,"Retained"
"SCP2",0,50,"Retained"
"SCPEP1",0,50,"Retained"
"SCRIB",0,50,"Retained"
"SCRN1",0,50,"Retained"
"SCRN2",0,50,"Retained"
"SCRN3",0,50,"Retained"
"SCUBE3",0,50,"Retained"
"SCYL1",0,50,"Retained"
"SCYL2",0,50,"Retained"
"SCYL3",0,50,"Retained"
"SDAD1",0,50,"Retained"
"SDC1",0,50,"Retained"
"SDC2",0,50,"Retained"
"SDC4",0,50,"Retained"
"SDCBP",0,50,"Retained"
"SDCBP2",0,50,"Retained"
"SDE2",0,50,"Retained"
"SDF2",0,50,"Retained"
"SDF2L1",0,50,"Retained"
"SDF4",0,50,"Retained"
"SDHA",0,50,"Retained"
"SDHB",0,50,"Retained"
"SDR16C5",0,50,"Retained"
"SDR39U1",0,50,"Retained"
"SDSL",0,50,"Retained"
"SEC11A",0,50,"Retained"
"SEC11C",0,50,"Retained"
"SEC13",0,50,"Retained"
"SEC16A",0,50,"Retained"
"SEC22B",0,50,"Retained"
"SEC23A",0,50,"Retained"
"SEC23B",0,50,"Retained"
"SEC23IP",0,50,"Retained"
"SEC24A",0,50,"Retained"
"SEC24B",0,50,"Retained"
"SEC24C",0,50,"Retained"
"SEC24D",0,50,"Retained"
"SEC31A",0,50,"Retained"
"SEC61A1",0,50,"Retained"
"SEC61B",0,50,"Retained"
"SEC62",0,50,"Retained"
"SEC63",0,50,"Retained"
"SEH1L",0,50,"Retained"
"SEL1L",0,50,"Retained"
"SELENBP1",0,50,"Retained"
"SELENOF",0,50,"Retained"
"SELENOH",0,50,"Retained"
"SELENOM",0,50,"Retained"
"SELENOO",0,50,"Retained"
"SELENOP",0,50,"Retained"
"SELENOS",0,50,"Retained"
"SELENOW",0,50,"Retained"
"SELP",0,50,"Retained"
"SEMA4B",0,50,"Retained"
"SENP7",0,50,"Retained"
"SEPHS1",0,50,"Retained"
"SEPHS2",0,50,"Retained"
"SEPSECS",0,50,"Retained"
"SEPTIN1",0,50,"Retained"
"SEPTIN10",0,50,"Retained"
"SEPTIN11",0,50,"Retained"
"SEPTIN2",0,50,"Retained"
"SEPTIN4",0,50,"Retained"
"SEPTIN6",0,50,"Retained"
"SEPTIN7",0,50,"Retained"
"SEPTIN8",0,50,"Retained"
"SEPTIN9",0,50,"Retained"
"SERBP1",0,50,"Retained"
"SERF2",0,50,"Retained"
"SERGEF",0,50,"Retained"
"SERINC1",0,50,"Retained"
"SERINC3",0,50,"Retained"
"SERPINA1",0,50,"Retained"
"SERPINA10",0,50,"Retained"
"SERPINA3",0,50,"Retained"
"SERPINA4",0,50,"Retained"
"SERPINA5",0,50,"Retained"
"SERPINA6",0,50,"Retained"
"SERPINA7",0,50,"Retained"
"SERPINB1",0,50,"Retained"
"SERPINB2",0,50,"Retained"
"SERPINB3",0,50,"Retained"
"SERPINB5",0,50,"Retained"
"SERPINB6",0,50,"Retained"
"SERPINB8",0,50,"Retained"
"SERPINB9",0,50,"Retained"
"SERPIND1",0,50,"Retained"
"SERPINE1",0,50,"Retained"
"SERPINE2",0,50,"Retained"
"SERPINF1",0,50,"Retained"
"SERPINF2",0,50,"Retained"
"SERPING1",0,50,"Retained"
"SERPINH1",0,50,"Retained"
"SERPINI2",0,50,"Retained"
"SESTD1",0,50,"Retained"
"SET",0,50,"Retained"
"SETD1A",0,50,"Retained"
"SETD1B",0,50,"Retained"
"SETD2",0,50,"Retained"
"SETD3",0,50,"Retained"
"SETD7",0,50,"Retained"
"SETDB1",0,50,"Retained"
"SETMAR",0,50,"Retained"
"SETX",0,50,"Retained"
"SF1",0,50,"Retained"
"SF3A1",0,50,"Retained"
"SF3A2",0,50,"Retained"
"SF3A3",0,50,"Retained"
"SF3B1",0,50,"Retained"
"SF3B2",0,50,"Retained"
"SF3B3",0,50,"Retained"
"SF3B4",0,50,"Retained"
"SF3B5",0,50,"Retained"
"SF3B6",0,50,"Retained"
"SFN",0,50,"Retained"
"SFPQ",0,50,"Retained"
"SFRP1",0,50,"Retained"
"SFRP2",0,50,"Retained"
"SFRP4",0,50,"Retained"
"SFSWAP",0,50,"Retained"
"SFXN1",0,50,"Retained"
"SFXN2",0,50,"Retained"
"SFXN3",0,50,"Retained"
"SGCD",0,50,"Retained"
"SGCE",0,50,"Retained"
"SGF29",0,50,"Retained"
"SGPL1",0,50,"Retained"
"SGSH",0,50,"Retained"
"SGSM3",0,50,"Retained"
"SGTA",0,50,"Retained"
"SGTB",0,50,"Retained"
"SH2D1A",0,50,"Retained"
"SH2D4A",0,50,"Retained"
"SH3BGRL",0,50,"Retained"
"SH3BGRL2",0,50,"Retained"
"SH3BGRL3",0,50,"Retained"
"SH3BP1",0,50,"Retained"
"SH3BP4",0,50,"Retained"
"SH3D19",0,50,"Retained"
"SH3GL1",0,50,"Retained"
"SH3GLB1",0,50,"Retained"
"SH3GLB2",0,50,"Retained"
"SH3KBP1",0,50,"Retained"
"SH3PXD2A",0,50,"Retained"
"SH3PXD2B",0,50,"Retained"
"SH3RF1",0,50,"Retained"
"SHANK3",0,50,"Retained"
"SHARPIN",0,50,"Retained"
"SHBG",0,50,"Retained"
"SHC1",0,50,"Retained"
"SHFL",0,50,"Retained"
"SHMT1",0,50,"Retained"
"SHMT2",0,50,"Retained"
"SHOC2",0,50,"Retained"
"SHROOM3",0,50,"Retained"
"SHTN1",0,50,"Retained"
"SI",0,50,"Retained"
"SIAE",0,50,"Retained"
"SIDT2",0,50,"Retained"
"SIGIRR",0,50,"Retained"
"SIGLEC1",0,50,"Retained"
"SIK3",0,50,"Retained"
"SIL1",0,50,"Retained"
"SIN3A",0,50,"Retained"
"SIN3B",0,50,"Retained"
"SIPA1",0,50,"Retained"
"SIPA1L1",0,50,"Retained"
"SIPA1L3",0,50,"Retained"
"SIRT2",0,50,"Retained"
"SIRT3",0,50,"Retained"
"SIRT5",0,50,"Retained"
"SKAP2",0,50,"Retained"
"SKIV2L",0,50,"Retained"
"SKP1",0,50,"Retained"
"SLAIN2",0,50,"Retained"
"SLC12A2",0,50,"Retained"
"SLC12A7",0,50,"Retained"
"SLC12A9",0,50,"Retained"
"SLC16A1",0,50,"Retained"
"SLC16A3",0,50,"Retained"
"SLC16A7",0,50,"Retained"
"SLC17A5",0,50,"Retained"
"SLC1A4",0,50,"Retained"
"SLC1A5",0,50,"Retained"
"SLC25A1",0,50,"Retained"
"SLC25A11",0,50,"Retained"
"SLC25A12",0,50,"Retained"
"SLC25A13",0,50,"Retained"
"SLC25A19",0,50,"Retained"
"SLC25A20",0,50,"Retained"
"SLC25A22",0,50,"Retained"
"SLC25A24",0,50,"Retained"
"SLC25A3",0,50,"Retained"
"SLC25A4",0,50,"Retained"
"SLC25A46",0,50,"Retained"
"SLC25A5",0,50,"Retained"
"SLC25A6",0,50,"Retained"
"SLC27A1",0,50,"Retained"
"SLC27A2",0,50,"Retained"
"SLC27A3",0,50,"Retained"
"SLC27A4",0,50,"Retained"
"SLC2A1",0,50,"Retained"
"SLC30A1",0,50,"Retained"
"SLC30A5",0,50,"Retained"
"SLC30A9",0,50,"Retained"
"SLC33A1",0,50,"Retained"
"SLC35B2",0,50,"Retained"
"SLC35F6",0,50,"Retained"
"SLC37A4",0,50,"Retained"
"SLC38A10",0,50,"Retained"
"SLC39A11",0,50,"Retained"
"SLC39A14",0,50,"Retained"
"SLC39A7",0,50,"Retained"
"SLC39A9",0,50,"Retained"
"SLC3A2",0,50,"Retained"
"SLC44A1",0,50,"Retained"
"SLC44A2",0,50,"Retained"
"SLC4A1",0,50,"Retained"
"SLC4A1AP",0,50,"Retained"
"SLC4A2",0,50,"Retained"
"SLC4A4",0,50,"Retained"
"SLC9A1",0,50,"Retained"
"SLC9A3R1",0,50,"Retained"
"SLC9A3R2",0,50,"Retained"
"SLC9A9",0,50,"Retained"
"SLCO2A1",0,50,"Retained"
"SLFN11",0,50,"Retained"
"SLFN5",0,50,"Retained"
"SLIRP",0,50,"Retained"
"SLIT2",0,50,"Retained"
"SLIT3",0,50,"Retained"
"SLK",0,50,"Retained"
"SLMAP",0,50,"Retained"
"SLPI",0,50,"Retained"
"SLTM",0,50,"Retained"
"SLU7",0,50,"Retained"
"SMAD2",0,50,"Retained"
"SMAD3",0,50,"Retained"
"SMAD4",0,50,"Retained"
"SMAD5",0,50,"Retained"
"SMAP1",0,50,"Retained"
"SMAP2",0,50,"Retained"
"SMARCA1",0,50,"Retained"
"SMARCA2",0,50,"Retained"
"SMARCA4",0,50,"Retained"
"SMARCA5",0,50,"Retained"
"SMARCAD1",0,50,"Retained"
"SMARCAL1",0,50,"Retained"
"SMARCB1",0,50,"Retained"
"SMARCC1",0,50,"Retained"
"SMARCC2",0,50,"Retained"
"SMARCD1",0,50,"Retained"
"SMARCD2",0,50,"Retained"
"SMARCE1",0,50,"Retained"
"SMC1A",0,50,"Retained"
"SMC2",0,50,"Retained"
"SMC3",0,50,"Retained"
"SMC4",0,50,"Retained"
"SMC5",0,50,"Retained"
"SMC6",0,50,"Retained"
"SMCHD1",0,50,"Retained"
"SMCR8",0,50,"Retained"
"SMG1",0,50,"Retained"
"SMG7",0,50,"Retained"
"SMG8",0,50,"Retained"
"SMG9",0,50,"Retained"
"SMIM20",0,50,"Retained"
"SMNDC1",0,50,"Retained"
"SMOC2",0,50,"Retained"
"SMPD1",0,50,"Retained"
"SMPD4",0,50,"Retained"
"SMPDL3A",0,50,"Retained"
"SMPDL3B",0,50,"Retained"
"SMS",0,50,"Retained"
"SMTN",0,50,"Retained"
"SMU1",0,50,"Retained"
"SMYD5",0,50,"Retained"
"SNAP23",0,50,"Retained"
"SNAP29",0,50,"Retained"
"SNAPIN",0,50,"Retained"
"SNCA",0,50,"Retained"
"SNCG",0,50,"Retained"
"SND1",0,50,"Retained"
"SNED1",0,50,"Retained"
"SNF8",0,50,"Retained"
"SNRK",0,50,"Retained"
"SNRNP200",0,50,"Retained"
"SNRNP27",0,50,"Retained"
"SNRNP40",0,50,"Retained"
"SNRNP70",0,50,"Retained"
"SNRPA",0,50,"Retained"
"SNRPA1",0,50,"Retained"
"SNRPB2",0,50,"Retained"
"SNRPC",0,50,"Retained"
"SNRPD1",0,50,"Retained"
"SNRPD2",0,50,"Retained"
"SNRPD3",0,50,"Retained"
"SNRPF",0,50,"Retained"
"SNRPG",0,50,"Retained"
"SNTB1",0,50,"Retained"
"SNTB2",0,50,"Retained"
"SNU13",0,50,"Retained"
"SNUPN",0,50,"Retained"
"SNW1",0,50,"Retained"
"SNX1",0,50,"Retained"
"SNX12",0,50,"Retained"
"SNX15",0,50,"Retained"
"SNX17",0,50,"Retained"
"SNX18",0,50,"Retained"
"SNX2",0,50,"Retained"
"SNX27",0,50,"Retained"
"SNX29",0,50,"Retained"
"SNX3",0,50,"Retained"
"SNX30",0,50,"Retained"
"SNX33",0,50,"Retained"
"SNX4",0,50,"Retained"
"SNX5",0,50,"Retained"
"SNX6",0,50,"Retained"
"SNX7",0,50,"Retained"
"SNX8",0,50,"Retained"
"SNX9",0,50,"Retained"
"SOAT1",0,50,"Retained"
"SOD2",0,50,"Retained"
"SOD3",0,50,"Retained"
"SON",0,50,"Retained"
"SORBS1",0,50,"Retained"
"SORBS2",0,50,"Retained"
"SORBS3",0,50,"Retained"
"SORD",0,50,"Retained"
"SORL1",0,50,"Retained"
"SORT1",0,50,"Retained"
"SOS1",0,50,"Retained"
"SOWAHC",0,50,"Retained"
"SP1",0,50,"Retained"
"SP100",0,50,"Retained"
"SP110",0,50,"Retained"
"SP2",0,50,"Retained"
"SP3",0,50,"Retained"
"SP4",0,50,"Retained"
"SPAG1",0,50,"Retained"
"SPAG7",0,50,"Retained"
"SPAG9",0,50,"Retained"
"SPARC",0,50,"Retained"
"SPART",0,50,"Retained"
"SPAST",0,50,"Retained"
"SPATA20",0,50,"Retained"
"SPATA5",0,50,"Retained"
"SPATA5L1",0,50,"Retained"
"SPATS2",0,50,"Retained"
"SPATS2L",0,50,"Retained"
"SPCS1",0,50,"Retained"
"SPCS2",0,50,"Retained"
"SPCS3",0,50,"Retained"
"SPECC1",0,50,"Retained"
"SPEN",0,50,"Retained"
"SPG11",0,50,"Retained"
"SPG21",0,50,"Retained"
"SPG7",0,50,"Retained"
"SPIN1",0,50,"Retained"
"SPINK1",0,50,"Retained"
"SPINT1",0,50,"Retained"
"SPINT2",0,50,"Retained"
"SPON1",0,50,"Retained"
"SPON2",0,50,"Retained"
"SPP1",0,50,"Retained"
"SPPL2A",0,50,"Retained"
"SPR",0,50,"Retained"
"SPRYD4",0,50,"Retained"
"SPRYD7",0,50,"Retained"
"SPTA1",0,50,"Retained"
"SPTAN1",0,50,"Retained"
"SPTB",0,50,"Retained"
"SPTBN1",0,50,"Retained"
"SPTBN2",0,50,"Retained"
"SPTLC1",0,50,"Retained"
"SPTLC2",0,50,"Retained"
"SQLE",0,50,"Retained"
"SQOR",0,50,"Retained"
"SQSTM1",0,50,"Retained"
"SRA1",0,50,"Retained"
"SRBD1",0,50,"Retained"
"SRC",0,50,"Retained"
"SRCIN1",0,50,"Retained"
"SREK1",0,50,"Retained"
"SRFBP1",0,50,"Retained"
"SRGAP2",0,50,"Retained"
"SRI",0,50,"Retained"
"SRM",0,50,"Retained"
"SRP14",0,50,"Retained"
"SRP19",0,50,"Retained"
"SRP54",0,50,"Retained"
"SRP68",0,50,"Retained"
"SRP72",0,50,"Retained"
"SRP9",0,50,"Retained"
"SRPK1",0,50,"Retained"
"SRPK2",0,50,"Retained"
"SRPRA",0,50,"Retained"
"SRPRB",0,50,"Retained"
"SRPX",0,50,"Retained"
"SRPX2",0,50,"Retained"
"SRRM1",0,50,"Retained"
"SRRM2",0,50,"Retained"
"SRRT",0,50,"Retained"
"SRSF1",0,50,"Retained"
"SRSF10",0,50,"Retained"
"SRSF11",0,50,"Retained"
"SRSF2",0,50,"Retained"
"SRSF3",0,50,"Retained"
"SRSF4",0,50,"Retained"
"SRSF5",0,50,"Retained"
"SRSF7",0,50,"Retained"
"SRSF9",0,50,"Retained"
"SS18",0,50,"Retained"
"SSB",0,50,"Retained"
"SSBP1",0,50,"Retained"
"SSC5D",0,50,"Retained"
"SSH3",0,50,"Retained"
"SSR1",0,50,"Retained"
"SSR3",0,50,"Retained"
"SSR4",0,50,"Retained"
"SSRP1",0,50,"Retained"
"SST",0,50,"Retained"
"SSU72",0,50,"Retained"
"ST13",0,50,"Retained"
"ST14",0,50,"Retained"
"ST6GAL1",0,50,"Retained"
"STAB1",0,50,"Retained"
"STAG1",0,50,"Retained"
"STAG2",0,50,"Retained"
"STAM",0,50,"Retained"
"STAM2",0,50,"Retained"
"STAMBP",0,50,"Retained"
"STAMBPL1",0,50,"Retained"
"STAP2",0,50,"Retained"
"STARD10",0,50,"Retained"
"STAT1",0,50,"Retained"
"STAT2",0,50,"Retained"
"STAT3",0,50,"Retained"
"STAT5A",0,50,"Retained"
"STAT5B",0,50,"Retained"
"STAT6",0,50,"Retained"
"STAU1",0,50,"Retained"
"STAU2",0,50,"Retained"
"STEAP3",0,50,"Retained"
"STIM1",0,50,"Retained"
"STING1",0,50,"Retained"
"STIP1",0,50,"Retained"
"STK10",0,50,"Retained"
"STK11IP",0,50,"Retained"
"STK17B",0,50,"Retained"
"STK24",0,50,"Retained"
"STK25",0,50,"Retained"
"STK26",0,50,"Retained"
"STK3",0,50,"Retained"
"STK38",0,50,"Retained"
"STK38L",0,50,"Retained"
"STK39",0,50,"Retained"
"STK4",0,50,"Retained"
"STMN1",0,50,"Retained"
"STOM",0,50,"Retained"
"STOML2",0,50,"Retained"
"STRAP",0,50,"Retained"
"STRBP",0,50,"Retained"
"STRIP1",0,50,"Retained"
"STRN",0,50,"Retained"
"STRN3",0,50,"Retained"
"STRN4",0,50,"Retained"
"STT3A",0,50,"Retained"
"STT3B",0,50,"Retained"
"STUB1",0,50,"Retained"
"STX12",0,50,"Retained"
"STX17",0,50,"Retained"
"STX18",0,50,"Retained"
"STX3",0,50,"Retained"
"STX4",0,50,"Retained"
"STX5",0,50,"Retained"
"STX6",0,50,"Retained"
"STX7",0,50,"Retained"
"STX8",0,50,"Retained"
"STXBP1",0,50,"Retained"
"STXBP2",0,50,"Retained"
"STXBP3",0,50,"Retained"
"STXBP4",0,50,"Retained"
"STXBP5",0,50,"Retained"
"STXBP6",0,50,"Retained"
"SUB1",0,50,"Retained"
"SUCLA2",0,50,"Retained"
"SUCLG1",0,50,"Retained"
"SUCLG2",0,50,"Retained"
"SUGP1",0,50,"Retained"
"SUGP2",0,50,"Retained"
"SUGT1",0,50,"Retained"
"SULF1",0,50,"Retained"
"SULF2",0,50,"Retained"
"SULT1A1",0,50,"Retained"
"SULT1B1",0,50,"Retained"
"SULT1C2",0,50,"Retained"
"SUMF1",0,50,"Retained"
"SUMF2",0,50,"Retained"
"SUN1",0,50,"Retained"
"SUN2",0,50,"Retained"
"SUOX",0,50,"Retained"
"SUPT16H",0,50,"Retained"
"SUPT5H",0,50,"Retained"
"SUPT6H",0,50,"Retained"
"SUPV3L1",0,50,"Retained"
"SURF1",0,50,"Retained"
"SURF4",0,50,"Retained"
"SURF6",0,50,"Retained"
"SUSD2",0,50,"Retained"
"SVEP1",0,50,"Retained"
"SVIL",0,50,"Retained"
"SWAP70",0,50,"Retained"
"SYAP1",0,50,"Retained"
"SYCN",0,50,"Retained"
"SYDE1",0,50,"Retained"
"SYK",0,50,"Retained"
"SYMPK",0,50,"Retained"
"SYNCRIP",0,50,"Retained"
"SYNE1",0,50,"Retained"
"SYNE2",0,50,"Retained"
"SYNGR2",0,50,"Retained"
"SYNJ1",0,50,"Retained"
"SYNJ2",0,50,"Retained"
"SYNM",0,50,"Retained"
"SYNPO",0,50,"Retained"
"SYNPO2",0,50,"Retained"
"SYNRG",0,50,"Retained"
"SYP",0,50,"Retained"
"SYPL1",0,50,"Retained"
"SYS1",0,50,"Retained"
"SYTL1",0,50,"Retained"
"SYTL2",0,50,"Retained"
"SYTL4",0,50,"Retained"
"SYVN1",0,50,"Retained"
"SZRD1",0,50,"Retained"
"SZT2",0,50,"Retained"
"TAB1",0,50,"Retained"
"TAB2",0,50,"Retained"
"TACC1",0,50,"Retained"
"TACC2",0,50,"Retained"
"TACC3",0,50,"Retained"
"TACO1",0,50,"Retained"
"TACSTD2",0,50,"Retained"
"TAF15",0,50,"Retained"
"TAF2",0,50,"Retained"
"TAF4",0,50,"Retained"
"TAF5",0,50,"Retained"
"TAF6",0,50,"Retained"
"TAF7",0,50,"Retained"
"TAGLN",0,50,"Retained"
"TAGLN2",0,50,"Retained"
"TALDO1",0,50,"Retained"
"TAMM41",0,50,"Retained"
"TANC1",0,50,"Retained"
"TANC2",0,50,"Retained"
"TANGO2",0,50,"Retained"
"TANK",0,50,"Retained"
"TAOK1",0,50,"Retained"
"TAOK2",0,50,"Retained"
"TAOK3",0,50,"Retained"
"TAP1",0,50,"Retained"
"TAP2",0,50,"Retained"
"TAPBP",0,50,"Retained"
"TARDBP",0,50,"Retained"
"TARS1",0,50,"Retained"
"TARS2",0,50,"Retained"
"TARS3",0,50,"Retained"
"TASOR",0,50,"Retained"
"TATDN1",0,50,"Retained"
"TATDN3",0,50,"Retained"
"TAX1BP1",0,50,"Retained"
"TAX1BP3",0,50,"Retained"
"TBC1D1",0,50,"Retained"
"TBC1D10B",0,50,"Retained"
"TBC1D13",0,50,"Retained"
"TBC1D15",0,50,"Retained"
"TBC1D17",0,50,"Retained"
"TBC1D2",0,50,"Retained"
"TBC1D22A",0,50,"Retained"
"TBC1D23",0,50,"Retained"
"TBC1D24",0,50,"Retained"
"TBC1D2B",0,50,"Retained"
"TBC1D4",0,50,"Retained"
"TBC1D5",0,50,"Retained"
"TBC1D8B",0,50,"Retained"
"TBC1D9B",0,50,"Retained"
"TBCA",0,50,"Retained"
"TBCB",0,50,"Retained"
"TBCC",0,50,"Retained"
"TBCD",0,50,"Retained"
"TBCEL",0,50,"Retained"
"TBCK",0,50,"Retained"
"TBK1",0,50,"Retained"
"TBL1XR1",0,50,"Retained"
"TBL2",0,50,"Retained"
"TBL3",0,50,"Retained"
"TBRG4",0,50,"Retained"
"TBXAS1",0,50,"Retained"
"TCAF1",0,50,"Retained"
"TCEA1",0,50,"Retained"
"TCEA3",0,50,"Retained"
"TCEAL3",0,50,"Retained"
"TCEAL4",0,50,"Retained"
"TCEAL5",0,50,"Retained"
"TCERG1",0,50,"Retained"
"TCF20",0,50,"Retained"
"TCF25",0,50,"Retained"
"TCIRG1",0,50,"Retained"
"TCN1",0,50,"Retained"
"TCOF1",0,50,"Retained"
"TCP1",0,50,"Retained"
"TCP11L1",0,50,"Retained"
"TDRD3",0,50,"Retained"
"TDRD7",0,50,"Retained"
"TEAD3",0,50,"Retained"
"TECPR1",0,50,"Retained"
"TECPR2",0,50,"Retained"
"TECR",0,50,"Retained"
"TEFM",0,50,"Retained"
"TEP1",0,50,"Retained"
"TERF2",0,50,"Retained"
"TERF2IP",0,50,"Retained"
"TES",0,50,"Retained"
"TESC",0,50,"Retained"
"TEX10",0,50,"Retained"
"TEX2",0,50,"Retained"
"TEX264",0,50,"Retained"
"TFAM",0,50,"Retained"
"TFB2M",0,50,"Retained"
"TFCP2",0,50,"Retained"
"TFE3",0,50,"Retained"
"TFEB",0,50,"Retained"
"TFF1",0,50,"Retained"
"TFF2",0,50,"Retained"
"TFF3",0,50,"Retained"
"TFG",0,50,"Retained"
"TFIP11",0,50,"Retained"
"TFRC",0,50,"Retained"
"TGFB1",0,50,"Retained"
"TGFB1I1",0,50,"Retained"
"TGFB2",0,50,"Retained"
"TGFB3",0,50,"Retained"
"TGFBI",0,50,"Retained"
"TGFBRAP1",0,50,"Retained"
"TGM2",0,50,"Retained"
"TGOLN2",0,50,"Retained"
"THADA",0,50,"Retained"
"THBS1",0,50,"Retained"
"THBS2",0,50,"Retained"
"THBS3",0,50,"Retained"
"THBS4",0,50,"Retained"
"THEM4",0,50,"Retained"
"THEM6",0,50,"Retained"
"THEMIS2",0,50,"Retained"
"THG1L",0,50,"Retained"
"THNSL1",0,50,"Retained"
"THOC1",0,50,"Retained"
"THOC2",0,50,"Retained"
"THOC3",0,50,"Retained"
"THOC5",0,50,"Retained"
"THOC6",0,50,"Retained"
"THOC7",0,50,"Retained"
"THOP1",0,50,"Retained"
"THRAP3",0,50,"Retained"
"THSD4",0,50,"Retained"
"THTPA",0,50,"Retained"
"THUMPD1",0,50,"Retained"
"THUMPD3",0,50,"Retained"
"THY1",0,50,"Retained"
"THYN1",0,50,"Retained"
"TIA1",0,50,"Retained"
"TIAL1",0,50,"Retained"
"TIGAR",0,50,"Retained"
"TIMM10",0,50,"Retained"
"TIMM13",0,50,"Retained"
"TIMM21",0,50,"Retained"
"TIMM44",0,50,"Retained"
"TIMM50",0,50,"Retained"
"TIMM8A",0,50,"Retained"
"TIMM8B",0,50,"Retained"
"TIMM9",0,50,"Retained"
"TIMMDC1",0,50,"Retained"
"TIMP1",0,50,"Retained"
"TIMP2",0,50,"Retained"
"TIMP3",0,50,"Retained"
"TINAGL1",0,50,"Retained"
"TIPRL",0,50,"Retained"
"TJAP1",0,50,"Retained"
"TJP1",0,50,"Retained"
"TJP3",0,50,"Retained"
"TK1",0,50,"Retained"
"TK2",0,50,"Retained"
"TKFC",0,50,"Retained"
"TKT",0,50,"Retained"
"TLE3",0,50,"Retained"
"TLE5",0,50,"Retained"
"TLN1",0,50,"Retained"
"TLN2",0,50,"Retained"
"TM9SF2",0,50,"Retained"
"TM9SF3",0,50,"Retained"
"TM9SF4",0,50,"Retained"
"TMA16",0,50,"Retained"
"TMBIM1",0,50,"Retained"
"TMBIM6",0,50,"Retained"
"TMC4",0,50,"Retained"
"TMC5",0,50,"Retained"
"TMCO1",0,50,"Retained"
"TMED1",0,50,"Retained"
"TMED10",0,50,"Retained"
"TMED2",0,50,"Retained"
"TMED3",0,50,"Retained"
"TMED4",0,50,"Retained"
"TMED5",0,50,"Retained"
"TMED8",0,50,"Retained"
"TMED9",0,50,"Retained"
"TMEM106B",0,50,"Retained"
"TMEM109",0,50,"Retained"
"TMEM11",0,50,"Retained"
"TMEM115",0,50,"Retained"
"TMEM119",0,50,"Retained"
"TMEM120A",0,50,"Retained"
"TMEM126A",0,50,"Retained"
"TMEM165",0,50,"Retained"
"TMEM181",0,50,"Retained"
"TMEM192",0,50,"Retained"
"TMEM205",0,50,"Retained"
"TMEM209",0,50,"Retained"
"TMEM214",0,50,"Retained"
"TMEM238",0,50,"Retained"
"TMEM245",0,50,"Retained"
"TMEM263",0,50,"Retained"
"TMEM30A",0,50,"Retained"
"TMEM33",0,50,"Retained"
"TMEM41B",0,50,"Retained"
"TMEM43",0,50,"Retained"
"TMEM63A",0,50,"Retained"
"TMEM70",0,50,"Retained"
"TMEM87A",0,50,"Retained"
"TMEM87B",0,50,"Retained"
"TMEM97",0,50,"Retained"
"TMF1",0,50,"Retained"
"TMLHE",0,50,"Retained"
"TMOD1",0,50,"Retained"
"TMOD2",0,50,"Retained"
"TMOD3",0,50,"Retained"
"TMPO",0,50,"Retained"
"TMSB10",0,50,"Retained"
"TMSB4X",0,50,"Retained"
"TMTC3",0,50,"Retained"
"TMX1",0,50,"Retained"
"TMX2",0,50,"Retained"
"TMX3",0,50,"Retained"
"TMX4",0,50,"Retained"
"TNC",0,50,"Retained"
"TNFAIP2",0,50,"Retained"
"TNFAIP3",0,50,"Retained"
"TNFAIP6",0,50,"Retained"
"TNFAIP8",0,50,"Retained"
"TNIK",0,50,"Retained"
"TNIP1",0,50,"Retained"
"TNKS1BP1",0,50,"Retained"
"TNPO1",0,50,"Retained"
"TNPO2",0,50,"Retained"
"TNPO3",0,50,"Retained"
"TNRC6B",0,50,"Retained"
"TNS1",0,50,"Retained"
"TNS2",0,50,"Retained"
"TNS3",0,50,"Retained"
"TNXB",0,50,"Retained"
"TOLLIP",0,50,"Retained"
"TOM1",0,50,"Retained"
"TOM1L1",0,50,"Retained"
"TOM1L2",0,50,"Retained"
"TOMM22",0,50,"Retained"
"TOMM34",0,50,"Retained"
"TOMM40",0,50,"Retained"
"TOMM5",0,50,"Retained"
"TOMM70",0,50,"Retained"
"TOP1",0,50,"Retained"
"TOP2B",0,50,"Retained"
"TOP3B",0,50,"Retained"
"TOR1A",0,50,"Retained"
"TOR1AIP1",0,50,"Retained"
"TOR1AIP2",0,50,"Retained"
"TOR1B",0,50,"Retained"
"TOX4",0,50,"Retained"
"TP53BP1",0,50,"Retained"
"TP53BP2",0,50,"Retained"
"TP53I3",0,50,"Retained"
"TP53RK",0,50,"Retained"
"TPD52",0,50,"Retained"
"TPD52L1",0,50,"Retained"
"TPD52L2",0,50,"Retained"
"TPI1",0,50,"Retained"
"TPK1",0,50,"Retained"
"TPM1",0,50,"Retained"
"TPM2",0,50,"Retained"
"TPM3",0,50,"Retained"
"TPM4",0,50,"Retained"
"TPMT",0,50,"Retained"
"TPP1",0,50,"Retained"
"TPP2",0,50,"Retained"
"TPPP",0,50,"Retained"
"TPPP3",0,50,"Retained"
"TPR",0,50,"Retained"
"TPRG1L",0,50,"Retained"
"TPRKB",0,50,"Retained"
"TPRN",0,50,"Retained"
"TPST2",0,50,"Retained"
"TPT1",0,50,"Retained"
"TRA2A",0,50,"Retained"
"TRA2B",0,50,"Retained"
"TRABD",0,50,"Retained"
"TRADD",0,50,"Retained"
"TRAF2",0,50,"Retained"
"TRAF3IP3",0,50,"Retained"
"TRAF6",0,50,"Retained"
"TRAFD1",0,50,"Retained"
"TRAM1",0,50,"Retained"
"TRAP1",0,50,"Retained"
"TRAPPC1",0,50,"Retained"
"TRAPPC10",0,50,"Retained"
"TRAPPC11",0,50,"Retained"
"TRAPPC12",0,50,"Retained"
"TRAPPC13",0,50,"Retained"
"TRAPPC2L",0,50,"Retained"
"TRAPPC3",0,50,"Retained"
"TRAPPC4",0,50,"Retained"
"TRAPPC5",0,50,"Retained"
"TRAPPC6B",0,50,"Retained"
"TRAPPC8",0,50,"Retained"
"TRAPPC9",0,50,"Retained"
"TREX1",0,50,"Retained"
"TRIAP1",0,50,"Retained"
"TRIM2",0,50,"Retained"
"TRIM21",0,50,"Retained"
"TRIM22",0,50,"Retained"
"TRIM24",0,50,"Retained"
"TRIM25",0,50,"Retained"
"TRIM26",0,50,"Retained"
"TRIM28",0,50,"Retained"
"TRIM29",0,50,"Retained"
"TRIM3",0,50,"Retained"
"TRIM32",0,50,"Retained"
"TRIM33",0,50,"Retained"
"TRIM38",0,50,"Retained"
"TRIM4",0,50,"Retained"
"TRIM47",0,50,"Retained"
"TRIM5",0,50,"Retained"
"TRIM56",0,50,"Retained"
"TRIM65",0,50,"Retained"
"TRIO",0,50,"Retained"
"TRIOBP",0,50,"Retained"
"TRIP10",0,50,"Retained"
"TRIP11",0,50,"Retained"
"TRIP12",0,50,"Retained"
"TRIP4",0,50,"Retained"
"TRIP6",0,50,"Retained"
"TRIR",0,50,"Retained"
"TRMT1",0,50,"Retained"
"TRMT10C",0,50,"Retained"
"TRMT11",0,50,"Retained"
"TRMT112",0,50,"Retained"
"TRMT1L",0,50,"Retained"
"TRMT2A",0,50,"Retained"
"TRMT5",0,50,"Retained"
"TRMT6",0,50,"Retained"
"TRMT61B",0,50,"Retained"
"TRMU",0,50,"Retained"
"TRNT1",0,50,"Retained"
"TRPM4",0,50,"Retained"
"TRPT1",0,50,"Retained"
"TRRAP",0,50,"Retained"
"TRUB1",0,50,"Retained"
"TSC1",0,50,"Retained"
"TSC2",0,50,"Retained"
"TSC22D1",0,50,"Retained"
"TSC22D2",0,50,"Retained"
"TSC22D3",0,50,"Retained"
"TSC22D4",0,50,"Retained"
"TSEN34",0,50,"Retained"
"TSFM",0,50,"Retained"
"TSG101",0,50,"Retained"
"TSN",0,50,"Retained"
"TSNAX",0,50,"Retained"
"TSPAN1",0,50,"Retained"
"TSPAN13",0,50,"Retained"
"TSPAN14",0,50,"Retained"
"TSPAN15",0,50,"Retained"
"TSPAN6",0,50,"Retained"
"TSPAN8",0,50,"Retained"
"TSPAN9",0,50,"Retained"
"TSPO",0,50,"Retained"
"TSPYL5",0,50,"Retained"
"TSR1",0,50,"Retained"
"TSR2",0,50,"Retained"
"TSSC4",0,50,"Retained"
"TST",0,50,"Retained"
"TSTA3",0,50,"Retained"
"TSTD1",0,50,"Retained"
"TTC1",0,50,"Retained"
"TTC13",0,50,"Retained"
"TTC19",0,50,"Retained"
"TTC21B",0,50,"Retained"
"TTC27",0,50,"Retained"
"TTC28",0,50,"Retained"
"TTC37",0,50,"Retained"
"TTC38",0,50,"Retained"
"TTC39A",0,50,"Retained"
"TTC39B",0,50,"Retained"
"TTC39C",0,50,"Retained"
"TTC4",0,50,"Retained"
"TTC5",0,50,"Retained"
"TTC9",0,50,"Retained"
"TTC9C",0,50,"Retained"
"TTLL12",0,50,"Retained"
"TTR",0,50,"Retained"
"TTYH3",0,50,"Retained"
"TUBA1C",0,50,"Retained"
"TUBA4A",0,50,"Retained"
"TUBB",0,50,"Retained"
"TUBB1",0,50,"Retained"
"TUBB2A",0,50,"Retained"
"TUBB4B",0,50,"Retained"
"TUBB6",0,50,"Retained"
"TUBG1",0,50,"Retained"
"TUBGCP2",0,50,"Retained"
"TUBGCP3",0,50,"Retained"
"TUBGCP4",0,50,"Retained"
"TUBGCP6",0,50,"Retained"
"TUFM",0,50,"Retained"
"TUT4",0,50,"Retained"
"TUT7",0,50,"Retained"
"TWF1",0,50,"Retained"
"TWF2",0,50,"Retained"
"TWISTNB",0,50,"Retained"
"TWSG1",0,50,"Retained"
"TXLNA",0,50,"Retained"
"TXLNG",0,50,"Retained"
"TXN2",0,50,"Retained"
"TXNDC11",0,50,"Retained"
"TXNDC12",0,50,"Retained"
"TXNDC17",0,50,"Retained"
"TXNDC5",0,50,"Retained"
"TXNDC9",0,50,"Retained"
"TXNIP",0,50,"Retained"
"TXNL1",0,50,"Retained"
"TXNL4A",0,50,"Retained"
"TXNRD1",0,50,"Retained"
"TXNRD2",0,50,"Retained"
"TXNRD3",0,50,"Retained"
"TYK2",0,50,"Retained"
"TYMP",0,50,"Retained"
"U2AF2",0,50,"Retained"
"U2SURP",0,50,"Retained"
"UACA",0,50,"Retained"
"UAP1",0,50,"Retained"
"UAP1L1",0,50,"Retained"
"UBA1",0,50,"Retained"
"UBA2",0,50,"Retained"
"UBA3",0,50,"Retained"
"UBA5",0,50,"Retained"
"UBA6",0,50,"Retained"
"UBA7",0,50,"Retained"
"UBAC1",0,50,"Retained"
"UBAP1",0,50,"Retained"
"UBAP2",0,50,"Retained"
"UBAP2L",0,50,"Retained"
"UBE2G1",0,50,"Retained"
"UBE2H",0,50,"Retained"
"UBE2J1",0,50,"Retained"
"UBE2K",0,50,"Retained"
"UBE2L3",0,50,"Retained"
"UBE2L6",0,50,"Retained"
"UBE2M",0,50,"Retained"
"UBE2N",0,50,"Retained"
"UBE2O",0,50,"Retained"
"UBE2Q1",0,50,"Retained"
"UBE2R2",0,50,"Retained"
"UBE2V2",0,50,"Retained"
"UBE2Z",0,50,"Retained"
"UBE3A",0,50,"Retained"
"UBE3C",0,50,"Retained"
"UBE4A",0,50,"Retained"
"UBE4B",0,50,"Retained"
"UBFD1",0,50,"Retained"
"UBL4A",0,50,"Retained"
"UBL5",0,50,"Retained"
"UBLCP1",0,50,"Retained"
"UBP1",0,50,"Retained"
"UBQLN1",0,50,"Retained"
"UBQLN2",0,50,"Retained"
"UBQLN4",0,50,"Retained"
"UBR1",0,50,"Retained"
"UBR2",0,50,"Retained"
"UBR3",0,50,"Retained"
"UBR5",0,50,"Retained"
"UBR7",0,50,"Retained"
"UBTF",0,50,"Retained"
"UBXN1",0,50,"Retained"
"UBXN4",0,50,"Retained"
"UBXN6",0,50,"Retained"
"UBXN7",0,50,"Retained"
"UCHL1",0,50,"Retained"
"UCHL3",0,50,"Retained"
"UCHL5",0,50,"Retained"
"UCKL1",0,50,"Retained"
"UEVLD",0,50,"Retained"
"UFC1",0,50,"Retained"
"UFD1",0,50,"Retained"
"UFL1",0,50,"Retained"
"UFM1",0,50,"Retained"
"UFSP2",0,50,"Retained"
"UGDH",0,50,"Retained"
"UGGT1",0,50,"Retained"
"UGGT2",0,50,"Retained"
"UGP2",0,50,"Retained"
"UHRF1BP1",0,50,"Retained"
"UHRF1BP1L",0,50,"Retained"
"UHRF2",0,50,"Retained"
"UIMC1",0,50,"Retained"
"UMAD1",0,50,"Retained"
"UMPS",0,50,"Retained"
"UNC119B",0,50,"Retained"
"UNC13B",0,50,"Retained"
"UNC13D",0,50,"Retained"
"UNC45A",0,50,"Retained"
"UNK",0,50,"Retained"
"UPF1",0,50,"Retained"
"UPF2",0,50,"Retained"
"UPF3B",0,50,"Retained"
"UPP1",0,50,"Retained"
"UQCC1",0,50,"Retained"
"UQCC2",0,50,"Retained"
"UQCR10",0,50,"Retained"
"UQCRB",0,50,"Retained"
"UQCRC1",0,50,"Retained"
"UQCRC2",0,50,"Retained"
"UQCRFS1",0,50,"Retained"
"UQCRH",0,50,"Retained"
"UQCRQ",0,50,"Retained"
"URB1",0,50,"Retained"
"URB2",0,50,"Retained"
"URGCP",0,50,"Retained"
"URI1",0,50,"Retained"
"UROD",0,50,"Retained"
"UROS",0,50,"Retained"
"USE1",0,50,"Retained"
"USF1",0,50,"Retained"
"USO1",0,50,"Retained"
"USP10",0,50,"Retained"
"USP11",0,50,"Retained"
"USP13",0,50,"Retained"
"USP14",0,50,"Retained"
"USP15",0,50,"Retained"
"USP16",0,50,"Retained"
"USP19",0,50,"Retained"
"USP24",0,50,"Retained"
"USP25",0,50,"Retained"
"USP3",0,50,"Retained"
"USP39",0,50,"Retained"
"USP4",0,50,"Retained"
"USP40",0,50,"Retained"
"USP47",0,50,"Retained"
"USP48",0,50,"Retained"
"USP5",0,50,"Retained"
"USP6NL",0,50,"Retained"
"USP7",0,50,"Retained"
"USP8",0,50,"Retained"
"USP9X",0,50,"Retained"
"UTP11",0,50,"Retained"
"UTP14A",0,50,"Retained"
"UTP15",0,50,"Retained"
"UTP18",0,50,"Retained"
"UTP20",0,50,"Retained"
"UTP3",0,50,"Retained"
"UTP4",0,50,"Retained"
"UTRN",0,50,"Retained"
"UVRAG",0,50,"Retained"
"UXS1",0,50,"Retained"
"UXT",0,50,"Retained"
"VAC14",0,50,"Retained"
"VAMP3",0,50,"Retained"
"VAMP7",0,50,"Retained"
"VAMP8",0,50,"Retained"
"VAPA",0,50,"Retained"
"VAPB",0,50,"Retained"
"VARS1",0,50,"Retained"
"VARS2",0,50,"Retained"
"VASN",0,50,"Retained"
"VASP",0,50,"Retained"
"VAT1",0,50,"Retained"
"VAT1L",0,50,"Retained"
"VAV1",0,50,"Retained"
"VAV2",0,50,"Retained"
"VBP1",0,50,"Retained"
"VCAM1",0,50,"Retained"
"VCAN",0,50,"Retained"
"VCL",0,50,"Retained"
"VCP",0,50,"Retained"
"VCPIP1",0,50,"Retained"
"VDAC1",0,50,"Retained"
"VDAC2",0,50,"Retained"
"VDAC3",0,50,"Retained"
"VEZF1",0,50,"Retained"
"VGF",0,50,"Retained"
"VGLL4",0,50,"Retained"
"VIL1",0,50,"Retained"
"VILL",0,50,"Retained"
"VIM",0,50,"Retained"
"VIP",0,50,"Retained"
"VIPAS39",0,50,"Retained"
"VIRMA",0,50,"Retained"
"VKORC1L1",0,50,"Retained"
"VNN1",0,50,"Retained"
"VNN2",0,50,"Retained"
"VPS11",0,50,"Retained"
"VPS13A",0,50,"Retained"
"VPS13C",0,50,"Retained"
"VPS16",0,50,"Retained"
"VPS18",0,50,"Retained"
"VPS25",0,50,"Retained"
"VPS26A",0,50,"Retained"
"VPS26B",0,50,"Retained"
"VPS26C",0,50,"Retained"
"VPS28",0,50,"Retained"
"VPS29",0,50,"Retained"
"VPS35",0,50,"Retained"
"VPS35L",0,50,"Retained"
"VPS36",0,50,"Retained"
"VPS37A",0,50,"Retained"
"VPS37B",0,50,"Retained"
"VPS37C",0,50,"Retained"
"VPS39",0,50,"Retained"
"VPS41",0,50,"Retained"
"VPS45",0,50,"Retained"
"VPS4A",0,50,"Retained"
"VPS4B",0,50,"Retained"
"VPS50",0,50,"Retained"
"VPS51",0,50,"Retained"
"VPS52",0,50,"Retained"
"VPS53",0,50,"Retained"
"VPS72",0,50,"Retained"
"VPS8",0,50,"Retained"
"VRK1",0,50,"Retained"
"VRK2",0,50,"Retained"
"VSIG4",0,50,"Retained"
"VSIR",0,50,"Retained"
"VSNL1",0,50,"Retained"
"VTA1",0,50,"Retained"
"VTI1A",0,50,"Retained"
"VTI1B",0,50,"Retained"
"VTN",0,50,"Retained"
"VWA1",0,50,"Retained"
"VWA5A",0,50,"Retained"
"VWA8",0,50,"Retained"
"VWF",0,50,"Retained"
"WAC",0,50,"Retained"
"WAPL",0,50,"Retained"
"WARS1",0,50,"Retained"
"WARS2",0,50,"Retained"
"WAS",0,50,"Retained"
"WASF2",0,50,"Retained"
"WASHC1",0,50,"Retained"
"WASHC2A",0,50,"Retained"
"WASHC2C",0,50,"Retained"
"WASHC3",0,50,"Retained"
"WASHC4",0,50,"Retained"
"WASHC5",0,50,"Retained"
"WASL",0,50,"Retained"
"WBP11",0,50,"Retained"
"WBP2",0,50,"Retained"
"WBP4",0,50,"Retained"
"WDFY1",0,50,"Retained"
"WDFY3",0,50,"Retained"
"WDFY4",0,50,"Retained"
"WDR1",0,50,"Retained"
"WDR11",0,50,"Retained"
"WDR12",0,50,"Retained"
"WDR13",0,50,"Retained"
"WDR18",0,50,"Retained"
"WDR19",0,50,"Retained"
"WDR20",0,50,"Retained"
"WDR26",0,50,"Retained"
"WDR3",0,50,"Retained"
"WDR33",0,50,"Retained"
"WDR35",0,50,"Retained"
"WDR36",0,50,"Retained"
"WDR37",0,50,"Retained"
"WDR4",0,50,"Retained"
"WDR41",0,50,"Retained"
"WDR43",0,50,"Retained"
"WDR44",0,50,"Retained"
"WDR45",0,50,"Retained"
"WDR45B",0,50,"Retained"
"WDR46",0,50,"Retained"
"WDR47",0,50,"Retained"
"WDR48",0,50,"Retained"
"WDR5",0,50,"Retained"
"WDR55",0,50,"Retained"
"WDR59",0,50,"Retained"
"WDR6",0,50,"Retained"
"WDR61",0,50,"Retained"
"WDR7",0,50,"Retained"
"WDR70",0,50,"Retained"
"WDR74",0,50,"Retained"
"WDR75",0,50,"Retained"
"WDR77",0,50,"Retained"
"WDR81",0,50,"Retained"
"WDR82",0,50,"Retained"
"WDR91",0,50,"Retained"
"WDR92",0,50,"Retained"
"WFDC2",0,50,"Retained"
"WFS1",0,50,"Retained"
"WIPF1",0,50,"Retained"
"WIPF2",0,50,"Retained"
"WIPI1",0,50,"Retained"
"WIPI2",0,50,"Retained"
"WIZ",0,50,"Retained"
"WLS",0,50,"Retained"
"WNK1",0,50,"Retained"
"WNK2",0,50,"Retained"
"WRNIP1",0,50,"Retained"
"WTAP",0,50,"Retained"
"WWC3",0,50,"Retained"
"WWOX",0,50,"Retained"
"WWTR1",0,50,"Retained"
"XAB2",0,50,"Retained"
"XDH",0,50,"Retained"
"XIAP",0,50,"Retained"
"XIRP1",0,50,"Retained"
"XPC",0,50,"Retained"
"XPNPEP1",0,50,"Retained"
"XPNPEP3",0,50,"Retained"
"XPO1",0,50,"Retained"
"XPO4",0,50,"Retained"
"XPO5",0,50,"Retained"
"XPO7",0,50,"Retained"
"XPOT",0,50,"Retained"
"XRCC1",0,50,"Retained"
"XRCC4",0,50,"Retained"
"XRCC5",0,50,"Retained"
"XRCC6",0,50,"Retained"
"XRN1",0,50,"Retained"
"XRN2",0,50,"Retained"
"XYLB",0,50,"Retained"
"YAP1",0,50,"Retained"
"YARS1",0,50,"Retained"
"YARS2",0,50,"Retained"
"YBX1",0,50,"Retained"
"YBX3",0,50,"Retained"
"YEATS4",0,50,"Retained"
"YES1",0,50,"Retained"
"YIF1A",0,50,"Retained"
"YIPF3",0,50,"Retained"
"YIPF5",0,50,"Retained"
"YKT6",0,50,"Retained"
"YLPM1",0,50,"Retained"
"YME1L1",0,50,"Retained"
"YRDC",0,50,"Retained"
"YTHDC1",0,50,"Retained"
"YTHDC2",0,50,"Retained"
"YTHDF1",0,50,"Retained"
"YTHDF2",0,50,"Retained"
"YTHDF3",0,50,"Retained"
"YWHAB",0,50,"Retained"
"YWHAE",0,50,"Retained"
"YWHAG",0,50,"Retained"
"YWHAH",0,50,"Retained"
"YWHAQ",0,50,"Retained"
"YWHAZ",0,50,"Retained"
"YY1",0,50,"Retained"
"ZADH2",0,50,"Retained"
"ZAP70",0,50,"Retained"
"ZBED1",0,50,"Retained"
"ZBTB20",0,50,"Retained"
"ZBTB7A",0,50,"Retained"
"ZC2HC1A",0,50,"Retained"
"ZC3H13",0,50,"Retained"
"ZC3H14",0,50,"Retained"
"ZC3H18",0,50,"Retained"
"ZC3H4",0,50,"Retained"
"ZC3H7A",0,50,"Retained"
"ZC3H7B",0,50,"Retained"
"ZC3HAV1",0,50,"Retained"
"ZC3HAV1L",0,50,"Retained"
"ZC3HC1",0,50,"Retained"
"ZCCHC24",0,50,"Retained"
"ZCCHC3",0,50,"Retained"
"ZCCHC8",0,50,"Retained"
"ZDHHC13",0,50,"Retained"
"ZEB2",0,50,"Retained"
"ZFAND1",0,50,"Retained"
"ZFAND6",0,50,"Retained"
"ZFP36L1",0,50,"Retained"
"ZFP36L2",0,50,"Retained"
"ZFPL1",0,50,"Retained"
"ZFR",0,50,"Retained"
"ZFYVE1",0,50,"Retained"
"ZFYVE16",0,50,"Retained"
"ZFYVE19",0,50,"Retained"
"ZFYVE21",0,50,"Retained"
"ZHX2",0,50,"Retained"
"ZKSCAN1",0,50,"Retained"
"ZMAT2",0,50,"Retained"
"ZMPSTE24",0,50,"Retained"
"ZMYM2",0,50,"Retained"
"ZMYM3",0,50,"Retained"
"ZMYM4",0,50,"Retained"
"ZMYND11",0,50,"Retained"
"ZMYND8",0,50,"Retained"
"ZNF143",0,50,"Retained"
"ZNF148",0,50,"Retained"
"ZNF185",0,50,"Retained"
"ZNF207",0,50,"Retained"
"ZNF24",0,50,"Retained"
"ZNF318",0,50,"Retained"
"ZNF326",0,50,"Retained"
"ZNF330",0,50,"Retained"
"ZNF346",0,50,"Retained"
"ZNF451",0,50,"Retained"
"ZNF503",0,50,"Retained"
"ZNF512",0,50,"Retained"
"ZNF512B",0,50,"Retained"
"ZNF592",0,50,"Retained"
"ZNF598",0,50,"Retained"
"ZNF622",0,50,"Retained"
"ZNF638",0,50,"Retained"
"ZNF687",0,50,"Retained"
"ZNF703",0,50,"Retained"
"ZNF787",0,50,"Retained"
"ZNF830",0,50,"Retained"
"ZNFX1",0,50,"Retained"
"ZNRD2",0,50,"Retained"
"ZPR1",0,50,"Retained"
"ZRANB2",0,50,"Retained"
"ZSCAN18",0,50,"Retained"
"ZW10",0,50,"Retained"
"ZYG11B",0,50,"Retained"
"ZYX",0,50,"Retained"
"ZZEF1",0,50,"Retained"
